{
  "instance_id": 39021456,
  "start_date_epoch": 1780357645.6260598,
  "destroyed_at": "2026-06-01T23:56:21Z",
  "dph_total": 3.5703225806451613,
  "note": "Approximate cost uses dph_total and wall time from Vast instance start_date to this local destroy timestamp.",
  "approximate_elapsed_seconds": 534.3739402294159,
  "approximate_elapsed_minutes": 8.906232337156931,
  "approximate_cost_usd": 0.529968707030392
}
