time_ms,time_utc,coin,funding_rate,premium
1771549200190,2026-02-20T01:00:00.190+00:00,xyz:SMSN,6.25e-06,0.0001358705
1771552800054,2026-02-20T02:00:00.054+00:00,xyz:SMSN,0.0001562118,0.0027993881
1771556400118,2026-02-20T03:00:00.118+00:00,xyz:SMSN,0.000195127,0.0034220317
1771560000085,2026-02-20T04:00:00.085+00:00,xyz:SMSN,0.0001433892,0.0025942277
1771563600048,2026-02-20T05:00:00.048+00:00,xyz:SMSN,0.000235471,0.0040675367
1771567200033,2026-02-20T06:00:00.033+00:00,xyz:SMSN,0.0001471213,0.0026539401
1771570800077,2026-02-20T07:00:00.077+00:00,xyz:SMSN,-1.3776e-05,-0.0005204154
1771574400069,2026-02-20T08:00:00.069+00:00,xyz:SMSN,-2.05448e-05,-0.0006287163
1771578000018,2026-02-20T09:00:00.018+00:00,xyz:SMSN,0.0008351097,0.0136617544
1771581600018,2026-02-20T10:00:00.018+00:00,xyz:SMSN,-1.75005e-05,-0.000580008
1771585200029,2026-02-20T11:00:00.029+00:00,xyz:SMSN,6.25e-06,0.0001055246
1771588800020,2026-02-20T12:00:00.020+00:00,xyz:SMSN,6.25e-06,0.0002635957
1771592400001,2026-02-20T13:00:00.001+00:00,xyz:SMSN,6.25e-06,0.0001764029
1771596000062,2026-02-20T14:00:00.062+00:00,xyz:SMSN,6.25e-06,0.0002796155
1771599600013,2026-02-20T15:00:00.013+00:00,xyz:SMSN,2.52215e-05,0.0007035435
1771603200044,2026-02-20T16:00:00.044+00:00,xyz:SMSN,4.27474e-05,0.0009839584
1771606800002,2026-02-20T17:00:00.002+00:00,xyz:SMSN,9.36814e-05,0.0017989019
1771610400056,2026-02-20T18:00:00.056+00:00,xyz:SMSN,8.99489e-05,0.001739183
1771614000125,2026-02-20T19:00:00.125+00:00,xyz:SMSN,0.0001150743,0.0021411886
1771617600028,2026-02-20T20:00:00.028+00:00,xyz:SMSN,0.0001311643,0.0023986294
1771621200083,2026-02-20T21:00:00.083+00:00,xyz:SMSN,0.0001253981,0.0023063693
1771624800095,2026-02-20T22:00:00.095+00:00,xyz:SMSN,0.0001307968,0.0023927489
1771628400033,2026-02-20T23:00:00.033+00:00,xyz:SMSN,0.000136401,0.0024824154
1771632000011,2026-02-21T00:00:00.011+00:00,xyz:SMSN,0.0001560601,0.0027969622
1771635600131,2026-02-21T01:00:00.131+00:00,xyz:SMSN,0.000174585,0.0030933601
1771639200011,2026-02-21T02:00:00.011+00:00,xyz:SMSN,0.0002308617,0.0039937865
1771642800063,2026-02-21T03:00:00.063+00:00,xyz:SMSN,0.0001631717,0.0029107464
1771646400080,2026-02-21T04:00:00.080+00:00,xyz:SMSN,0.0001286675,0.0023586798
1771650000080,2026-02-21T05:00:00.080+00:00,xyz:SMSN,0.0001441007,0.0026056106
1771653600034,2026-02-21T06:00:00.034+00:00,xyz:SMSN,0.0001646442,0.0029343069
1771657200068,2026-02-21T07:00:00.068+00:00,xyz:SMSN,0.0001679731,0.0029875692
1771660800035,2026-02-21T08:00:00.035+00:00,xyz:SMSN,0.0001386134,0.0025178152
1771664400020,2026-02-21T09:00:00.020+00:00,xyz:SMSN,0.0001021679,0.0019346856
1771668000068,2026-02-21T10:00:00.068+00:00,xyz:SMSN,5.55128e-05,0.0011882048
1771671600028,2026-02-21T11:00:00.028+00:00,xyz:SMSN,6.00196e-05,0.001260314
1771675200071,2026-02-21T12:00:00.071+00:00,xyz:SMSN,5.06621e-05,0.0011105938
1771678800019,2026-02-21T13:00:00.019+00:00,xyz:SMSN,3.99295e-05,0.0009388715
1771682400000,2026-02-21T14:00:00.000+00:00,xyz:SMSN,3.48734e-05,0.0008579741
1771686000011,2026-02-21T15:00:00.011+00:00,xyz:SMSN,3.57779e-05,0.0008724471
1771689600010,2026-02-21T16:00:00.010+00:00,xyz:SMSN,5.30555e-05,0.0011488873
1771693200060,2026-02-21T17:00:00.060+00:00,xyz:SMSN,5.76416e-05,0.0012222661
1771696800086,2026-02-21T18:00:00.086+00:00,xyz:SMSN,6.80318e-05,0.0013885083
1771700400111,2026-02-21T19:00:00.111+00:00,xyz:SMSN,3.19428e-05,0.0008110844
1771704000048,2026-02-21T20:00:00.048+00:00,xyz:SMSN,2.03863e-05,0.0006261804
1771707600024,2026-02-21T21:00:00.024+00:00,xyz:SMSN,2.86187e-05,0.0007578999
1771711200037,2026-02-21T22:00:00.037+00:00,xyz:SMSN,1.05168e-05,0.0004682688
1771714800054,2026-02-21T23:00:00.054+00:00,xyz:SMSN,6.25e-06,-0.0001433519
1771718400015,2026-02-22T00:00:00.015+00:00,xyz:SMSN,-2.3892e-05,-0.0006822726
1771722000084,2026-02-22T01:00:00.084+00:00,xyz:SMSN,-2.89966e-05,-0.0007639462
1771725600046,2026-02-22T02:00:00.046+00:00,xyz:SMSN,-1.88884e-05,-0.000602215
1771729200056,2026-02-22T03:00:00.056+00:00,xyz:SMSN,-1.13703e-05,-0.0004819253
1771732800066,2026-02-22T04:00:00.066+00:00,xyz:SMSN,1.8121e-06,-0.0002710064
1771736400123,2026-02-22T05:00:00.123+00:00,xyz:SMSN,6.25e-06,-0.000196933
1771740000012,2026-02-22T06:00:00.012+00:00,xyz:SMSN,6.25e-06,-0.0001287188
1771743600039,2026-02-22T07:00:00.039+00:00,xyz:SMSN,6.25e-06,-4.91459e-05
1771747200009,2026-02-22T08:00:00.009+00:00,xyz:SMSN,6.25e-06,0.0002602003
1771750800017,2026-02-22T09:00:00.017+00:00,xyz:SMSN,7.7217e-05,0.0015354725
1771754400091,2026-02-22T10:00:00.091+00:00,xyz:SMSN,0.0001312461,0.0023999375
1771758000056,2026-02-22T11:00:00.056+00:00,xyz:SMSN,0.0002224389,0.0038590225
1771761600075,2026-02-22T12:00:00.075+00:00,xyz:SMSN,0.0001822347,0.0032157553
1771765200038,2026-02-22T13:00:00.038+00:00,xyz:SMSN,0.000271257,0.0046401124
1771768800048,2026-02-22T14:00:00.048+00:00,xyz:SMSN,0.0002726748,0.0046627968
1771772400114,2026-02-22T15:00:00.114+00:00,xyz:SMSN,0.0001927521,0.0033840334
1771776000015,2026-02-22T16:00:00.015+00:00,xyz:SMSN,0.0001055662,0.0019890598
1771779600036,2026-02-22T17:00:00.036+00:00,xyz:SMSN,9.54123e-05,0.0018265969
1771783200075,2026-02-22T18:00:00.075+00:00,xyz:SMSN,6.2418e-05,0.001298688
1771786800006,2026-02-22T19:00:00.006+00:00,xyz:SMSN,7.40989e-05,0.0014855828
1771790400029,2026-02-22T20:00:00.029+00:00,xyz:SMSN,5.43181e-05,0.00116909
1771794000000,2026-02-22T21:00:00.000+00:00,xyz:SMSN,5.86725e-05,0.0012387598
1771797600023,2026-02-22T22:00:00.023+00:00,xyz:SMSN,6.95269e-05,0.0014124301
1771801200093,2026-02-22T23:00:00.093+00:00,xyz:SMSN,9.50148e-05,0.0018202362
1771804800016,2026-02-23T00:00:00.016+00:00,xyz:SMSN,9.58826e-05,0.0018341224
1771808400004,2026-02-23T01:00:00.004+00:00,xyz:SMSN,4.67539e-05,0.0010480628
1771812000025,2026-02-23T02:00:00.025+00:00,xyz:SMSN,6.96411e-05,0.0014142571
1771815600025,2026-02-23T03:00:00.025+00:00,xyz:SMSN,6.25e-06,0.0002405116
1771819200028,2026-02-23T04:00:00.028+00:00,xyz:SMSN,0.0002400708,0.0041411326
1771822800010,2026-02-23T05:00:00.010+00:00,xyz:SMSN,0.0001201293,0.0022220681
1771826400078,2026-02-23T06:00:00.078+00:00,xyz:SMSN,2.30494e-05,0.000668791
1771830000058,2026-02-23T07:00:00.058+00:00,xyz:SMSN,-3.87758e-05,-0.0009204135
1771833600004,2026-02-23T08:00:00.004+00:00,xyz:SMSN,-6.46241e-05,-0.0013339855
1771837200103,2026-02-23T09:00:00.103+00:00,xyz:SMSN,0.0001365304,0.0024844872
1771840800012,2026-02-23T10:00:00.012+00:00,xyz:SMSN,6.25e-06,0.000317521
1771844400010,2026-02-23T11:00:00.010+00:00,xyz:SMSN,6.25e-06,-7.33852e-05
1771848000004,2026-02-23T12:00:00.004+00:00,xyz:SMSN,6.25e-06,0.0003371568
1771851600080,2026-02-23T13:00:00.080+00:00,xyz:SMSN,2.53196e-05,0.0007051139
1771855200028,2026-02-23T14:00:00.028+00:00,xyz:SMSN,-6.97339e-05,-0.0014157428
1771858800059,2026-02-23T15:00:00.059+00:00,xyz:SMSN,-0.0001479538,-0.0026672612
1771862400045,2026-02-23T16:00:00.045+00:00,xyz:SMSN,-0.0001854447,-0.0032671157
1771866000042,2026-02-23T17:00:00.042+00:00,xyz:SMSN,-0.000360783,-0.0060725272
1771869600076,2026-02-23T18:00:00.076+00:00,xyz:SMSN,-0.0002078787,-0.0036260599
1771873200053,2026-02-23T19:00:00.053+00:00,xyz:SMSN,-0.0001821576,-0.0032145223
1771876800017,2026-02-23T20:00:00.017+00:00,xyz:SMSN,-0.0001742705,-0.0030883283
1771880400054,2026-02-23T21:00:00.054+00:00,xyz:SMSN,-0.000171689,-0.0030470245
1771884000029,2026-02-23T22:00:00.029+00:00,xyz:SMSN,-0.0001742245,-0.0030875912
1771887600037,2026-02-23T23:00:00.037+00:00,xyz:SMSN,-0.0001097467,-0.0020559468
1771891200048,2026-02-24T00:00:00.048+00:00,xyz:SMSN,-0.0001028164,-0.0019450617
1771894800134,2026-02-24T01:00:00.134+00:00,xyz:SMSN,-7.16183e-05,-0.0014458923
1771898400050,2026-02-24T02:00:00.050+00:00,xyz:SMSN,-0.0001456241,-0.0026299852
1771902000046,2026-02-24T03:00:00.046+00:00,xyz:SMSN,8.02517e-05,0.0015840267
1771905600015,2026-02-24T04:00:00.015+00:00,xyz:SMSN,0.0001080862,0.0020293784
1771909200026,2026-02-24T05:00:00.026+00:00,xyz:SMSN,0.0001794995,0.0031719925
1771912800085,2026-02-24T06:00:00.085+00:00,xyz:SMSN,7.51365e-05,0.0015021844
1771916400076,2026-02-24T07:00:00.076+00:00,xyz:SMSN,4.0811e-05,0.0009529757
1771920000022,2026-02-24T08:00:00.022+00:00,xyz:SMSN,0.0002934166,0.0049946663
1771923600048,2026-02-24T09:00:00.048+00:00,xyz:SMSN,0.0004513257,0.0075212112
1771927200044,2026-02-24T10:00:00.044+00:00,xyz:SMSN,0.0002903782,0.0049460515
1771930800020,2026-02-24T11:00:00.020+00:00,xyz:SMSN,0.0001963121,0.0034409937
1771934400025,2026-02-24T12:00:00.025+00:00,xyz:SMSN,0.0008039456,0.0131631293
1771938000047,2026-02-24T13:00:00.047+00:00,xyz:SMSN,0.0005108137,0.0084730185
1771941600060,2026-02-24T14:00:00.060+00:00,xyz:SMSN,0.0004442329,0.0074077267
1771945200057,2026-02-24T15:00:00.057+00:00,xyz:SMSN,9.4036e-06,0.0004504578
1771948800005,2026-02-24T16:00:00.005+00:00,xyz:SMSN,0.0003555923,0.0059894775
1771952400049,2026-02-24T17:00:00.049+00:00,xyz:SMSN,0.0001764604,0.0031233663
1771956000022,2026-02-24T18:00:00.022+00:00,xyz:SMSN,0.0002547765,0.0043764236
1771959600066,2026-02-24T19:00:00.066+00:00,xyz:SMSN,0.000389539,0.0065326247
1771963200026,2026-02-24T20:00:00.026+00:00,xyz:SMSN,0.0001960529,0.003436846
1771966800002,2026-02-24T21:00:00.002+00:00,xyz:SMSN,8.13596e-05,0.0016017537
1771970400030,2026-02-24T22:00:00.030+00:00,xyz:SMSN,0.0001080799,0.0020292777
1771974000078,2026-02-24T23:00:00.078+00:00,xyz:SMSN,-0.0003841542,-0.0064464674
1771977600014,2026-02-25T00:00:00.014+00:00,xyz:SMSN,-0.0002772645,-0.0047362317
1771981200032,2026-02-25T01:00:00.032+00:00,xyz:SMSN,0.0004563429,0.0076014865
1771984800039,2026-02-25T02:00:00.039+00:00,xyz:SMSN,0.0001275716,0.0023411451
1771988400030,2026-02-25T03:00:00.030+00:00,xyz:SMSN,-4.97638e-05,-0.0010962204
1771992000056,2026-02-25T04:00:00.056+00:00,xyz:SMSN,2.87915e-05,0.0007606643
1771995600028,2026-02-25T05:00:00.028+00:00,xyz:SMSN,-3.25721e-05,-0.0008211542
1771999200061,2026-02-25T06:00:00.061+00:00,xyz:SMSN,6.54489e-05,0.0013471827
1772002800000,2026-02-25T07:00:00.000+00:00,xyz:SMSN,-9.146e-07,-0.0003146344
1772006400037,2026-02-25T08:00:00.037+00:00,xyz:SMSN,4.26706e-05,0.0009827304
1772010000060,2026-02-25T09:00:00.060+00:00,xyz:SMSN,0.000101886,0.0019301756
1772013600029,2026-02-25T10:00:00.029+00:00,xyz:SMSN,2.23534e-05,0.0006576536
1772017200055,2026-02-25T11:00:00.055+00:00,xyz:SMSN,-2.20504e-05,-0.0006528059
1772020800008,2026-02-25T12:00:00.008+00:00,xyz:SMSN,0.000407713,0.0068234078
1772024400008,2026-02-25T13:00:00.008+00:00,xyz:SMSN,0.0002833774,0.0048340379
1772028000023,2026-02-25T14:00:00.023+00:00,xyz:SMSN,0.0002511984,0.0043191749
1772031600051,2026-02-25T15:00:00.051+00:00,xyz:SMSN,0.0001888352,0.0033213629
1772035200012,2026-02-25T16:00:00.012+00:00,xyz:SMSN,7.42822e-05,0.001488515
1772038800075,2026-02-25T17:00:00.075+00:00,xyz:SMSN,0.0001177405,0.0021838487
1772042400088,2026-02-25T18:00:00.088+00:00,xyz:SMSN,0.000385059,0.0064609444
1772046000128,2026-02-25T19:00:00.128+00:00,xyz:SMSN,0.0008360192,0.013676308
1772049600055,2026-02-25T20:00:00.055+00:00,xyz:SMSN,0.0005804868,0.0095877889
1772053200015,2026-02-25T21:00:00.015+00:00,xyz:SMSN,0.0001514739,0.0027235829
1772056800000,2026-02-25T22:00:00.000+00:00,xyz:SMSN,0.0005194154,0.0086106458
1772060400045,2026-02-25T23:00:00.045+00:00,xyz:SMSN,0.0006117385,0.0100878168
1772064000036,2026-02-26T00:00:00.036+00:00,xyz:SMSN,0.0010656771,0.0173508336
1772067600091,2026-02-26T01:00:00.091+00:00,xyz:SMSN,7.39846e-05,0.0014837544
1772071200018,2026-02-26T02:00:00.018+00:00,xyz:SMSN,0.0002279082,0.0039465307
1772074800060,2026-02-26T03:00:00.060+00:00,xyz:SMSN,0.0001005397,0.001908636
1772078400013,2026-02-26T04:00:00.013+00:00,xyz:SMSN,0.0001060055,0.0019960887
1772082000058,2026-02-26T05:00:00.058+00:00,xyz:SMSN,0.0002461429,0.0042382871
1772085600099,2026-02-26T06:00:00.099+00:00,xyz:SMSN,0.0002351276,0.0040620421
1772089200021,2026-02-26T07:00:00.021+00:00,xyz:SMSN,0.0001598261,0.0028572178
1772092800072,2026-02-26T08:00:00.072+00:00,xyz:SMSN,6.25e-06,0.0003497503
1772096400076,2026-02-26T09:00:00.076+00:00,xyz:SMSN,0.0004501126,0.0075018015
1772100000108,2026-02-26T10:00:00.108+00:00,xyz:SMSN,6.25e-06,-0.0001268516
1772103600073,2026-02-26T11:00:00.073+00:00,xyz:SMSN,-0.0004995709,-0.0082931349
1772107200041,2026-02-26T12:00:00.041+00:00,xyz:SMSN,0.0006599079,0.0108585259
1772110800051,2026-02-26T13:00:00.051+00:00,xyz:SMSN,0.0001038351,0.001961361
1772114400019,2026-02-26T14:00:00.019+00:00,xyz:SMSN,8.08179e-05,0.0015930866
1772118000033,2026-02-26T15:00:00.033+00:00,xyz:SMSN,4.20151e-05,0.0009722413
1772121600028,2026-02-26T16:00:00.028+00:00,xyz:SMSN,-0.0013434526,-0.0217952414
1772125200027,2026-02-26T17:00:00.027+00:00,xyz:SMSN,-0.0008860926,-0.0144774823
1772128800023,2026-02-26T18:00:00.023+00:00,xyz:SMSN,-0.0008011692,-0.0131187068
1772132400009,2026-02-26T19:00:00.009+00:00,xyz:SMSN,-0.0007424338,-0.012178941
1772136000035,2026-02-26T20:00:00.035+00:00,xyz:SMSN,-0.0001758499,-0.0031135978
1772139600019,2026-02-26T21:00:00.019+00:00,xyz:SMSN,-3.51336e-05,-0.0008621382
1772143200019,2026-02-26T22:00:00.019+00:00,xyz:SMSN,-2.61538e-05,-0.0007184607
1772146800054,2026-02-26T23:00:00.054+00:00,xyz:SMSN,-0.000130383,-0.0023861277
1772150400001,2026-02-27T00:00:00.001+00:00,xyz:SMSN,0.0002144854,0.0037317658
1772154000078,2026-02-27T01:00:00.078+00:00,xyz:SMSN,0.0001350275,0.0024604395
1772157600016,2026-02-27T02:00:00.016+00:00,xyz:SMSN,0.0002029813,0.0035477014
1772161200116,2026-02-27T03:00:00.116+00:00,xyz:SMSN,0.0001349886,0.0024598176
1772164800057,2026-02-27T04:00:00.057+00:00,xyz:SMSN,0.0001627233,0.0029035721
1772168400058,2026-02-27T05:00:00.058+00:00,xyz:SMSN,0.0001621584,0.0028945338
1772172000053,2026-02-27T06:00:00.053+00:00,xyz:SMSN,0.0001118589,0.0020897425
1772175600067,2026-02-27T07:00:00.067+00:00,xyz:SMSN,0.0002935397,0.0049966349
1772179200017,2026-02-27T08:00:00.017+00:00,xyz:SMSN,0.0002654984,0.0045479746
1772182800026,2026-02-27T09:00:00.026+00:00,xyz:SMSN,0.000174095,0.00308552
1772186400074,2026-02-27T10:00:00.074+00:00,xyz:SMSN,0.0004856228,0.0080699656
1772190000078,2026-02-27T11:00:00.078+00:00,xyz:SMSN,0.0006057477,0.009991963
1772193600028,2026-02-27T12:00:00.028+00:00,xyz:SMSN,0.000232537,0.0040205926
1772197200020,2026-02-27T13:00:00.020+00:00,xyz:SMSN,5.8556e-05,0.001236896
1772200800036,2026-02-27T14:00:00.036+00:00,xyz:SMSN,-2.32179e-05,-0.0006714868
1772204400054,2026-02-27T15:00:00.054+00:00,xyz:SMSN,-3.37108e-05,-0.0008393728
1772208000132,2026-02-27T16:00:00.132+00:00,xyz:SMSN,6.25e-06,5.1447e-06
1772211600041,2026-02-27T17:00:00.041+00:00,xyz:SMSN,5.7747e-06,-0.0002076043
1772215200037,2026-02-27T18:00:00.037+00:00,xyz:SMSN,5.20811e-05,0.001133298
1772218800012,2026-02-27T19:00:00.012+00:00,xyz:SMSN,-1.09618e-05,-0.0004753887
1772222400028,2026-02-27T20:00:00.028+00:00,xyz:SMSN,-9.89236e-05,-0.0018827769
1772226000037,2026-02-27T21:00:00.037+00:00,xyz:SMSN,-0.000143709,-0.0025993439
1772229600023,2026-02-27T22:00:00.023+00:00,xyz:SMSN,-0.0001692543,-0.0030080689
1772233200014,2026-02-27T23:00:00.014+00:00,xyz:SMSN,-0.0001270143,-0.0023322288
1772236800086,2026-02-28T00:00:00.086+00:00,xyz:SMSN,-0.0001617286,-0.0028876582
1772240400090,2026-02-28T01:00:00.090+00:00,xyz:SMSN,-0.0001478872,-0.0026661959
1772244000058,2026-02-28T02:00:00.058+00:00,xyz:SMSN,-0.0001320726,-0.0024131623
1772247600012,2026-02-28T03:00:00.012+00:00,xyz:SMSN,3.95239e-05,0.000932383
1772251200088,2026-02-28T04:00:00.088+00:00,xyz:SMSN,1.6516e-06,-0.0002735739
1772254800063,2026-02-28T05:00:00.063+00:00,xyz:SMSN,-0.0011643892,-0.0189302279
1772258400065,2026-02-28T06:00:00.065+00:00,xyz:SMSN,-0.0005716196,-0.0094459134
1772262000026,2026-02-28T07:00:00.026+00:00,xyz:SMSN,-0.0002174919,-0.0037798709
1772265600028,2026-02-28T08:00:00.028+00:00,xyz:SMSN,-0.0011891533,-0.0193264533
1772269200012,2026-02-28T09:00:00.012+00:00,xyz:SMSN,-0.0011939194,-0.0194027104
1772272800008,2026-02-28T10:00:00.008+00:00,xyz:SMSN,-0.0007412392,-0.0121598278
1772276400008,2026-02-28T11:00:00.008+00:00,xyz:SMSN,-0.0006517328,-0.0107277244
1772280000032,2026-02-28T12:00:00.032+00:00,xyz:SMSN,-0.0001693,-0.0030088002
1772283600035,2026-02-28T13:00:00.035+00:00,xyz:SMSN,1.12063e-05,0.0004793
1772287200033,2026-02-28T14:00:00.033+00:00,xyz:SMSN,0.0001852849,0.003264559
1772290800021,2026-02-28T15:00:00.021+00:00,xyz:SMSN,0.0005057602,0.0083921624
1772294400041,2026-02-28T16:00:00.041+00:00,xyz:SMSN,0.0004022834,0.0067365344
1772298000025,2026-02-28T17:00:00.025+00:00,xyz:SMSN,0.0003731588,0.0062705408
1772301600015,2026-02-28T18:00:00.015+00:00,xyz:SMSN,0.0007809409,0.012795054
1772305200074,2026-02-28T19:00:00.074+00:00,xyz:SMSN,0.0005789573,0.009563316
1772308800039,2026-02-28T20:00:00.039+00:00,xyz:SMSN,0.0005655947,0.0093495154
1772312400041,2026-02-28T21:00:00.041+00:00,xyz:SMSN,-0.0004458504,-0.0074336063
1772316000035,2026-02-28T22:00:00.035+00:00,xyz:SMSN,-0.0014092975,-0.0228487606
1772319600066,2026-02-28T23:00:00.066+00:00,xyz:SMSN,-0.0005409584,-0.0089553352
1772323200168,2026-03-01T00:00:00.168+00:00,xyz:SMSN,-0.0002732554,-0.0046720857
1772326800024,2026-03-01T01:00:00.024+00:00,xyz:SMSN,-0.0002098502,-0.0036576038
1772330400052,2026-03-01T02:00:00.052+00:00,xyz:SMSN,-0.000197412,-0.0034585922
1772334000074,2026-03-01T03:00:00.074+00:00,xyz:SMSN,-8.77323e-05,-0.0017037165
1772337600034,2026-03-01T04:00:00.034+00:00,xyz:SMSN,6.28258e-05,0.0013052135
1772341200052,2026-03-01T05:00:00.052+00:00,xyz:SMSN,6.25e-06,9.18557e-05
1772344800071,2026-03-01T06:00:00.071+00:00,xyz:SMSN,-0.0001746776,-0.003094841
1772348400018,2026-03-01T07:00:00.018+00:00,xyz:SMSN,-3.5459e-05,-0.0008673444
1772352000093,2026-03-01T08:00:00.093+00:00,xyz:SMSN,0.0003576809,0.0060228947
1772355600017,2026-03-01T09:00:00.017+00:00,xyz:SMSN,0.0003653114,0.0061449816
1772359200018,2026-03-01T10:00:00.018+00:00,xyz:SMSN,0.0001054685,0.0019874957
1772362800017,2026-03-01T11:00:00.017+00:00,xyz:SMSN,0.0001829181,0.0032266903
1772366400039,2026-03-01T12:00:00.039+00:00,xyz:SMSN,3.82452e-05,0.0009119226
1772370000054,2026-03-01T13:00:00.054+00:00,xyz:SMSN,0.0004264765,0.0071236235
1772373600029,2026-03-01T14:00:00.029+00:00,xyz:SMSN,0.0003964158,0.0066426532
1772377200027,2026-03-01T15:00:00.027+00:00,xyz:SMSN,-0.0001350141,-0.0024602258
1772380800018,2026-03-01T16:00:00.018+00:00,xyz:SMSN,-0.0001518022,-0.0027288354
1772384400120,2026-03-01T17:00:00.120+00:00,xyz:SMSN,-0.0001385558,-0.0025168922
1772388000070,2026-03-01T18:00:00.070+00:00,xyz:SMSN,-0.0001807753,-0.0031924042
1772391600062,2026-03-01T19:00:00.062+00:00,xyz:SMSN,-0.0001849847,-0.0032597555
1772395200026,2026-03-01T20:00:00.026+00:00,xyz:SMSN,-0.0001828495,-0.0032255913
1772398800065,2026-03-01T21:00:00.065+00:00,xyz:SMSN,-0.0002076482,-0.0036223715
1772402400085,2026-03-01T22:00:00.085+00:00,xyz:SMSN,-0.0002572587,-0.0044161398
1772406000005,2026-03-01T23:00:00.005+00:00,xyz:SMSN,-0.0001045776,-0.0019732409
1772409600044,2026-03-02T00:00:00.044+00:00,xyz:SMSN,-5.76249e-05,-0.0012219981
1772413200048,2026-03-02T01:00:00.048+00:00,xyz:SMSN,-5.82911e-05,-0.0012326584
1772416800044,2026-03-02T02:00:00.044+00:00,xyz:SMSN,-3.15021e-05,-0.0008040343
1772420400063,2026-03-02T03:00:00.063+00:00,xyz:SMSN,6.25e-06,0.0003440341
1772424000048,2026-03-02T04:00:00.048+00:00,xyz:SMSN,-0.0001409223,-0.0025547571
1772427600071,2026-03-02T05:00:00.071+00:00,xyz:SMSN,6.25e-06,0.0001541628
1772431200062,2026-03-02T06:00:00.062+00:00,xyz:SMSN,9.68634e-05,0.0018498142
1772434800054,2026-03-02T07:00:00.054+00:00,xyz:SMSN,7.61976e-05,0.0015191612
1772438400003,2026-03-02T08:00:00.003+00:00,xyz:SMSN,-0.000111974,-0.0020915833
1772442000091,2026-03-02T09:00:00.091+00:00,xyz:SMSN,-0.0006688116,-0.0110009858
1772445600007,2026-03-02T10:00:00.007+00:00,xyz:SMSN,-7.635e-07,-0.0003122155
1772449200019,2026-03-02T11:00:00.019+00:00,xyz:SMSN,-0.0003673702,-0.006177924
1772452800016,2026-03-02T12:00:00.016+00:00,xyz:SMSN,0.0008025554,0.013140886
1772456400034,2026-03-02T13:00:00.034+00:00,xyz:SMSN,0.0007867123,0.0128873975
1772460000035,2026-03-02T14:00:00.035+00:00,xyz:SMSN,0.0002912426,0.004959882
1772463600070,2026-03-02T15:00:00.070+00:00,xyz:SMSN,6.25e-06,0.0002390987
1772467200053,2026-03-02T16:00:00.053+00:00,xyz:SMSN,0.0003397104,0.0057353665
1772470800086,2026-03-02T17:00:00.086+00:00,xyz:SMSN,0.0001472193,0.0026555092
1772474400025,2026-03-02T18:00:00.025+00:00,xyz:SMSN,0.0002299396,0.0039790339
1772478000044,2026-03-02T19:00:00.044+00:00,xyz:SMSN,0.0001700857,0.0030213706
1772481600120,2026-03-02T20:00:00.120+00:00,xyz:SMSN,0.0003826285,0.0064220565
1772485200038,2026-03-02T21:00:00.038+00:00,xyz:SMSN,-0.000589366,-0.0097298568
1772488800033,2026-03-02T22:00:00.033+00:00,xyz:SMSN,-0.0004692681,-0.0078082901
1772492400068,2026-03-02T23:00:00.068+00:00,xyz:SMSN,-0.0002602634,-0.0044642139
1772496000062,2026-03-03T00:00:00.062+00:00,xyz:SMSN,0.0002323925,0.0040182807
1772499600052,2026-03-03T01:00:00.052+00:00,xyz:SMSN,0.0003104283,0.0052668523
1772503200011,2026-03-03T02:00:00.011+00:00,xyz:SMSN,0.0003108673,0.0052738769
1772506800058,2026-03-03T03:00:00.058+00:00,xyz:SMSN,0.0003676056,0.0061816899
1772510400010,2026-03-03T04:00:00.010+00:00,xyz:SMSN,-9.34625e-05,-0.0017954
1772514000074,2026-03-03T05:00:00.074+00:00,xyz:SMSN,7.24212e-05,0.0014587397
1772517600050,2026-03-03T06:00:00.050+00:00,xyz:SMSN,6.54407e-05,0.0013470505
1772521200069,2026-03-03T07:00:00.069+00:00,xyz:SMSN,1.66931e-05,0.0005670894
1772524800009,2026-03-03T08:00:00.009+00:00,xyz:SMSN,0.0001955864,0.0034293823
1772528400114,2026-03-03T09:00:00.114+00:00,xyz:SMSN,0.0004491762,0.0074868192
1772532000046,2026-03-03T10:00:00.046+00:00,xyz:SMSN,-7.48994e-05,-0.0014983896
1772535600006,2026-03-03T11:00:00.006+00:00,xyz:SMSN,4.56535e-05,0.0010304555
1772539200013,2026-03-03T12:00:00.013+00:00,xyz:SMSN,0.0007491197,0.0122859153
1772542800012,2026-03-03T13:00:00.012+00:00,xyz:SMSN,0.0008451603,0.0138225651
1772546400039,2026-03-03T14:00:00.039+00:00,xyz:SMSN,0.0003675962,0.0061815392
1772550000007,2026-03-03T15:00:00.007+00:00,xyz:SMSN,0.0002239908,0.0038838522
1772553600004,2026-03-03T16:00:00.004+00:00,xyz:SMSN,-0.000353282,-0.0059525117
1772557200041,2026-03-03T17:00:00.041+00:00,xyz:SMSN,0.0003401189,0.005741903
1772560800015,2026-03-03T18:00:00.015+00:00,xyz:SMSN,0.000608388,0.0100342083
1772564400049,2026-03-03T19:00:00.049+00:00,xyz:SMSN,0.0004811573,0.0079985171
1772568000007,2026-03-03T20:00:00.007+00:00,xyz:SMSN,6.25e-06,-9.1573e-06
1772571600014,2026-03-03T21:00:00.014+00:00,xyz:SMSN,0.0007273523,0.011937637
1772575200070,2026-03-03T22:00:00.070+00:00,xyz:SMSN,0.0006792139,0.0111674224
1772578800016,2026-03-03T23:00:00.016+00:00,xyz:SMSN,0.0004188434,0.0070014943
1772582400034,2026-03-04T00:00:00.034+00:00,xyz:SMSN,0.0003853812,0.0064660996
1772586000049,2026-03-04T01:00:00.049+00:00,xyz:SMSN,6.77517e-05,0.0013840272
1772589600060,2026-03-04T02:00:00.060+00:00,xyz:SMSN,0.0001504663,0.0027074611
1772593200052,2026-03-04T03:00:00.052+00:00,xyz:SMSN,-8.07868e-05,-0.0015925881
1772596800001,2026-03-04T04:00:00.001+00:00,xyz:SMSN,0.0004254952,0.0071079235
1772600400064,2026-03-04T05:00:00.064+00:00,xyz:SMSN,0.000849177,0.0138868321
1772604000079,2026-03-04T06:00:00.079+00:00,xyz:SMSN,0.0011437446,0.0185999135
1772607600095,2026-03-04T07:00:00.095+00:00,xyz:SMSN,0.0010585721,0.0172371543
1772611200047,2026-03-04T08:00:00.047+00:00,xyz:SMSN,0.0008176785,0.0133828563
1772614800010,2026-03-04T09:00:00.010+00:00,xyz:SMSN,0.0010590777,0.0172452436
1772618400069,2026-03-04T10:00:00.069+00:00,xyz:SMSN,0.0006045757,0.0099732112
1772622000024,2026-03-04T11:00:00.024+00:00,xyz:SMSN,0.0003400405,0.0057406487
1772625600133,2026-03-04T12:00:00.133+00:00,xyz:SMSN,0.0006493781,0.01069005
1772629200019,2026-03-04T13:00:00.019+00:00,xyz:SMSN,0.0004425987,0.0073815793
1772632800036,2026-03-04T14:00:00.036+00:00,xyz:SMSN,0.0001301341,0.0023821463
1772636400023,2026-03-04T15:00:00.023+00:00,xyz:SMSN,0.0005981018,0.0098696294
1772640000011,2026-03-04T16:00:00.011+00:00,xyz:SMSN,0.0014167196,0.022967513
1772643600095,2026-03-04T17:00:00.095+00:00,xyz:SMSN,0.0008609521,0.0140752342
1772647200092,2026-03-04T18:00:00.092+00:00,xyz:SMSN,0.0005315951,0.0088055219
1772650800093,2026-03-04T19:00:00.093+00:00,xyz:SMSN,0.0005042529,0.0083680472
1772654400047,2026-03-04T20:00:00.047+00:00,xyz:SMSN,0.0004000933,0.0067014933
1772658000048,2026-03-04T21:00:00.048+00:00,xyz:SMSN,6.25e-06,4.0872e-06
1772661600024,2026-03-04T22:00:00.024+00:00,xyz:SMSN,-1.54468e-05,-0.0005471491
1772665200045,2026-03-04T23:00:00.045+00:00,xyz:SMSN,0.0012685532,0.0205968506
1772668800022,2026-03-05T00:00:00.022+00:00,xyz:SMSN,0.0002881524,0.0049104387
1772672400018,2026-03-05T01:00:00.018+00:00,xyz:SMSN,-1.5601e-06,-0.0003249624
1772676000139,2026-03-05T02:00:00.139+00:00,xyz:SMSN,-2.0679e-05,-0.0006308639
1772679600019,2026-03-05T03:00:00.019+00:00,xyz:SMSN,-1.94494e-05,-0.00061119
1772683200027,2026-03-05T04:00:00.027+00:00,xyz:SMSN,9.49705e-05,0.0018195275
1772686800001,2026-03-05T05:00:00.001+00:00,xyz:SMSN,5.53556e-05,0.0011856899
1772690400037,2026-03-05T06:00:00.037+00:00,xyz:SMSN,0.0001017874,0.0019285988
1772694000091,2026-03-05T07:00:00.091+00:00,xyz:SMSN,0.0001141831,0.0021269289
1772697600033,2026-03-05T08:00:00.033+00:00,xyz:SMSN,0.0005134179,0.0085146869
1772701200063,2026-03-05T09:00:00.063+00:00,xyz:SMSN,0.0002955564,0.0050289025
1772704800091,2026-03-05T10:00:00.091+00:00,xyz:SMSN,0.000157172,0.0028147515
1772708400017,2026-03-05T11:00:00.017+00:00,xyz:SMSN,6.25e-06,-0.000110224
1772712000003,2026-03-05T12:00:00.003+00:00,xyz:SMSN,0.0001694349,0.0030109579
1772715600009,2026-03-05T13:00:00.009+00:00,xyz:SMSN,-3.37476e-05,-0.0008399622
1772719200024,2026-03-05T14:00:00.024+00:00,xyz:SMSN,-0.0004723199,-0.0078571184
1772722800039,2026-03-05T15:00:00.039+00:00,xyz:SMSN,-0.0006782469,-0.0111519501
1772726400034,2026-03-05T16:00:00.034+00:00,xyz:SMSN,-0.0004998922,-0.0082982745
1772730000083,2026-03-05T17:00:00.083+00:00,xyz:SMSN,-0.0010000807,-0.0163012914
1772733600048,2026-03-05T18:00:00.048+00:00,xyz:SMSN,-0.0011082393,-0.0180318287
1772737200052,2026-03-05T19:00:00.052+00:00,xyz:SMSN,-0.0018202007,-0.0294232107
1772740800073,2026-03-05T20:00:00.073+00:00,xyz:SMSN,-0.0009773178,-0.0159370849
1772744400042,2026-03-05T21:00:00.042+00:00,xyz:SMSN,-0.0005979622,-0.009867395
1772748000028,2026-03-05T22:00:00.028+00:00,xyz:SMSN,-0.0001216188,-0.0022459006
1772751600029,2026-03-05T23:00:00.029+00:00,xyz:SMSN,-4.14497e-05,-0.0009631947
1772755200030,2026-03-06T00:00:00.030+00:00,xyz:SMSN,0.0001488743,0.0026819882
1772758800082,2026-03-06T01:00:00.082+00:00,xyz:SMSN,1.83987e-05,0.0005943794
1772762400006,2026-03-06T02:00:00.006+00:00,xyz:SMSN,-2.05641e-05,-0.0006290261
1772766000079,2026-03-06T03:00:00.079+00:00,xyz:SMSN,-6.852e-05,-0.0013963194
1772769600026,2026-03-06T04:00:00.026+00:00,xyz:SMSN,-0.0001073935,-0.0020182957
1772773200112,2026-03-06T05:00:00.112+00:00,xyz:SMSN,-4.67387e-05,-0.00104782
1772776800019,2026-03-06T06:00:00.019+00:00,xyz:SMSN,-0.0001146147,-0.0021338352
1772780400028,2026-03-06T07:00:00.028+00:00,xyz:SMSN,-7.04529e-05,-0.001427247
1772784000021,2026-03-06T08:00:00.021+00:00,xyz:SMSN,-5.9302e-06,-0.0003948838
1772787600022,2026-03-06T09:00:00.022+00:00,xyz:SMSN,0.0001498023,0.0026968362
1772791200031,2026-03-06T10:00:00.031+00:00,xyz:SMSN,0.0003733946,0.0062743136
1772794800036,2026-03-06T11:00:00.036+00:00,xyz:SMSN,-2.73182e-05,-0.0007370916
1772798400052,2026-03-06T12:00:00.052+00:00,xyz:SMSN,-1.72882e-05,-0.0005766118
1772802000052,2026-03-06T13:00:00.052+00:00,xyz:SMSN,-0.0005010012,-0.0083160196
1772805600033,2026-03-06T14:00:00.033+00:00,xyz:SMSN,-0.000341434,-0.0057629434
1772809200037,2026-03-06T15:00:00.037+00:00,xyz:SMSN,-0.0007206161,-0.0118298576
1772812800062,2026-03-06T16:00:00.062+00:00,xyz:SMSN,-0.0010414349,-0.0169629576
1772816400089,2026-03-06T17:00:00.089+00:00,xyz:SMSN,-0.0010029696,-0.0163475132
1772820000056,2026-03-06T18:00:00.056+00:00,xyz:SMSN,-0.0005859206,-0.0096747298
1772823600066,2026-03-06T19:00:00.066+00:00,xyz:SMSN,-0.0004804313,-0.0079869003
1772827200046,2026-03-06T20:00:00.046+00:00,xyz:SMSN,1.2445e-06,-0.0002800875
1772830800021,2026-03-06T21:00:00.021+00:00,xyz:SMSN,0.000824314,0.0134890232
1772834400046,2026-03-06T22:00:00.046+00:00,xyz:SMSN,0.0006458413,0.010633461
1772838000092,2026-03-06T23:00:00.092+00:00,xyz:SMSN,0.0005046642,0.0083746264
1772841600061,2026-03-07T00:00:00.061+00:00,xyz:SMSN,0.0003215698,0.0054451169
1772845200027,2026-03-07T01:00:00.027+00:00,xyz:SMSN,0.0004426293,0.0073820685
1772848800050,2026-03-07T02:00:00.050+00:00,xyz:SMSN,0.0004037838,0.0067605416
1772852400045,2026-03-07T03:00:00.045+00:00,xyz:SMSN,0.0003369728,0.0056915645
1772856000014,2026-03-07T04:00:00.014+00:00,xyz:SMSN,0.0003338797,0.0056420745
1772859600052,2026-03-07T05:00:00.052+00:00,xyz:SMSN,0.0003456526,0.005830442
1772863200070,2026-03-07T06:00:00.070+00:00,xyz:SMSN,0.000341559,0.0057649439
1772866800068,2026-03-07T07:00:00.068+00:00,xyz:SMSN,0.0001684169,0.0029946712
1772870400015,2026-03-07T08:00:00.015+00:00,xyz:SMSN,6.05491e-05,0.0012687854
1772874000005,2026-03-07T09:00:00.005+00:00,xyz:SMSN,6.00394e-05,0.0012606302
1772877600014,2026-03-07T10:00:00.014+00:00,xyz:SMSN,6.05491e-05,0.0012687854
1772881200002,2026-03-07T11:00:00.002+00:00,xyz:SMSN,6.05509e-05,0.0012688139
1772884800031,2026-03-07T12:00:00.031+00:00,xyz:SMSN,6.07209e-05,0.0012715342
1772888400033,2026-03-07T13:00:00.033+00:00,xyz:SMSN,6.05491e-05,0.0012687854
1772892000084,2026-03-07T14:00:00.084+00:00,xyz:SMSN,6.05085e-05,0.0012681353
1772895600012,2026-03-07T15:00:00.012+00:00,xyz:SMSN,2.78158e-05,0.0007450521
1772899200014,2026-03-07T16:00:00.014+00:00,xyz:SMSN,1.5382e-06,-0.0002753883
1772902800077,2026-03-07T17:00:00.077+00:00,xyz:SMSN,-0.0001226653,-0.0022626445
1772906400110,2026-03-07T18:00:00.110+00:00,xyz:SMSN,-0.0003857905,-0.0064726477
1772910000003,2026-03-07T19:00:00.003+00:00,xyz:SMSN,-0.0003024666,-0.0051394649
1772913600010,2026-03-07T20:00:00.010+00:00,xyz:SMSN,-0.0003083652,-0.0052338425
1772917200135,2026-03-07T21:00:00.135+00:00,xyz:SMSN,-0.0004064882,-0.0068038105
1772920800082,2026-03-07T22:00:00.082+00:00,xyz:SMSN,-0.0004039938,-0.0067639014
1772924400068,2026-03-07T23:00:00.068+00:00,xyz:SMSN,-0.0004797582,-0.007976131
1772928000002,2026-03-08T00:00:00.002+00:00,xyz:SMSN,-0.0004702846,-0.0078245531
1772931600030,2026-03-08T01:00:00.030+00:00,xyz:SMSN,-0.0004613923,-0.0076822767
1772935200003,2026-03-08T02:00:00.003+00:00,xyz:SMSN,-0.000462777,-0.0077044325
1772938800042,2026-03-08T03:00:00.042+00:00,xyz:SMSN,-0.0004839106,-0.00804257
1772942400001,2026-03-08T04:00:00.001+00:00,xyz:SMSN,-0.0004689465,-0.0078031444
1772946000024,2026-03-08T05:00:00.024+00:00,xyz:SMSN,-0.000473951,-0.0078832152
1772949600045,2026-03-08T06:00:00.045+00:00,xyz:SMSN,-0.000533592,-0.008837472
1772953200036,2026-03-08T07:00:00.036+00:00,xyz:SMSN,-0.0003963631,-0.0066418092
1772956800041,2026-03-08T08:00:00.041+00:00,xyz:SMSN,-0.0005351263,-0.0088620216
1772960400029,2026-03-08T09:00:00.029+00:00,xyz:SMSN,-0.0002741411,-0.0046862571
1772964000035,2026-03-08T10:00:00.035+00:00,xyz:SMSN,-9.90905e-05,-0.0018854479
1772967600036,2026-03-08T11:00:00.036+00:00,xyz:SMSN,-0.0001510277,-0.0027164425
1772971200021,2026-03-08T12:00:00.021+00:00,xyz:SMSN,-0.0001882795,-0.0033124718
1772974800049,2026-03-08T13:00:00.049+00:00,xyz:SMSN,-0.0002503071,-0.0043049137
1772978400061,2026-03-08T14:00:00.061+00:00,xyz:SMSN,-0.00027298,-0.0046676794
1772982000088,2026-03-08T15:00:00.088+00:00,xyz:SMSN,-0.0002735666,-0.004677066
1772985600024,2026-03-08T16:00:00.024+00:00,xyz:SMSN,7.5219e-05,0.0015035036
1772989200018,2026-03-08T17:00:00.018+00:00,xyz:SMSN,0.0001523573,0.0027377175
1772992800004,2026-03-08T18:00:00.004+00:00,xyz:SMSN,0.00021168,0.0036868803
1772996400000,2026-03-08T19:00:00.000+00:00,xyz:SMSN,0.0002179624,0.0037873985
1773000000074,2026-03-08T20:00:00.074+00:00,xyz:SMSN,-8.24082e-05,-0.0016185306
1773003600003,2026-03-08T21:00:00.003+00:00,xyz:SMSN,-0.0004228117,-0.0070649871
1773007200038,2026-03-08T22:00:00.038+00:00,xyz:SMSN,-9.62915e-05,-0.0018406633
1773010800057,2026-03-08T23:00:00.057+00:00,xyz:SMSN,-0.0012711236,-0.0206379774
1773014400091,2026-03-09T00:00:00.091+00:00,xyz:SMSN,-0.0003332125,-0.0056314001
1773018000052,2026-03-09T01:00:00.052+00:00,xyz:SMSN,-0.0001878739,-0.0033059826
1773021600016,2026-03-09T02:00:00.016+00:00,xyz:SMSN,6.25e-06,0.0003360616
1773025200012,2026-03-09T03:00:00.012+00:00,xyz:SMSN,-0.0001701765,-0.0030228243
1773028800030,2026-03-09T04:00:00.030+00:00,xyz:SMSN,6.25e-06,8.86729e-05
1773032400088,2026-03-09T05:00:00.088+00:00,xyz:SMSN,1.7499e-06,-0.0002720019
1773036000070,2026-03-09T06:00:00.070+00:00,xyz:SMSN,-0.0002337486,-0.0040399774
1773039600026,2026-03-09T07:00:00.026+00:00,xyz:SMSN,6.25e-06,0.0001825485
1773043200094,2026-03-09T08:00:00.094+00:00,xyz:SMSN,-0.0002718941,-0.0046503052
1773046800114,2026-03-09T09:00:00.114+00:00,xyz:SMSN,-5.23697e-05,-0.0011379149
1773050400108,2026-03-09T10:00:00.108+00:00,xyz:SMSN,-0.0001337677,-0.0024402831
1773054000050,2026-03-09T11:00:00.050+00:00,xyz:SMSN,9.88083e-05,0.0018809322
1773057600051,2026-03-09T12:00:00.051+00:00,xyz:SMSN,0.0004339837,0.0072437386
1773061200073,2026-03-09T13:00:00.073+00:00,xyz:SMSN,0.0006493165,0.0106890638
1773064800061,2026-03-09T14:00:00.061+00:00,xyz:SMSN,0.0002757134,0.0047114146
1773068400084,2026-03-09T15:00:00.084+00:00,xyz:SMSN,0.000661074,0.010877184
1773072000075,2026-03-09T16:00:00.075+00:00,xyz:SMSN,0.0009890584,0.0161249346
1773075600049,2026-03-09T17:00:00.049+00:00,xyz:SMSN,0.0004936237,0.0081979794
1773079200036,2026-03-09T18:00:00.036+00:00,xyz:SMSN,0.0007123231,0.0116971695
1773082800053,2026-03-09T19:00:00.053+00:00,xyz:SMSN,0.0003047344,0.0051757508
1773086400002,2026-03-09T20:00:00.002+00:00,xyz:SMSN,0.0013835761,0.0224372168
1773090000074,2026-03-09T21:00:00.074+00:00,xyz:SMSN,0.0012989029,0.0210824465
1773093600010,2026-03-09T22:00:00.010+00:00,xyz:SMSN,0.0006481276,0.0106700422
1773097200038,2026-03-09T23:00:00.038+00:00,xyz:SMSN,0.0002967904,0.0050486464
1773100800042,2026-03-10T00:00:00.042+00:00,xyz:SMSN,9.15909e-05,0.001765454
1773104400084,2026-03-10T01:00:00.084+00:00,xyz:SMSN,-8.52877e-05,-0.0016646039
1773108000013,2026-03-10T02:00:00.013+00:00,xyz:SMSN,-9.43476e-05,-0.0018095614
1773111600052,2026-03-10T03:00:00.052+00:00,xyz:SMSN,-8.36214e-05,-0.001637942
1773115200041,2026-03-10T04:00:00.041+00:00,xyz:SMSN,-4.37741e-05,-0.0010003861
1773118800054,2026-03-10T05:00:00.054+00:00,xyz:SMSN,-0.0004299036,-0.007178457
1773122400137,2026-03-10T06:00:00.137+00:00,xyz:SMSN,-0.0001726018,-0.0030616281
1773126000065,2026-03-10T07:00:00.065+00:00,xyz:SMSN,-8.20103e-05,-0.0016121655
1773129600052,2026-03-10T08:00:00.052+00:00,xyz:SMSN,-0.0001036268,-0.0019580289
1773133200017,2026-03-10T09:00:00.017+00:00,xyz:SMSN,7.79843e-05,0.001547749
1773136800060,2026-03-10T10:00:00.060+00:00,xyz:SMSN,0.0001186132,0.0021978115
1773140400011,2026-03-10T11:00:00.011+00:00,xyz:SMSN,0.0001048589,0.0019777426
1773144000038,2026-03-10T12:00:00.038+00:00,xyz:SMSN,-0.0002587482,-0.0044399716
1773147600061,2026-03-10T13:00:00.061+00:00,xyz:SMSN,-0.0006840747,-0.0112451951
1773151200027,2026-03-10T14:00:00.027+00:00,xyz:SMSN,-0.0003991044,-0.0066856703
1773154800083,2026-03-10T15:00:00.083+00:00,xyz:SMSN,0.0001287607,0.0023601705
1773158400045,2026-03-10T16:00:00.045+00:00,xyz:SMSN,0.0009986863,0.0162789812
1773162000004,2026-03-10T17:00:00.004+00:00,xyz:SMSN,0.0005925975,0.0097815597
1773165600018,2026-03-10T18:00:00.018+00:00,xyz:SMSN,0.0005819411,0.0096110579
1773169200049,2026-03-10T19:00:00.049+00:00,xyz:SMSN,0.0004537132,0.0075594113
1773172800050,2026-03-10T20:00:00.050+00:00,xyz:SMSN,0.0003701065,0.0062217037
1773176400058,2026-03-10T21:00:00.058+00:00,xyz:SMSN,0.0003112868,0.0052805887
1773180000068,2026-03-10T22:00:00.068+00:00,xyz:SMSN,0.0003878897,0.0065062354
1773183600061,2026-03-10T23:00:00.061+00:00,xyz:SMSN,0.0005095781,0.0084532491
1773187200088,2026-03-11T00:00:00.088+00:00,xyz:SMSN,0.0002025116,0.0035401859
1773190800002,2026-03-11T01:00:00.002+00:00,xyz:SMSN,0.0002349558,0.0040592929
1773194400098,2026-03-11T02:00:00.098+00:00,xyz:SMSN,0.0001227963,0.0022647401
1773198000016,2026-03-11T03:00:00.016+00:00,xyz:SMSN,0.0001389775,0.0025236401
1773201600038,2026-03-11T04:00:00.038+00:00,xyz:SMSN,7.91947e-05,0.0015671157
1773205200075,2026-03-11T05:00:00.075+00:00,xyz:SMSN,0.0001224977,0.0022599636
1773208800135,2026-03-11T06:00:00.135+00:00,xyz:SMSN,0.0002206832,0.003830931
1773212400014,2026-03-11T07:00:00.014+00:00,xyz:SMSN,0.00012389,0.0022822398
1773216000056,2026-03-11T08:00:00.056+00:00,xyz:SMSN,8.98772e-05,0.0017380354
1773219600082,2026-03-11T09:00:00.082+00:00,xyz:SMSN,-6.70972e-05,-0.0013735558
1773223200084,2026-03-11T10:00:00.084+00:00,xyz:SMSN,-0.0001163048,-0.0021608762
1773226800001,2026-03-11T11:00:00.001+00:00,xyz:SMSN,-7.0327e-05,-0.0014252317
1773230400013,2026-03-11T12:00:00.013+00:00,xyz:SMSN,-0.0002096522,-0.0036544351
1773234000063,2026-03-11T13:00:00.063+00:00,xyz:SMSN,-0.0002211427,-0.0038382824
1773237600004,2026-03-11T14:00:00.004+00:00,xyz:SMSN,-0.0002744212,-0.0046907389
1773241200051,2026-03-11T15:00:00.051+00:00,xyz:SMSN,-0.000350854,-0.0059136646
1773244800065,2026-03-11T16:00:00.065+00:00,xyz:SMSN,-0.0002752398,-0.0047038367
1773248400068,2026-03-11T17:00:00.068+00:00,xyz:SMSN,-0.0002950563,-0.0050209002
1773252000102,2026-03-11T18:00:00.102+00:00,xyz:SMSN,-0.000257605,-0.0044216806
1773255600082,2026-03-11T19:00:00.082+00:00,xyz:SMSN,-0.0008732871,-0.0142725938
1773259200026,2026-03-11T20:00:00.026+00:00,xyz:SMSN,-0.0007005965,-0.0115095438
1773262800008,2026-03-11T21:00:00.008+00:00,xyz:SMSN,-0.0006814316,-0.0112029054
1773266400035,2026-03-11T22:00:00.035+00:00,xyz:SMSN,-0.0005874017,-0.0096984267
1773270000069,2026-03-11T23:00:00.069+00:00,xyz:SMSN,-0.0003983651,-0.0066738422
1773273600084,2026-03-12T00:00:00.084+00:00,xyz:SMSN,-0.0001473849,-0.0026581584
1773277200006,2026-03-12T01:00:00.006+00:00,xyz:SMSN,-0.0002367001,-0.0040872019
1773280800080,2026-03-12T02:00:00.080+00:00,xyz:SMSN,-0.0001372983,-0.0024967727
1773284400036,2026-03-12T03:00:00.036+00:00,xyz:SMSN,-6.3972e-05,-0.0013235525
1773288000065,2026-03-12T04:00:00.065+00:00,xyz:SMSN,-0.0001418067,-0.0025689076
1773291600094,2026-03-12T05:00:00.094+00:00,xyz:SMSN,-0.0002429459,-0.0041871347
1773295200108,2026-03-12T06:00:00.108+00:00,xyz:SMSN,-0.0002588783,-0.0044420528
1773298800046,2026-03-12T07:00:00.046+00:00,xyz:SMSN,-1.10117e-05,-0.0004761875
1773302400068,2026-03-12T08:00:00.068+00:00,xyz:SMSN,-9.65634e-05,-0.0018450148
1773306000063,2026-03-12T09:00:00.063+00:00,xyz:SMSN,-0.0001211054,-0.0022376866
1773309600013,2026-03-12T10:00:00.013+00:00,xyz:SMSN,-1.78936e-05,-0.0005862973
1773313200017,2026-03-12T11:00:00.017+00:00,xyz:SMSN,6.25e-06,8.17713e-05
1773316800106,2026-03-12T12:00:00.106+00:00,xyz:SMSN,-5.48306e-05,-0.0011772901
1773320400062,2026-03-12T13:00:00.062+00:00,xyz:SMSN,-0.0001591853,-0.0028469649
1773324000110,2026-03-12T14:00:00.110+00:00,xyz:SMSN,-0.0006290788,-0.0103652602
1773327600024,2026-03-12T15:00:00.024+00:00,xyz:SMSN,-0.0010430689,-0.0169891031
1773331200064,2026-03-12T16:00:00.064+00:00,xyz:SMSN,-0.0010219434,-0.0166510943
1773334800004,2026-03-12T17:00:00.004+00:00,xyz:SMSN,-0.0004903183,-0.0081450929
1773338400004,2026-03-12T18:00:00.004+00:00,xyz:SMSN,-0.0003172694,-0.0053763101
1773342000025,2026-03-12T19:00:00.025+00:00,xyz:SMSN,-0.0003719848,-0.0062517568
1773345600165,2026-03-12T20:00:00.165+00:00,xyz:SMSN,-0.0004000321,-0.0067005134
1773349200073,2026-03-12T21:00:00.073+00:00,xyz:SMSN,-0.0004767787,-0.0079284596
1773352800071,2026-03-12T22:00:00.071+00:00,xyz:SMSN,-0.0006745395,-0.0110926325
1773356400070,2026-03-12T23:00:00.070+00:00,xyz:SMSN,-0.0005920583,-0.0097729336
1773360000061,2026-03-13T00:00:00.061+00:00,xyz:SMSN,-0.0001779014,-0.0031464227
1773363600032,2026-03-13T01:00:00.032+00:00,xyz:SMSN,-0.0002409695,-0.0041555127
1773367200025,2026-03-13T02:00:00.025+00:00,xyz:SMSN,-0.0002103756,-0.0036660092
1773370800021,2026-03-13T03:00:00.021+00:00,xyz:SMSN,-0.0001780317,-0.0031485066
1773374400099,2026-03-13T04:00:00.099+00:00,xyz:SMSN,-0.000110305,-0.0020648798
1773378000089,2026-03-13T05:00:00.089+00:00,xyz:SMSN,-4.44111e-05,-0.0010105771
1773381600064,2026-03-13T06:00:00.064+00:00,xyz:SMSN,-9.5167e-05,-0.0018226722
1773385200082,2026-03-13T07:00:00.082+00:00,xyz:SMSN,-7.23865e-05,-0.0014581845
1773388800016,2026-03-13T08:00:00.016+00:00,xyz:SMSN,6.25e-06,0.0002543107
1773392400045,2026-03-13T09:00:00.045+00:00,xyz:SMSN,0.0002053429,0.0035854862
1773396000034,2026-03-13T10:00:00.034+00:00,xyz:SMSN,4.54609e-05,0.0010273749
1773399600010,2026-03-13T11:00:00.010+00:00,xyz:SMSN,-0.0001806095,-0.003189752
1773403200009,2026-03-13T12:00:00.009+00:00,xyz:SMSN,-0.0001314071,-0.0024025129
1773406800059,2026-03-13T13:00:00.059+00:00,xyz:SMSN,-9.97596e-05,-0.0018961535
1773410400032,2026-03-13T14:00:00.032+00:00,xyz:SMSN,5.14286e-05,0.0011228579
1773414000021,2026-03-13T15:00:00.021+00:00,xyz:SMSN,0.0001496088,0.0026937416
1773417600051,2026-03-13T16:00:00.051+00:00,xyz:SMSN,-2.70969e-05,-0.0007335496
1773421200044,2026-03-13T17:00:00.044+00:00,xyz:SMSN,-0.0001453822,-0.0026261154
1773424800052,2026-03-13T18:00:00.052+00:00,xyz:SMSN,-0.000122193,-0.0022550881
1773428400006,2026-03-13T19:00:00.006+00:00,xyz:SMSN,-0.0001414182,-0.0025626916
1773432000021,2026-03-13T20:00:00.021+00:00,xyz:SMSN,-0.000143153,-0.002590448
1773435600092,2026-03-13T21:00:00.092+00:00,xyz:SMSN,-0.000376108,-0.0063177275
1773439200005,2026-03-13T22:00:00.005+00:00,xyz:SMSN,-0.0002922274,-0.0049756392
1773442800109,2026-03-13T23:00:00.109+00:00,xyz:SMSN,-0.0004148338,-0.0069373404
1773446400044,2026-03-14T00:00:00.044+00:00,xyz:SMSN,-0.000150529,-0.0027084632
1773450000094,2026-03-14T01:00:00.094+00:00,xyz:SMSN,-0.0001476943,-0.0026631093
1773453600100,2026-03-14T02:00:00.100+00:00,xyz:SMSN,-0.0001384681,-0.0025154888
1773457200013,2026-03-14T03:00:00.013+00:00,xyz:SMSN,-8.74719e-05,-0.0016995507
1773460800019,2026-03-14T04:00:00.019+00:00,xyz:SMSN,-9.6862e-05,-0.0018497923
1773464400095,2026-03-14T05:00:00.095+00:00,xyz:SMSN,-0.000105867,-0.0019938725
1773468000072,2026-03-14T06:00:00.072+00:00,xyz:SMSN,-0.0001064386,-0.0020030183
1773471600036,2026-03-14T07:00:00.036+00:00,xyz:SMSN,-0.0001403127,-0.0025450027
1773475200041,2026-03-14T08:00:00.041+00:00,xyz:SMSN,-0.0005548481,-0.009177569
1773478800025,2026-03-14T09:00:00.025+00:00,xyz:SMSN,-0.0005729605,-0.0094673687
1773482400098,2026-03-14T10:00:00.098+00:00,xyz:SMSN,-0.0003978705,-0.0066659273
1773486000047,2026-03-14T11:00:00.047+00:00,xyz:SMSN,-0.0004516381,-0.0075262104
1773489600020,2026-03-14T12:00:00.020+00:00,xyz:SMSN,-0.0004528104,-0.0075449666
1773493200042,2026-03-14T13:00:00.042+00:00,xyz:SMSN,-0.0004062613,-0.0068001811
1773496800076,2026-03-14T14:00:00.076+00:00,xyz:SMSN,-0.0003874925,-0.0064998806
1773500400009,2026-03-14T15:00:00.009+00:00,xyz:SMSN,-0.0003035198,-0.0051563172
1773504000100,2026-03-14T16:00:00.100+00:00,xyz:SMSN,-0.0002534243,-0.0043547886
1773507600061,2026-03-14T17:00:00.061+00:00,xyz:SMSN,-0.0002111422,-0.0036782752
1773511200018,2026-03-14T18:00:00.018+00:00,xyz:SMSN,-0.0001662525,-0.0029600395
1773514800048,2026-03-14T19:00:00.048+00:00,xyz:SMSN,-0.0003266908,-0.0055270536
1773518400035,2026-03-14T20:00:00.035+00:00,xyz:SMSN,-0.0003623667,-0.0060978672
1773522000015,2026-03-14T21:00:00.015+00:00,xyz:SMSN,-0.0003748985,-0.0062983765
1773525600041,2026-03-14T22:00:00.041+00:00,xyz:SMSN,-0.0004949974,-0.0082199585
1773529200044,2026-03-14T23:00:00.044+00:00,xyz:SMSN,-0.0005739095,-0.0094825523
1773532800099,2026-03-15T00:00:00.099+00:00,xyz:SMSN,-0.0004845733,-0.0080531731
1773536400102,2026-03-15T01:00:00.102+00:00,xyz:SMSN,-0.0002297259,-0.0039756142
1773540000005,2026-03-15T02:00:00.005+00:00,xyz:SMSN,-0.0002110755,-0.0036772075
1773543600130,2026-03-15T03:00:00.130+00:00,xyz:SMSN,0.0001512403,0.0027198442
1773547200040,2026-03-15T04:00:00.040+00:00,xyz:SMSN,0.0004094678,0.0068514843
1773550800066,2026-03-15T05:00:00.066+00:00,xyz:SMSN,0.0003900789,0.0065412622
1773554400010,2026-03-15T06:00:00.010+00:00,xyz:SMSN,0.0003567182,0.006007492
1773558000046,2026-03-15T07:00:00.046+00:00,xyz:SMSN,0.0004406862,0.0073509792
1773561600003,2026-03-15T08:00:00.003+00:00,xyz:SMSN,0.0004024348,0.0067389576
1773565200067,2026-03-15T09:00:00.067+00:00,xyz:SMSN,0.0003797197,0.0063755155
1773568800003,2026-03-15T10:00:00.003+00:00,xyz:SMSN,0.0004641625,0.0077265999
1773572400039,2026-03-15T11:00:00.039+00:00,xyz:SMSN,0.0002353117,0.0040649869
1773576000060,2026-03-15T12:00:00.060+00:00,xyz:SMSN,0.0002668114,0.0045689818
1773579600023,2026-03-15T13:00:00.023+00:00,xyz:SMSN,0.0003018696,0.0051299141
1773583200023,2026-03-15T14:00:00.023+00:00,xyz:SMSN,0.0002528776,0.0043460414
1773586800084,2026-03-15T15:00:00.084+00:00,xyz:SMSN,4.5223e-06,-0.0002276425
1773590400034,2026-03-15T16:00:00.034+00:00,xyz:SMSN,-0.0001915042,-0.0033640665
1773594000036,2026-03-15T17:00:00.036+00:00,xyz:SMSN,-0.0001659362,-0.0029549793
1773597600003,2026-03-15T18:00:00.003+00:00,xyz:SMSN,-0.0001405661,-0.0025490575
1773601200127,2026-03-15T19:00:00.127+00:00,xyz:SMSN,-0.0001623025,-0.0028968403
1773604800024,2026-03-15T20:00:00.024+00:00,xyz:SMSN,-0.0001863007,-0.0032808115
1773608400083,2026-03-15T21:00:00.083+00:00,xyz:SMSN,-0.0001879464,-0.0033071421
1773612000019,2026-03-15T22:00:00.019+00:00,xyz:SMSN,-0.0001563449,-0.0028015183
1773615600037,2026-03-15T23:00:00.037+00:00,xyz:SMSN,-0.0001576486,-0.0028223783
1773619200090,2026-03-16T00:00:00.090+00:00,xyz:SMSN,-0.0005008499,-0.0083135992
1773622800002,2026-03-16T01:00:00.002+00:00,xyz:SMSN,-0.0005756987,-0.0095111796
1773626400078,2026-03-16T02:00:00.078+00:00,xyz:SMSN,-0.0002114657,-0.0036834508
1773630000040,2026-03-16T03:00:00.040+00:00,xyz:SMSN,-3.58043e-05,-0.0008728684
1773633600012,2026-03-16T04:00:00.012+00:00,xyz:SMSN,-0.0002416148,-0.0041658363
1773637200021,2026-03-16T05:00:00.021+00:00,xyz:SMSN,3.9546e-06,-0.0002367261
1773640800092,2026-03-16T06:00:00.092+00:00,xyz:SMSN,6.25e-06,0.0002336289
1773644400033,2026-03-16T07:00:00.033+00:00,xyz:SMSN,6.25e-06,0.0003420464
1773648000062,2026-03-16T08:00:00.062+00:00,xyz:SMSN,4.7215e-05,0.0010554398
1773651600035,2026-03-16T09:00:00.035+00:00,xyz:SMSN,-3.58665e-05,-0.0008738641
1773655200042,2026-03-16T10:00:00.042+00:00,xyz:SMSN,-3.04436e-05,-0.0007870975
1773658800013,2026-03-16T11:00:00.013+00:00,xyz:SMSN,-0.0001370945,-0.0024935125
1773662400013,2026-03-16T12:00:00.013+00:00,xyz:SMSN,-5.5659e-06,-0.0003890539
1773666000000,2026-03-16T13:00:00.000+00:00,xyz:SMSN,0.0001695046,0.0030120733
1773669600099,2026-03-16T14:00:00.099+00:00,xyz:SMSN,0.0002967155,0.0050474479
1773673200013,2026-03-16T15:00:00.013+00:00,xyz:SMSN,0.0003287503,0.0055600042
1773676800033,2026-03-16T16:00:00.033+00:00,xyz:SMSN,0.0003088854,0.0052421657
1773680400023,2026-03-16T17:00:00.023+00:00,xyz:SMSN,0.0003005851,0.0051093617
1773684000045,2026-03-16T18:00:00.045+00:00,xyz:SMSN,0.0003131119,0.0053097904
1773687600080,2026-03-16T19:00:00.080+00:00,xyz:SMSN,0.0002710563,0.0046369007
1773691200001,2026-03-16T20:00:00.001+00:00,xyz:SMSN,0.0002393321,0.0041293138
1773694800032,2026-03-16T21:00:00.032+00:00,xyz:SMSN,0.0009244131,0.0150906092
1773698400000,2026-03-16T22:00:00.000+00:00,xyz:SMSN,0.0007427006,0.0121832101
1773702000003,2026-03-16T23:00:00.003+00:00,xyz:SMSN,0.0005925027,0.0097800428
1773705600034,2026-03-17T00:00:00.034+00:00,xyz:SMSN,0.0003411594,0.00575855
1773709200045,2026-03-17T01:00:00.045+00:00,xyz:SMSN,0.0003699959,0.0062199347
1773712800050,2026-03-17T02:00:00.050+00:00,xyz:SMSN,4.55553e-05,0.0010288848
1773716400010,2026-03-17T03:00:00.010+00:00,xyz:SMSN,-5.08709e-05,-0.001113934
1773720000073,2026-03-17T04:00:00.073+00:00,xyz:SMSN,6.25e-06,0.000146474
1773723600048,2026-03-17T05:00:00.048+00:00,xyz:SMSN,-0.0001252078,-0.0023033246
1773727200113,2026-03-17T06:00:00.113+00:00,xyz:SMSN,-0.0001350559,-0.0024608946
1773730800039,2026-03-17T07:00:00.039+00:00,xyz:SMSN,-0.0001700598,-0.0030209565
1773734400000,2026-03-17T08:00:00.000+00:00,xyz:SMSN,-0.0001875563,-0.0033009011
1773738000002,2026-03-17T09:00:00.002+00:00,xyz:SMSN,-0.0001526438,-0.0027423006
1773741600075,2026-03-17T10:00:00.075+00:00,xyz:SMSN,-0.0003090264,-0.0052444218
1773745200115,2026-03-17T11:00:00.115+00:00,xyz:SMSN,-7.00091e-05,-0.0014201449
1773748800006,2026-03-17T12:00:00.006+00:00,xyz:SMSN,-2.02573e-05,-0.0006241171
1773752400013,2026-03-17T13:00:00.013+00:00,xyz:SMSN,6.15177e-05,0.0012842833
1773756000047,2026-03-17T14:00:00.047+00:00,xyz:SMSN,0.0005976537,0.0098624594
1773759600074,2026-03-17T15:00:00.074+00:00,xyz:SMSN,0.0007485583,0.012276933
1773763200038,2026-03-17T16:00:00.038+00:00,xyz:SMSN,0.0001967,0.0034472006
1773766800054,2026-03-17T17:00:00.054+00:00,xyz:SMSN,6.25e-06,-4.93495e-05
1773770400071,2026-03-17T18:00:00.071+00:00,xyz:SMSN,1.7031e-05,0.0005724965
1773774000018,2026-03-17T19:00:00.018+00:00,xyz:SMSN,6.25e-06,4.69369e-05
1773777600034,2026-03-17T20:00:00.034+00:00,xyz:SMSN,6.25e-06,-0.00011613
1773781200072,2026-03-17T21:00:00.072+00:00,xyz:SMSN,2.92303e-05,0.0007676855
1773784800003,2026-03-17T22:00:00.003+00:00,xyz:SMSN,0.000186888,0.0032902088
1773788400011,2026-03-17T23:00:00.011+00:00,xyz:SMSN,0.000229451,0.0039712157
1773792000028,2026-03-18T00:00:00.028+00:00,xyz:SMSN,-1.4039e-05,-0.0005246242
1773795600016,2026-03-18T01:00:00.016+00:00,xyz:SMSN,-9.86069e-05,-0.001877711
1773799200026,2026-03-18T02:00:00.026+00:00,xyz:SMSN,1.69377e-05,0.0005710039
1773802800060,2026-03-18T03:00:00.060+00:00,xyz:SMSN,-3.88435e-05,-0.0009214959
1773806400054,2026-03-18T04:00:00.054+00:00,xyz:SMSN,-0.0001392236,-0.0025275783
1773810000001,2026-03-18T05:00:00.001+00:00,xyz:SMSN,-0.0001526164,-0.0027418621
1773813600067,2026-03-18T06:00:00.067+00:00,xyz:SMSN,-2.92734e-05,-0.0007683748
1773817200033,2026-03-18T07:00:00.033+00:00,xyz:SMSN,4.22206e-05,0.0009755297
1773820800005,2026-03-18T08:00:00.005+00:00,xyz:SMSN,6.25e-06,-7.54203e-05
1773824400052,2026-03-18T09:00:00.052+00:00,xyz:SMSN,-3.14726e-05,-0.0008035621
1773828000037,2026-03-18T10:00:00.037+00:00,xyz:SMSN,6.67186e-05,0.0013674984
1773831600025,2026-03-18T11:00:00.025+00:00,xyz:SMSN,-2.3774e-06,-0.0003380381
1773835200062,2026-03-18T12:00:00.062+00:00,xyz:SMSN,-5.8832e-06,-0.0003941318
1773838800007,2026-03-18T13:00:00.007+00:00,xyz:SMSN,-0.0009829513,-0.0160272214
1773842400026,2026-03-18T14:00:00.026+00:00,xyz:SMSN,-0.0010831467,-0.0176303467
1773846000035,2026-03-18T15:00:00.035+00:00,xyz:SMSN,-0.0005234024,-0.0086744378
1773849600009,2026-03-18T16:00:00.009+00:00,xyz:SMSN,-0.0002800076,-0.0047801222
1773853200066,2026-03-18T17:00:00.066+00:00,xyz:SMSN,-0.000194159,-0.0034065446
1773856800052,2026-03-18T18:00:00.052+00:00,xyz:SMSN,-0.0004818035,-0.0080088566
1773860400045,2026-03-18T19:00:00.045+00:00,xyz:SMSN,-0.0005815129,-0.0096042057
1773864000055,2026-03-18T20:00:00.055+00:00,xyz:SMSN,-0.0005947733,-0.0098163721
1773867600050,2026-03-18T21:00:00.050+00:00,xyz:SMSN,-0.0004233454,-0.0070735257
1773871200035,2026-03-18T22:00:00.035+00:00,xyz:SMSN,-0.000228212,-0.0039513914
1773874800040,2026-03-18T23:00:00.040+00:00,xyz:SMSN,-0.0004057827,-0.0067925237
1773878400090,2026-03-19T00:00:00.090+00:00,xyz:SMSN,-0.0001668613,-0.0029697809
1773882000009,2026-03-19T01:00:00.009+00:00,xyz:SMSN,-0.0001850688,-0.0032611002
1773885600012,2026-03-19T02:00:00.012+00:00,xyz:SMSN,-0.0001469261,-0.0026508179
1773889200041,2026-03-19T03:00:00.041+00:00,xyz:SMSN,-8.70725e-05,-0.0016931599
1773892800010,2026-03-19T04:00:00.010+00:00,xyz:SMSN,2.08153e-05,0.000633044
1773896400090,2026-03-19T05:00:00.090+00:00,xyz:SMSN,6.81431e-05,0.0013902903
1773900000052,2026-03-19T06:00:00.052+00:00,xyz:SMSN,2.5039e-06,-0.0002599371
1773903600107,2026-03-19T07:00:00.107+00:00,xyz:SMSN,-8.10081e-05,-0.0015961299
1773907200064,2026-03-19T08:00:00.064+00:00,xyz:SMSN,-0.00016707,-0.0029731203
1773910800026,2026-03-19T09:00:00.026+00:00,xyz:SMSN,-7.3072e-05,-0.0014691518
1773914400123,2026-03-19T10:00:00.123+00:00,xyz:SMSN,-0.0002603549,-0.0044656785
1773918000052,2026-03-19T11:00:00.052+00:00,xyz:SMSN,-0.0002528464,-0.0043455425
1773921600006,2026-03-19T12:00:00.006+00:00,xyz:SMSN,-0.0002170482,-0.0037727713
1773925200045,2026-03-19T13:00:00.045+00:00,xyz:SMSN,-0.000564324,-0.0093291843
1773928800059,2026-03-19T14:00:00.059+00:00,xyz:SMSN,-0.0007358188,-0.0120731
1773932400002,2026-03-19T15:00:00.002+00:00,xyz:SMSN,-1.20513e-05,-0.0004928202
1773936000031,2026-03-19T16:00:00.031+00:00,xyz:SMSN,-6.44945e-05,-0.0013319113
1773939600011,2026-03-19T17:00:00.011+00:00,xyz:SMSN,0.0001499127,0.0026986028
1773943200049,2026-03-19T18:00:00.049+00:00,xyz:SMSN,0.0002446042,0.0042136665
1773946800024,2026-03-19T19:00:00.024+00:00,xyz:SMSN,0.0001121188,0.0020939006
1773950400037,2026-03-19T20:00:00.037+00:00,xyz:SMSN,0.0003518367,0.0059293874
1773954000022,2026-03-19T21:00:00.022+00:00,xyz:SMSN,0.0004129385,0.0069070153
1773957600001,2026-03-19T22:00:00.001+00:00,xyz:SMSN,0.0005871548,0.0096944768
1773961200001,2026-03-19T23:00:00.001+00:00,xyz:SMSN,0.0004462044,0.0074392706
1773964800103,2026-03-20T00:00:00.103+00:00,xyz:SMSN,-0.0001222062,-0.0022552995
1773968400073,2026-03-20T01:00:00.073+00:00,xyz:SMSN,7.61197e-05,0.0015179148
1773972000053,2026-03-20T02:00:00.053+00:00,xyz:SMSN,2.03352e-05,0.0006253629
1773975600072,2026-03-20T03:00:00.072+00:00,xyz:SMSN,2.49437e-05,0.0006990992
1773979200004,2026-03-20T04:00:00.004+00:00,xyz:SMSN,-6.89763e-05,-0.0014036211
1773982800107,2026-03-20T05:00:00.107+00:00,xyz:SMSN,0.0001352453,0.0024639253
1773986400096,2026-03-20T06:00:00.096+00:00,xyz:SMSN,1.23285e-05,0.0004972567
1773990000012,2026-03-20T07:00:00.012+00:00,xyz:SMSN,6.25e-06,-0.0001629493
1773993600003,2026-03-20T08:00:00.003+00:00,xyz:SMSN,-0.0001198924,-0.0022182782
1773997200021,2026-03-20T09:00:00.021+00:00,xyz:SMSN,-8.77123e-05,-0.0017033973
1774000800063,2026-03-20T10:00:00.063+00:00,xyz:SMSN,-1.91078e-05,-0.0006057242
1774004400048,2026-03-20T11:00:00.048+00:00,xyz:SMSN,6.25e-06,0.0003136459
1774008000087,2026-03-20T12:00:00.087+00:00,xyz:SMSN,-1.3567e-06,-0.0003217076
1774011600148,2026-03-20T13:00:00.148+00:00,xyz:SMSN,-9.60857e-05,-0.001837371
1774015200115,2026-03-20T14:00:00.115+00:00,xyz:SMSN,-0.0001151049,-0.0021416779
1774018800034,2026-03-20T15:00:00.034+00:00,xyz:SMSN,-0.0005835004,-0.0096360057
1774022400074,2026-03-20T16:00:00.074+00:00,xyz:SMSN,-0.0006568962,-0.010810339
1774026000075,2026-03-20T17:00:00.075+00:00,xyz:SMSN,-0.0005792462,-0.0095679388
1774029600035,2026-03-20T18:00:00.035+00:00,xyz:SMSN,-0.0006433461,-0.0105935372
1774033200044,2026-03-20T19:00:00.044+00:00,xyz:SMSN,-0.0005837937,-0.0096406995
1774036800034,2026-03-20T20:00:00.034+00:00,xyz:SMSN,-0.0005966583,-0.0098465335
1774040400007,2026-03-20T21:00:00.007+00:00,xyz:SMSN,-0.0007602914,-0.0124646616
1774044000000,2026-03-20T22:00:00.000+00:00,xyz:SMSN,-0.0004387667,-0.0073202678
1774047600047,2026-03-20T23:00:00.047+00:00,xyz:SMSN,-9.86331e-05,-0.0018781302
1774051200093,2026-03-21T00:00:00.093+00:00,xyz:SMSN,0.0001624922,0.0028998756
1774054800011,2026-03-21T01:00:00.011+00:00,xyz:SMSN,4.41675e-05,0.0010066805
1774058400032,2026-03-21T02:00:00.032+00:00,xyz:SMSN,-8.06795e-05,-0.0015908719
1774062000013,2026-03-21T03:00:00.013+00:00,xyz:SMSN,-8.43645e-05,-0.0016498317
1774065600040,2026-03-21T04:00:00.040+00:00,xyz:SMSN,6.25e-06,-3.74477e-05
1774069200041,2026-03-21T05:00:00.041+00:00,xyz:SMSN,6.25e-06,-0.0001037776
1774072800066,2026-03-21T06:00:00.066+00:00,xyz:SMSN,-0.0003768729,-0.0063299665
1774076400010,2026-03-21T07:00:00.010+00:00,xyz:SMSN,7.08823e-05,0.0014341161
1774080000075,2026-03-21T08:00:00.075+00:00,xyz:SMSN,0.0002697496,0.0046159935
1774083600064,2026-03-21T09:00:00.064+00:00,xyz:SMSN,0.000313082,0.0053093119
1774087200000,2026-03-21T10:00:00.000+00:00,xyz:SMSN,4.82602e-05,0.0010721628
1774090800008,2026-03-21T11:00:00.008+00:00,xyz:SMSN,-2.48988e-05,-0.0006983813
1774094400094,2026-03-21T12:00:00.094+00:00,xyz:SMSN,-2.4798e-05,-0.0006967677
1774098000015,2026-03-21T13:00:00.015+00:00,xyz:SMSN,-7.92686e-05,-0.0015682975
1774101600045,2026-03-21T14:00:00.045+00:00,xyz:SMSN,-0.0001497643,-0.0026962284
1774105200051,2026-03-21T15:00:00.051+00:00,xyz:SMSN,-0.0001506325,-0.0027101204
1774108800039,2026-03-21T16:00:00.039+00:00,xyz:SMSN,-0.0001087875,-0.0020406007
1774112400032,2026-03-21T17:00:00.032+00:00,xyz:SMSN,-3.93806e-05,-0.0009300888
1774116000020,2026-03-21T18:00:00.020+00:00,xyz:SMSN,6.25e-06,-5.9119e-06
1774119600057,2026-03-21T19:00:00.057+00:00,xyz:SMSN,6.25e-06,0.0001317924
1774123200073,2026-03-21T20:00:00.073+00:00,xyz:SMSN,3.9793e-06,-0.0002363307
1774126800086,2026-03-21T21:00:00.086+00:00,xyz:SMSN,6.25e-06,0.0002324432
1774130400004,2026-03-21T22:00:00.004+00:00,xyz:SMSN,6.25e-06,0.0002506609
1774134000026,2026-03-21T23:00:00.026+00:00,xyz:SMSN,-6.648e-07,-0.0003106372
1774137600042,2026-03-22T00:00:00.042+00:00,xyz:SMSN,6.25e-06,7.83e-06
1774141200020,2026-03-22T01:00:00.020+00:00,xyz:SMSN,-0.0003897623,-0.0065361971
1774144800085,2026-03-22T02:00:00.085+00:00,xyz:SMSN,-0.0006475119,-0.0106601909
1774148400085,2026-03-22T03:00:00.085+00:00,xyz:SMSN,-0.0004624891,-0.0076998264
1774152000007,2026-03-22T04:00:00.007+00:00,xyz:SMSN,-0.0005204548,-0.008627276
1774155600062,2026-03-22T05:00:00.062+00:00,xyz:SMSN,-0.0004275392,-0.0071406265
1774159200062,2026-03-22T06:00:00.062+00:00,xyz:SMSN,-1.99372e-05,-0.0006189957
1774162800088,2026-03-22T07:00:00.088+00:00,xyz:SMSN,0.0001275822,0.0023413145
1774166400050,2026-03-22T08:00:00.050+00:00,xyz:SMSN,0.0002962743,0.0050403882
1774170000062,2026-03-22T09:00:00.062+00:00,xyz:SMSN,0.0002381021,0.0041096331
1774173600003,2026-03-22T10:00:00.003+00:00,xyz:SMSN,0.0002153539,0.0037456624
1774177200044,2026-03-22T11:00:00.044+00:00,xyz:SMSN,0.0001572986,0.0028167779
1774180800049,2026-03-22T12:00:00.049+00:00,xyz:SMSN,-0.0006356058,-0.0104696931
1774184400046,2026-03-22T13:00:00.046+00:00,xyz:SMSN,-0.0007759449,-0.0127151186
1774188000011,2026-03-22T14:00:00.011+00:00,xyz:SMSN,-0.0003891841,-0.006526946
1774191600042,2026-03-22T15:00:00.042+00:00,xyz:SMSN,-0.0002015514,-0.0035248231
1774195200021,2026-03-22T16:00:00.021+00:00,xyz:SMSN,-4.34464e-05,-0.0009951416
1774198800006,2026-03-22T17:00:00.006+00:00,xyz:SMSN,6.25e-06,-9.833e-07
1774202400081,2026-03-22T18:00:00.081+00:00,xyz:SMSN,-6.78691e-05,-0.0013859058
1774206000039,2026-03-22T19:00:00.039+00:00,xyz:SMSN,-0.0001559204,-0.0027947265
1774209600048,2026-03-22T20:00:00.048+00:00,xyz:SMSN,-0.0001227505,-0.0022640083
1774213200082,2026-03-22T21:00:00.082+00:00,xyz:SMSN,-9.01314e-05,-0.0017421027
1774216800090,2026-03-22T22:00:00.090+00:00,xyz:SMSN,-8.24292e-05,-0.001618867
1774220400049,2026-03-22T23:00:00.049+00:00,xyz:SMSN,0.0003030297,0.0051484753
1774224000261,2026-03-23T00:00:00.261+00:00,xyz:SMSN,-9.93121e-05,-0.001888993
1774227600069,2026-03-23T01:00:00.069+00:00,xyz:SMSN,1.02527e-05,0.0004640426
1774231200040,2026-03-23T02:00:00.040+00:00,xyz:SMSN,-0.0008408756,-0.0137540096
1774234800111,2026-03-23T03:00:00.111+00:00,xyz:SMSN,-0.0003167218,-0.0053675487
1774238400086,2026-03-23T04:00:00.086+00:00,xyz:SMSN,2.46234e-05,0.0006939749
1774242000014,2026-03-23T05:00:00.014+00:00,xyz:SMSN,-2.2765e-05,-0.0006642396
1774245600068,2026-03-23T06:00:00.068+00:00,xyz:SMSN,-4.83107e-05,-0.0010729707
1774249200043,2026-03-23T07:00:00.043+00:00,xyz:SMSN,-0.0001070052,-0.0020120829
1774252800066,2026-03-23T08:00:00.066+00:00,xyz:SMSN,-0.0006435004,-0.0105960072
1774256400071,2026-03-23T09:00:00.071+00:00,xyz:SMSN,-0.0007360594,-0.0120769498
1774260000081,2026-03-23T10:00:00.081+00:00,xyz:SMSN,-0.0003798115,-0.0063769839
1774263600004,2026-03-23T11:00:00.004+00:00,xyz:SMSN,-0.0001759144,-0.0031146297
1774267200045,2026-03-23T12:00:00.045+00:00,xyz:SMSN,0.0014956468,0.0242303495
1774270800056,2026-03-23T13:00:00.056+00:00,xyz:SMSN,0.0009158963,0.014954341
1774274400053,2026-03-23T14:00:00.053+00:00,xyz:SMSN,0.001110592,0.0180694712
1774278000071,2026-03-23T15:00:00.071+00:00,xyz:SMSN,0.0008861186,0.0144778976
1774281600048,2026-03-23T16:00:00.048+00:00,xyz:SMSN,0.0009348598,0.0152577562
1774285200080,2026-03-23T17:00:00.080+00:00,xyz:SMSN,-0.0006639242,-0.0109227876
1774288800041,2026-03-23T18:00:00.041+00:00,xyz:SMSN,-0.0001128481,-0.0021055699
1774292400054,2026-03-23T19:00:00.054+00:00,xyz:SMSN,0.0001837308,0.0032396921
1774296000019,2026-03-23T20:00:00.019+00:00,xyz:SMSN,0.0003340328,0.0056445242
1774299600090,2026-03-23T21:00:00.090+00:00,xyz:SMSN,0.0004424928,0.0073798846
1774303200162,2026-03-23T22:00:00.162+00:00,xyz:SMSN,0.0004375804,0.0073012862
1774306800056,2026-03-23T23:00:00.056+00:00,xyz:SMSN,0.0003700208,0.0062203329
1774310400027,2026-03-24T00:00:00.027+00:00,xyz:SMSN,7.5e-05,0.0015
1774314000082,2026-03-24T01:00:00.082+00:00,xyz:SMSN,6.81975e-05,0.0013911605
1774317600034,2026-03-24T02:00:00.034+00:00,xyz:SMSN,4.72098e-05,0.001055357
1774321200000,2026-03-24T03:00:00.000+00:00,xyz:SMSN,-5.11436e-05,-0.0011182972
1774324800016,2026-03-24T04:00:00.016+00:00,xyz:SMSN,-0.0001065927,-0.0020054827
1774328400079,2026-03-24T05:00:00.079+00:00,xyz:SMSN,-4.14296e-05,-0.0009628734
1774332000003,2026-03-24T06:00:00.003+00:00,xyz:SMSN,-8.16624e-05,-0.0016065985
1774335600088,2026-03-24T07:00:00.088+00:00,xyz:SMSN,-0.0001356291,-0.0024700656
1774339200033,2026-03-24T08:00:00.033+00:00,xyz:SMSN,-8.04818e-05,-0.0015877086
1774342800051,2026-03-24T09:00:00.051+00:00,xyz:SMSN,1.00219e-05,0.0004603497
1774346400105,2026-03-24T10:00:00.105+00:00,xyz:SMSN,-0.0001412855,-0.0025605682
1774350000045,2026-03-24T11:00:00.045+00:00,xyz:SMSN,-0.0002932379,-0.0049918071
1774353600096,2026-03-24T12:00:00.096+00:00,xyz:SMSN,-0.0002631527,-0.0045104438
1774357200028,2026-03-24T13:00:00.028+00:00,xyz:SMSN,-8.37281e-05,-0.0016396498
1774360800089,2026-03-24T14:00:00.089+00:00,xyz:SMSN,-8.4554e-05,-0.0016528632
1774364400033,2026-03-24T15:00:00.033+00:00,xyz:SMSN,-9.62702e-05,-0.0018403237
1774368000039,2026-03-24T16:00:00.039+00:00,xyz:SMSN,-3.82059e-05,-0.0009112944
1774371600061,2026-03-24T17:00:00.061+00:00,xyz:SMSN,-0.0001256874,-0.0023109992
1774375200062,2026-03-24T18:00:00.062+00:00,xyz:SMSN,-0.0001566377,-0.0028062031
1774378800040,2026-03-24T19:00:00.040+00:00,xyz:SMSN,-0.0001608079,-0.0028729257
1774382400058,2026-03-24T20:00:00.058+00:00,xyz:SMSN,0.0001826825,0.0032229205
1774386000159,2026-03-24T21:00:00.159+00:00,xyz:SMSN,0.0010645238,0.01733238
1774389600052,2026-03-24T22:00:00.052+00:00,xyz:SMSN,0.0008964623,0.0146433975
1774393200069,2026-03-24T23:00:00.069+00:00,xyz:SMSN,0.0004663155,0.007761048
1774396800048,2026-03-25T00:00:00.048+00:00,xyz:SMSN,0.0003637191,0.0061195048
1774400400110,2026-03-25T01:00:00.110+00:00,xyz:SMSN,-4.64209e-05,-0.0010427351
1774404000086,2026-03-25T02:00:00.086+00:00,xyz:SMSN,-4.10607e-05,-0.0009569715
1774407600069,2026-03-25T03:00:00.069+00:00,xyz:SMSN,4.67183e-05,0.001047493
1774411200059,2026-03-25T04:00:00.059+00:00,xyz:SMSN,6.25e-06,0.000221788
1774414800076,2026-03-25T05:00:00.076+00:00,xyz:SMSN,-2.45814e-05,-0.0006933016
1774418400043,2026-03-25T06:00:00.043+00:00,xyz:SMSN,3.16737e-05,0.00080678
1774422000053,2026-03-25T07:00:00.053+00:00,xyz:SMSN,5.88526e-05,0.0012416423
1774425600007,2026-03-25T08:00:00.007+00:00,xyz:SMSN,9.1816e-05,0.0017690553
1774429200057,2026-03-25T09:00:00.057+00:00,xyz:SMSN,5.91108e-05,0.0012457734
1774432800090,2026-03-25T10:00:00.090+00:00,xyz:SMSN,0.0001043597,0.0019697548
1774436400018,2026-03-25T11:00:00.018+00:00,xyz:SMSN,0.0001701812,0.0030228986
1774440000038,2026-03-25T12:00:00.038+00:00,xyz:SMSN,0.0001478753,0.0026660051
1774443600032,2026-03-25T13:00:00.032+00:00,xyz:SMSN,-0.0004122919,-0.0068966699
1774447200041,2026-03-25T14:00:00.041+00:00,xyz:SMSN,-0.0005457088,-0.0090313407
1774450800062,2026-03-25T15:00:00.062+00:00,xyz:SMSN,-0.0007447724,-0.0122163586
1774454400052,2026-03-25T16:00:00.052+00:00,xyz:SMSN,-0.0005830199,-0.009628319
1774458000022,2026-03-25T17:00:00.022+00:00,xyz:SMSN,-0.0005257689,-0.0087123016
1774461600075,2026-03-25T18:00:00.075+00:00,xyz:SMSN,-0.0005189031,-0.0086024497
1774465200037,2026-03-25T19:00:00.037+00:00,xyz:SMSN,-0.0005211203,-0.0086379255
1774468800025,2026-03-25T20:00:00.025+00:00,xyz:SMSN,-0.0005176914,-0.0085830625
1774472400066,2026-03-25T21:00:00.066+00:00,xyz:SMSN,-0.0005157967,-0.0085527474
1774476000023,2026-03-25T22:00:00.023+00:00,xyz:SMSN,-0.0005317714,-0.0088083419
1774479600072,2026-03-25T23:00:00.072+00:00,xyz:SMSN,-0.0004397822,-0.0073365151
1774483200035,2026-03-26T00:00:00.035+00:00,xyz:SMSN,7.40011e-05,0.0014840176
1774486800006,2026-03-26T01:00:00.006+00:00,xyz:SMSN,9.50224e-05,0.0018203585
1774490400139,2026-03-26T02:00:00.139+00:00,xyz:SMSN,9.03567e-05,0.0017457078
1774494000114,2026-03-26T03:00:00.114+00:00,xyz:SMSN,0.0001690765,0.0030052236
1774497600110,2026-03-26T04:00:00.110+00:00,xyz:SMSN,6.25e-06,-0.0001127982
1774501200097,2026-03-26T05:00:00.097+00:00,xyz:SMSN,6.25e-06,0.0002846995
1774504800014,2026-03-26T06:00:00.014+00:00,xyz:SMSN,9.59036e-05,0.0018344583
1774508400009,2026-03-26T07:00:00.009+00:00,xyz:SMSN,9.84817e-05,0.0018757077
1774512000094,2026-03-26T08:00:00.094+00:00,xyz:SMSN,-2.9034e-05,-0.0007645444
1774515600075,2026-03-26T09:00:00.075+00:00,xyz:SMSN,9.31783e-05,0.0017908536
1774519200001,2026-03-26T10:00:00.001+00:00,xyz:SMSN,-5.61095e-05,-0.0011977524
1774522800072,2026-03-26T11:00:00.072+00:00,xyz:SMSN,-8.40575e-05,-0.0016449204
1774526400020,2026-03-26T12:00:00.020+00:00,xyz:SMSN,-9.9815e-06,-0.0004597047
1774530000078,2026-03-26T13:00:00.078+00:00,xyz:SMSN,-1.61633e-05,-0.0005586127
1774533600066,2026-03-26T14:00:00.066+00:00,xyz:SMSN,-6.27751e-05,-0.0013044023
1774537200018,2026-03-26T15:00:00.018+00:00,xyz:SMSN,6.1586e-06,-0.0002014617
1774540800055,2026-03-26T16:00:00.055+00:00,xyz:SMSN,-0.000199829,-0.0034972642
1774544400026,2026-03-26T17:00:00.026+00:00,xyz:SMSN,-0.0003555266,-0.0059884256
1774548000030,2026-03-26T18:00:00.030+00:00,xyz:SMSN,-0.0005431046,-0.0089896739
1774551600003,2026-03-26T19:00:00.003+00:00,xyz:SMSN,-0.0002328385,-0.0040254155
1774555200077,2026-03-26T20:00:00.077+00:00,xyz:SMSN,-0.0002880008,-0.0049080127
1774558800031,2026-03-26T21:00:00.031+00:00,xyz:SMSN,-0.0002076823,-0.0036229167
1774562400068,2026-03-26T22:00:00.068+00:00,xyz:SMSN,-8.20448e-05,-0.0016127174
1774566000071,2026-03-26T23:00:00.071+00:00,xyz:SMSN,-4.13271e-05,-0.0009612334
1774569600013,2026-03-27T00:00:00.013+00:00,xyz:SMSN,0.0004974598,0.0082593573
1774573200004,2026-03-27T01:00:00.004+00:00,xyz:SMSN,0.0002799248,0.0047787969
1774576800007,2026-03-27T02:00:00.007+00:00,xyz:SMSN,0.0001172969,0.0021767501
1774580400045,2026-03-27T03:00:00.045+00:00,xyz:SMSN,0.0001043353,0.0019693646
1774584000027,2026-03-27T04:00:00.027+00:00,xyz:SMSN,9.02991e-05,0.0017447856
1774587600055,2026-03-27T05:00:00.055+00:00,xyz:SMSN,-5.69023e-05,-0.0012104374
1774591200021,2026-03-27T06:00:00.021+00:00,xyz:SMSN,-0.0002518873,-0.004330196
1774594800047,2026-03-27T07:00:00.047+00:00,xyz:SMSN,-8.97619e-05,-0.0017361896
1774598400042,2026-03-27T08:00:00.042+00:00,xyz:SMSN,4.22218e-05,0.000975549
1774602000078,2026-03-27T09:00:00.078+00:00,xyz:SMSN,0.0001099645,0.0020594315
1774605600011,2026-03-27T10:00:00.011+00:00,xyz:SMSN,0.0001515373,0.0027245971
1774609200056,2026-03-27T11:00:00.056+00:00,xyz:SMSN,2.18951e-05,0.000650322
1774612800073,2026-03-27T12:00:00.073+00:00,xyz:SMSN,3.80456e-05,0.0009087294
1774616400020,2026-03-27T13:00:00.020+00:00,xyz:SMSN,-0.0001343739,-0.0024499825
1774620000027,2026-03-27T14:00:00.027+00:00,xyz:SMSN,-1.41322e-05,-0.0005261144
1774623600082,2026-03-27T15:00:00.082+00:00,xyz:SMSN,0.0001085077,0.0020361226
1774627200069,2026-03-27T16:00:00.069+00:00,xyz:SMSN,0.0001701019,0.0030216297
1774630800063,2026-03-27T17:00:00.063+00:00,xyz:SMSN,0.0001001428,0.0019022848
1774634400018,2026-03-27T18:00:00.018+00:00,xyz:SMSN,6.28486e-05,0.0013055771
1774638000017,2026-03-27T19:00:00.017+00:00,xyz:SMSN,5.29822e-05,0.0011477156
1774641600043,2026-03-27T20:00:00.043+00:00,xyz:SMSN,5.25675e-05,0.0011410804
1774645200064,2026-03-27T21:00:00.064+00:00,xyz:SMSN,4.97426e-05,0.0010958809
1774648800044,2026-03-27T22:00:00.044+00:00,xyz:SMSN,3.39122e-05,0.0008425946
1774652400008,2026-03-27T23:00:00.008+00:00,xyz:SMSN,2.75758e-05,0.0007412122
1774656000062,2026-03-28T00:00:00.062+00:00,xyz:SMSN,2.40403e-05,0.0006846447
1774659600004,2026-03-28T01:00:00.004+00:00,xyz:SMSN,2.76775e-05,0.0007428396
1774663200051,2026-03-28T02:00:00.051+00:00,xyz:SMSN,2.03499e-05,0.0006255977
1774666800023,2026-03-28T03:00:00.023+00:00,xyz:SMSN,6.25e-06,0.0003965405
1774670400106,2026-03-28T04:00:00.106+00:00,xyz:SMSN,6.25e-06,0.0003152961
1774674000055,2026-03-28T05:00:00.055+00:00,xyz:SMSN,6.25e-06,0.0003152961
1774677600067,2026-03-28T06:00:00.067+00:00,xyz:SMSN,6.25e-06,0.0003152961
1774681200039,2026-03-28T07:00:00.039+00:00,xyz:SMSN,6.25e-06,0.00031113
1774684800007,2026-03-28T08:00:00.007+00:00,xyz:SMSN,6.282e-06,0.0004005113
1774688400008,2026-03-28T09:00:00.008+00:00,xyz:SMSN,2.04538e-05,0.0006272606
1774692000014,2026-03-28T10:00:00.014+00:00,xyz:SMSN,1.38677e-05,0.0005218837
1774695600095,2026-03-28T11:00:00.095+00:00,xyz:SMSN,1.1872e-05,0.0004899517
1774699200014,2026-03-28T12:00:00.014+00:00,xyz:SMSN,8.9161e-06,0.0004426573
1774702800013,2026-03-28T13:00:00.013+00:00,xyz:SMSN,9.8274e-06,0.0004572386
1774706400047,2026-03-28T14:00:00.047+00:00,xyz:SMSN,9.3828e-06,0.0004501255
1774710000042,2026-03-28T15:00:00.042+00:00,xyz:SMSN,-1.21603e-05,-0.0004945642
1774713600047,2026-03-28T16:00:00.047+00:00,xyz:SMSN,-3.41857e-05,-0.0008469718
1774717200074,2026-03-28T17:00:00.074+00:00,xyz:SMSN,-4.08688e-05,-0.0009539003
1774720800070,2026-03-28T18:00:00.070+00:00,xyz:SMSN,-2.87614e-05,-0.0007601819
1774724400007,2026-03-28T19:00:00.007+00:00,xyz:SMSN,6.25e-06,-0.0001704152
1774728000075,2026-03-28T20:00:00.075+00:00,xyz:SMSN,6.25e-06,4.734e-05
1774731600036,2026-03-28T21:00:00.036+00:00,xyz:SMSN,6.25e-06,0.0001298311
1774735200009,2026-03-28T22:00:00.009+00:00,xyz:SMSN,6.25e-06,0.000167364
1774738800040,2026-03-28T23:00:00.040+00:00,xyz:SMSN,6.25e-06,0.0003317513
1774742400085,2026-03-29T00:00:00.085+00:00,xyz:SMSN,6.35518e-05,0.0013168294
1774746000068,2026-03-29T01:00:00.068+00:00,xyz:SMSN,6.35478e-05,0.0013167642
1774749600040,2026-03-29T02:00:00.040+00:00,xyz:SMSN,4.88647e-05,0.0010818355
1774753200050,2026-03-29T03:00:00.050+00:00,xyz:SMSN,8.3147e-05,0.0016303523
1774756800034,2026-03-29T04:00:00.034+00:00,xyz:SMSN,8.5052e-05,0.0016608317
1774760400054,2026-03-29T05:00:00.054+00:00,xyz:SMSN,0.0002635199,0.0045163182
1774764000017,2026-03-29T06:00:00.017+00:00,xyz:SMSN,0.0002418043,0.0041688686
1774767600047,2026-03-29T07:00:00.047+00:00,xyz:SMSN,0.0003250056,0.0055000894
1774771200033,2026-03-29T08:00:00.033+00:00,xyz:SMSN,0.0002801725,0.0047827594
1774774800036,2026-03-29T09:00:00.036+00:00,xyz:SMSN,0.00032166,0.0054465597
1774778400121,2026-03-29T10:00:00.121+00:00,xyz:SMSN,0.0003205337,0.005428539
1774782000002,2026-03-29T11:00:00.002+00:00,xyz:SMSN,0.0003205311,0.0054284977
1774785600067,2026-03-29T12:00:00.067+00:00,xyz:SMSN,0.0002676969,0.0045831502
1774789200056,2026-03-29T13:00:00.056+00:00,xyz:SMSN,0.0002108438,0.0036735002
1774792800026,2026-03-29T14:00:00.026+00:00,xyz:SMSN,0.0001948515,0.0034176236
1774796400057,2026-03-29T15:00:00.057+00:00,xyz:SMSN,7.49346e-05,0.0014989529
1774800000029,2026-03-29T16:00:00.029+00:00,xyz:SMSN,1.33875e-05,0.0005141992
1774803600011,2026-03-29T17:00:00.011+00:00,xyz:SMSN,6.25e-06,0.0003051048
1774807200092,2026-03-29T18:00:00.092+00:00,xyz:SMSN,6.25e-06,3.033e-05
1774810800066,2026-03-29T19:00:00.066+00:00,xyz:SMSN,6.25e-06,-8.48189e-05
1774814400062,2026-03-29T20:00:00.062+00:00,xyz:SMSN,6.25e-06,2.51914e-05
1774818000026,2026-03-29T21:00:00.026+00:00,xyz:SMSN,6.25e-06,2.51678e-05
1774821600013,2026-03-29T22:00:00.013+00:00,xyz:SMSN,-5.30928e-05,-0.0011494842
1774825200096,2026-03-29T23:00:00.096+00:00,xyz:SMSN,-7.5179e-05,-0.0015028648
1774828800038,2026-03-30T00:00:00.038+00:00,xyz:SMSN,0.0007887978,0.0129207646
1774832400030,2026-03-30T01:00:00.030+00:00,xyz:SMSN,0.0002447873,0.0042165975
1774836000054,2026-03-30T02:00:00.054+00:00,xyz:SMSN,0.0001154249,0.0021467985
1774839600013,2026-03-30T03:00:00.013+00:00,xyz:SMSN,8.06005e-05,0.0015896072
1774843200074,2026-03-30T04:00:00.074+00:00,xyz:SMSN,6.25e-06,-4.12137e-05
1774846800056,2026-03-30T05:00:00.056+00:00,xyz:SMSN,8.8117e-05,0.0017098728
1774850400089,2026-03-30T06:00:00.089+00:00,xyz:SMSN,0.0001134637,0.0021154193
1774854000043,2026-03-30T07:00:00.043+00:00,xyz:SMSN,4.8456e-06,-0.0002224701
1774857600192,2026-03-30T08:00:00.192+00:00,xyz:SMSN,-2.3794e-06,-0.0003380697
1774861200039,2026-03-30T09:00:00.039+00:00,xyz:SMSN,-9.71906e-05,-0.0018550497
1774864800052,2026-03-30T10:00:00.052+00:00,xyz:SMSN,-6.09618e-05,-0.0012753887
1774868400059,2026-03-30T11:00:00.059+00:00,xyz:SMSN,8.876e-06,0.000442016
1774872000038,2026-03-30T12:00:00.038+00:00,xyz:SMSN,-2.62906e-05,-0.0007206493
1774875600031,2026-03-30T13:00:00.031+00:00,xyz:SMSN,0.0001440686,0.002605098
1774879200046,2026-03-30T14:00:00.046+00:00,xyz:SMSN,0.0001254052,0.0023064835
1774882800019,2026-03-30T15:00:00.019+00:00,xyz:SMSN,0.0002374304,0.0040988869
1774886400071,2026-03-30T16:00:00.071+00:00,xyz:SMSN,-6.26529e-05,-0.0013024462
1774890000108,2026-03-30T17:00:00.108+00:00,xyz:SMSN,-9.24857e-05,-0.0017797711
1774893600051,2026-03-30T18:00:00.051+00:00,xyz:SMSN,-0.0001777258,-0.0031436121
1774897200085,2026-03-30T19:00:00.085+00:00,xyz:SMSN,-0.0005688144,-0.0094010304
1774900800055,2026-03-30T20:00:00.055+00:00,xyz:SMSN,-0.0014615004,-0.0236840071
1774904400095,2026-03-30T21:00:00.095+00:00,xyz:SMSN,-0.0006509999,-0.0107159984
1774908000021,2026-03-30T22:00:00.021+00:00,xyz:SMSN,0.000132493,0.0024198875
1774911600066,2026-03-30T23:00:00.066+00:00,xyz:SMSN,9.85936e-05,0.001877498
1774915200016,2026-03-31T00:00:00.016+00:00,xyz:SMSN,0.0002433726,0.004193961
1774918800038,2026-03-31T01:00:00.038+00:00,xyz:SMSN,0.0001821371,0.0032141943
1774922400066,2026-03-31T02:00:00.066+00:00,xyz:SMSN,2.17756e-05,0.0006484093
1774926000092,2026-03-31T03:00:00.092+00:00,xyz:SMSN,9.99482e-05,0.0018991716
1774929600073,2026-03-31T04:00:00.073+00:00,xyz:SMSN,8.3932e-05,0.0016429114
1774933200062,2026-03-31T05:00:00.062+00:00,xyz:SMSN,5.80686e-05,0.0012290976
1774936800022,2026-03-31T06:00:00.022+00:00,xyz:SMSN,-6.26e-08,-0.0003010008
1774940400045,2026-03-31T07:00:00.045+00:00,xyz:SMSN,-8.95661e-05,-0.0017330571
1774944000000,2026-03-31T08:00:00.000+00:00,xyz:SMSN,-0.0002500427,-0.0043006834
1774947600056,2026-03-31T09:00:00.056+00:00,xyz:SMSN,-0.0001070372,-0.002012596
1774951200021,2026-03-31T10:00:00.021+00:00,xyz:SMSN,-0.0001792989,-0.0031687825
1774954800032,2026-03-31T11:00:00.032+00:00,xyz:SMSN,0.0001126563,0.0021025001
1774958400073,2026-03-31T12:00:00.073+00:00,xyz:SMSN,0.0002359743,0.0040755892
1774962000030,2026-03-31T13:00:00.030+00:00,xyz:SMSN,0.0003454872,0.0058277946
1774965600038,2026-03-31T14:00:00.038+00:00,xyz:SMSN,0.0001721385,0.0030542156
1774969200043,2026-03-31T15:00:00.043+00:00,xyz:SMSN,0.0007653602,0.0125457629
1774972800025,2026-03-31T16:00:00.025+00:00,xyz:SMSN,0.0006010883,0.009917413
1774976400030,2026-03-31T17:00:00.030+00:00,xyz:SMSN,0.0004041382,0.006766212
1774980000007,2026-03-31T18:00:00.007+00:00,xyz:SMSN,0.0014646577,0.0237345239
1774983600051,2026-03-31T19:00:00.051+00:00,xyz:SMSN,0.0007529737,0.0123475797
1774987200039,2026-03-31T20:00:00.039+00:00,xyz:SMSN,0.0005852207,0.0096635317
1774990800026,2026-03-31T21:00:00.026+00:00,xyz:SMSN,0.0004721499,0.0078543985
1774994400046,2026-03-31T22:00:00.046+00:00,xyz:SMSN,0.0007476161,0.0122618569
1774998000029,2026-03-31T23:00:00.029+00:00,xyz:SMSN,0.0004222897,0.0070566352
1775001600068,2026-04-01T00:00:00.068+00:00,xyz:SMSN,9.63999e-05,0.0018423987
1775005200022,2026-04-01T01:00:00.022+00:00,xyz:SMSN,0.0001216902,0.002247044
1775008800050,2026-04-01T02:00:00.050+00:00,xyz:SMSN,-6.353e-07,-0.0003101648
1775012400044,2026-04-01T03:00:00.044+00:00,xyz:SMSN,-0.0002977617,-0.0050641878
1775016000042,2026-04-01T04:00:00.042+00:00,xyz:SMSN,-0.0002505432,-0.004308691
1775019600057,2026-04-01T05:00:00.057+00:00,xyz:SMSN,-0.0002645879,-0.0045334064
1775023200051,2026-04-01T06:00:00.051+00:00,xyz:SMSN,-0.0002950521,-0.0050208343
1775026800039,2026-04-01T07:00:00.039+00:00,xyz:SMSN,-0.0001311065,-0.0023977034
1775030400062,2026-04-01T08:00:00.062+00:00,xyz:SMSN,6.25e-06,-0.0001779459
1775034000046,2026-04-01T09:00:00.046+00:00,xyz:SMSN,6.25e-06,0.0002340705
1775037600050,2026-04-01T10:00:00.050+00:00,xyz:SMSN,-1.4162e-06,-0.0003226596
1775041200068,2026-04-01T11:00:00.068+00:00,xyz:SMSN,-0.0001908908,-0.0033542525
1775044800081,2026-04-01T12:00:00.081+00:00,xyz:SMSN,-0.0002677297,-0.0045836754
1775048400011,2026-04-01T13:00:00.011+00:00,xyz:SMSN,-0.0001570763,-0.0028132206
1775052000131,2026-04-01T14:00:00.131+00:00,xyz:SMSN,1.72205e-05,0.0005755288
1775055600029,2026-04-01T15:00:00.029+00:00,xyz:SMSN,0.0002227229,0.0038635664
1775059200078,2026-04-01T16:00:00.078+00:00,xyz:SMSN,0.0004776642,0.0079426265
1775062800076,2026-04-01T17:00:00.076+00:00,xyz:SMSN,0.0005551204,0.0091819258
1775066400071,2026-04-01T18:00:00.071+00:00,xyz:SMSN,0.0001276925,0.0023430798
1775070000017,2026-04-01T19:00:00.017+00:00,xyz:SMSN,-0.0002606443,-0.0044703087
1775073600045,2026-04-01T20:00:00.045+00:00,xyz:SMSN,-3.8548e-06,-0.0003616772
1775077200041,2026-04-01T21:00:00.041+00:00,xyz:SMSN,7.69391e-05,0.0015310261
1775080800030,2026-04-01T22:00:00.030+00:00,xyz:SMSN,0.0001430551,0.0025888816
1775084400042,2026-04-01T23:00:00.042+00:00,xyz:SMSN,7.31581e-05,0.0014705288
1775088000177,2026-04-02T00:00:00.177+00:00,xyz:SMSN,-0.0001088244,-0.0020411904
1775091600004,2026-04-02T01:00:00.004+00:00,xyz:SMSN,-1.53868e-05,-0.0005461886
1775095200060,2026-04-02T02:00:00.060+00:00,xyz:SMSN,0.0002563954,0.0044023268
1775098800041,2026-04-02T03:00:00.041+00:00,xyz:SMSN,0.0003054507,0.0051872112
1775102400059,2026-04-02T04:00:00.059+00:00,xyz:SMSN,0.0002839603,0.0048433645
1775106000030,2026-04-02T05:00:00.030+00:00,xyz:SMSN,0.0001330188,0.0024283014
1775109600039,2026-04-02T06:00:00.039+00:00,xyz:SMSN,0.0001610428,0.0028766843
1775113200070,2026-04-02T07:00:00.070+00:00,xyz:SMSN,0.0001655735,0.0029491755
1775116800129,2026-04-02T08:00:00.129+00:00,xyz:SMSN,4.88214e-05,0.0010811419
1775120400026,2026-04-02T09:00:00.026+00:00,xyz:SMSN,5.8879e-05,0.0012420641
1775124000051,2026-04-02T10:00:00.051+00:00,xyz:SMSN,6.25e-06,0.0003981148
1775127600014,2026-04-02T11:00:00.014+00:00,xyz:SMSN,0.0002362081,0.0040793299
1775131200021,2026-04-02T12:00:00.021+00:00,xyz:SMSN,4.75282e-05,0.0010604507
1775134800075,2026-04-02T13:00:00.075+00:00,xyz:SMSN,-1.95983e-05,-0.0006135723
1775138400049,2026-04-02T14:00:00.049+00:00,xyz:SMSN,-0.0002361559,-0.0040784952
1775142000065,2026-04-02T15:00:00.065+00:00,xyz:SMSN,0.00088231,0.0144169595
1775145600040,2026-04-02T16:00:00.040+00:00,xyz:SMSN,0.0005546993,0.0091751895
1775149200022,2026-04-02T17:00:00.022+00:00,xyz:SMSN,0.0001727768,0.003064429
1775152800037,2026-04-02T18:00:00.037+00:00,xyz:SMSN,0.0004070687,0.0068130989
1775156400006,2026-04-02T19:00:00.006+00:00,xyz:SMSN,0.0003454152,0.0058266434
1775160000023,2026-04-02T20:00:00.023+00:00,xyz:SMSN,0.0006999008,0.0114984134
1775163600131,2026-04-02T21:00:00.131+00:00,xyz:SMSN,0.0005523129,0.0091370065
1775167200013,2026-04-02T22:00:00.013+00:00,xyz:SMSN,0.0011467765,0.0186484245
1775170800004,2026-04-02T23:00:00.004+00:00,xyz:SMSN,0.0004011648,0.0067186369
1775174400021,2026-04-03T00:00:00.021+00:00,xyz:SMSN,7.38695e-05,0.0014819116
1775178000043,2026-04-03T01:00:00.043+00:00,xyz:SMSN,6.25e-06,-4.57709e-05
1775181600023,2026-04-03T02:00:00.023+00:00,xyz:SMSN,3.41843e-05,0.0008469481
1775185200048,2026-04-03T03:00:00.048+00:00,xyz:SMSN,0.0001039716,0.0019635448
1775188800039,2026-04-03T04:00:00.039+00:00,xyz:SMSN,-0.0001503452,-0.0027055238
1775192400086,2026-04-03T05:00:00.086+00:00,xyz:SMSN,-7.79652e-05,-0.0015474428
1775196000049,2026-04-03T06:00:00.049+00:00,xyz:SMSN,-0.0002103547,-0.0036656758
1775199600028,2026-04-03T07:00:00.028+00:00,xyz:SMSN,-0.0002414308,-0.004162892
1775203200069,2026-04-03T08:00:00.069+00:00,xyz:SMSN,7.1077e-06,0.0004137233
1775206800054,2026-04-03T09:00:00.054+00:00,xyz:SMSN,9.82933e-05,0.0018726921
1775210400043,2026-04-03T10:00:00.043+00:00,xyz:SMSN,1.83504e-05,0.000593606
1775214000041,2026-04-03T11:00:00.041+00:00,xyz:SMSN,-3.88891e-05,-0.0009222256
1775217600031,2026-04-03T12:00:00.031+00:00,xyz:SMSN,-9.78728e-05,-0.0018659649
1775221200058,2026-04-03T13:00:00.058+00:00,xyz:SMSN,-5.41308e-05,-0.0011660933
1775224800001,2026-04-03T14:00:00.001+00:00,xyz:SMSN,-4.87831e-05,-0.0010805298
1775228400044,2026-04-03T15:00:00.044+00:00,xyz:SMSN,-3.84975e-05,-0.0009159606
1775232000033,2026-04-03T16:00:00.033+00:00,xyz:SMSN,-8.04328e-05,-0.0015869244
1775235600040,2026-04-03T17:00:00.040+00:00,xyz:SMSN,-0.000132887,-0.0024261922
1775239200069,2026-04-03T18:00:00.069+00:00,xyz:SMSN,-0.0001352322,-0.0024637144
1775242800026,2026-04-03T19:00:00.026+00:00,xyz:SMSN,-0.0001902247,-0.0033435949
1775246400036,2026-04-03T20:00:00.036+00:00,xyz:SMSN,-0.0002125304,-0.0037004869
1775250000048,2026-04-03T21:00:00.048+00:00,xyz:SMSN,-1.69113e-05,-0.0005705807
1775253600031,2026-04-03T22:00:00.031+00:00,xyz:SMSN,6.25e-06,0.0002598588
1775257200039,2026-04-03T23:00:00.039+00:00,xyz:SMSN,3.90146e-05,0.0009242332
1775260800063,2026-04-04T00:00:00.063+00:00,xyz:SMSN,4.44852e-05,0.0010117628
1775264400014,2026-04-04T01:00:00.014+00:00,xyz:SMSN,-0.00044742,-0.0074587195
1775268000021,2026-04-04T02:00:00.021+00:00,xyz:SMSN,-0.0005807173,-0.0095914775
1775271600064,2026-04-04T03:00:00.064+00:00,xyz:SMSN,-8.7418e-06,-0.0004398689
1775275200011,2026-04-04T04:00:00.011+00:00,xyz:SMSN,-0.0002796693,-0.0047747092
1775278800063,2026-04-04T05:00:00.063+00:00,xyz:SMSN,-0.0003195703,-0.0054131249
1775282400057,2026-04-04T06:00:00.057+00:00,xyz:SMSN,-0.0002746683,-0.004694693
1775286000051,2026-04-04T07:00:00.051+00:00,xyz:SMSN,-0.0001289599,-0.0023633582
1775289600033,2026-04-04T08:00:00.033+00:00,xyz:SMSN,-0.0002188316,-0.0038013056
1775293200008,2026-04-04T09:00:00.008+00:00,xyz:SMSN,-0.0002739665,-0.0046834634
1775296800029,2026-04-04T10:00:00.029+00:00,xyz:SMSN,-0.0001589433,-0.0028430928
1775300400050,2026-04-04T11:00:00.050+00:00,xyz:SMSN,-0.0001459875,-0.0026358
1775304000009,2026-04-04T12:00:00.009+00:00,xyz:SMSN,-0.0001291579,-0.0023665268
1775307600107,2026-04-04T13:00:00.107+00:00,xyz:SMSN,-0.0001651534,-0.0029424544
1775311200065,2026-04-04T14:00:00.065+00:00,xyz:SMSN,-0.0001606416,-0.0028702653
1775314800008,2026-04-04T15:00:00.008+00:00,xyz:SMSN,-1.24445e-05,-0.0004991127
1775318400038,2026-04-04T16:00:00.038+00:00,xyz:SMSN,3.04825e-05,0.0007877202
1775322000041,2026-04-04T17:00:00.041+00:00,xyz:SMSN,8.47442e-05,0.0016559068
1775325600064,2026-04-04T18:00:00.064+00:00,xyz:SMSN,9.01241e-05,0.001741986
1775329200012,2026-04-04T19:00:00.012+00:00,xyz:SMSN,0.0001077982,0.0020247711
1775332800063,2026-04-04T20:00:00.063+00:00,xyz:SMSN,0.0001075711,0.0020211378
1775336400037,2026-04-04T21:00:00.037+00:00,xyz:SMSN,0.0001077822,0.0020245149
1775340000032,2026-04-04T22:00:00.032+00:00,xyz:SMSN,0.0001078011,0.0020248176
1775343600014,2026-04-04T23:00:00.014+00:00,xyz:SMSN,9.62872e-05,0.0018405951
1775347200047,2026-04-05T00:00:00.047+00:00,xyz:SMSN,8.94604e-05,0.0017313658
1775350800058,2026-04-05T01:00:00.058+00:00,xyz:SMSN,0.0001508418,0.0027134687
1775354400058,2026-04-05T02:00:00.058+00:00,xyz:SMSN,9.77611e-05,0.0018641774
1775358000014,2026-04-05T03:00:00.014+00:00,xyz:SMSN,-0.0001748773,-0.0030980364
1775361600022,2026-04-05T04:00:00.022+00:00,xyz:SMSN,-0.0001819441,-0.0032111053
1775365200024,2026-04-05T05:00:00.024+00:00,xyz:SMSN,-0.000196198,-0.0034391684
1775368800051,2026-04-05T06:00:00.051+00:00,xyz:SMSN,6.25e-06,3.49522e-05
1775372400048,2026-04-05T07:00:00.048+00:00,xyz:SMSN,0.0001203409,0.0022254551
1775376000066,2026-04-05T08:00:00.066+00:00,xyz:SMSN,0.0001099828,0.0020597254
1775379600017,2026-04-05T09:00:00.017+00:00,xyz:SMSN,0.0002974444,0.0050591101
1775383200017,2026-04-05T10:00:00.017+00:00,xyz:SMSN,0.0002659083,0.0045545334
1775386800024,2026-04-05T11:00:00.024+00:00,xyz:SMSN,0.0001877344,0.0033037505
1775390400017,2026-04-05T12:00:00.017+00:00,xyz:SMSN,6.25e-06,0.0003757286
1775394000047,2026-04-05T13:00:00.047+00:00,xyz:SMSN,6.25e-06,8.89642e-05
1775397600057,2026-04-05T14:00:00.057+00:00,xyz:SMSN,-6.00263e-05,-0.001260421
1775401200081,2026-04-05T15:00:00.081+00:00,xyz:SMSN,-0.0001584105,-0.0028345685
1775404800031,2026-04-05T16:00:00.031+00:00,xyz:SMSN,-0.0001489714,-0.0026835421
1775408400049,2026-04-05T17:00:00.049+00:00,xyz:SMSN,0.000328518,0.0055562879
1775412000042,2026-04-05T18:00:00.042+00:00,xyz:SMSN,0.0012428436,0.0201854977
1775415600041,2026-04-05T19:00:00.041+00:00,xyz:SMSN,0.0012681247,0.0205899944
1775419200030,2026-04-05T20:00:00.030+00:00,xyz:SMSN,0.0005157604,0.0085521665
1775422800003,2026-04-05T21:00:00.003+00:00,xyz:SMSN,0.000252199,0.004335184
1775426400060,2026-04-05T22:00:00.060+00:00,xyz:SMSN,7.38047e-05,0.0014808752
1775430000020,2026-04-05T23:00:00.020+00:00,xyz:SMSN,-0.0004483981,-0.0074743692
1775433600029,2026-04-06T00:00:00.029+00:00,xyz:SMSN,-0.0001203847,-0.0022261554
1775437200040,2026-04-06T01:00:00.040+00:00,xyz:SMSN,6.25e-06,-0.0001918031
1775440800000,2026-04-06T02:00:00.000+00:00,xyz:SMSN,0.0005153382,0.0085454114
1775444400049,2026-04-06T03:00:00.049+00:00,xyz:SMSN,0.0004542305,0.0075676874
1775448000002,2026-04-06T04:00:00.002+00:00,xyz:SMSN,0.000538415,0.0089146401
1775451600047,2026-04-06T05:00:00.047+00:00,xyz:SMSN,0.0003851266,0.0064620261
1775455200025,2026-04-06T06:00:00.025+00:00,xyz:SMSN,6.87879e-05,0.0014006065
1775458800064,2026-04-06T07:00:00.064+00:00,xyz:SMSN,1.73049e-05,0.000576878
1775462400053,2026-04-06T08:00:00.053+00:00,xyz:SMSN,-3.47368e-05,-0.0008557884
1775466000012,2026-04-06T09:00:00.012+00:00,xyz:SMSN,-6.6094e-05,-0.0013575045
1775469600006,2026-04-06T10:00:00.006+00:00,xyz:SMSN,5.23021e-05,0.0011368335
1775473200016,2026-04-06T11:00:00.016+00:00,xyz:SMSN,0.0003558018,0.0059928286
1775476800072,2026-04-06T12:00:00.072+00:00,xyz:SMSN,0.0001554228,0.0027867641
1775480400031,2026-04-06T13:00:00.031+00:00,xyz:SMSN,2.24536e-05,0.0006592579
1775484000066,2026-04-06T14:00:00.066+00:00,xyz:SMSN,-3.60755e-05,-0.0008772083
1775487600048,2026-04-06T15:00:00.048+00:00,xyz:SMSN,-0.0003677976,-0.0061847617
1775491200056,2026-04-06T16:00:00.056+00:00,xyz:SMSN,-0.0002912479,-0.0049599658
1775494800002,2026-04-06T17:00:00.002+00:00,xyz:SMSN,-0.0003346085,-0.0056537359
1775498400039,2026-04-06T18:00:00.039+00:00,xyz:SMSN,-0.0003106925,-0.0052710804
1775502000000,2026-04-06T19:00:00.000+00:00,xyz:SMSN,-0.0001562311,-0.0027996971
1775505600078,2026-04-06T20:00:00.078+00:00,xyz:SMSN,-0.0001254074,-0.0023065181
1775509200054,2026-04-06T21:00:00.054+00:00,xyz:SMSN,0.0001929202,0.0033867234
1775512800043,2026-04-06T22:00:00.043+00:00,xyz:SMSN,0.0001588159,0.0028410549
1775516400021,2026-04-06T23:00:00.021+00:00,xyz:SMSN,0.0005946762,0.0098148192
1775520000046,2026-04-07T00:00:00.046+00:00,xyz:SMSN,8.33441e-05,0.0016335051
1775523600015,2026-04-07T01:00:00.015+00:00,xyz:SMSN,0.0002635777,0.0045172424
1775527200012,2026-04-07T02:00:00.012+00:00,xyz:SMSN,0.0003491215,0.0058859438
1775530800093,2026-04-07T03:00:00.093+00:00,xyz:SMSN,2.1003e-05,0.000636048
1775534400017,2026-04-07T04:00:00.017+00:00,xyz:SMSN,1.6965e-06,-0.0002728555
1775538000006,2026-04-07T05:00:00.006+00:00,xyz:SMSN,6.25e-06,2.20664e-05
1775541600030,2026-04-07T06:00:00.030+00:00,xyz:SMSN,-0.0001508464,-0.0027135426
1775545200064,2026-04-07T07:00:00.064+00:00,xyz:SMSN,0.0001365383,0.002484613
1775548800020,2026-04-07T08:00:00.020+00:00,xyz:SMSN,0.0003158194,0.0053531111
1775552400031,2026-04-07T09:00:00.031+00:00,xyz:SMSN,6.25e-06,0.0003921593
1775556000005,2026-04-07T10:00:00.005+00:00,xyz:SMSN,-5.79925e-05,-0.0012278802
1775559600030,2026-04-07T11:00:00.030+00:00,xyz:SMSN,0.0002135217,0.0037163478
1775563200037,2026-04-07T12:00:00.037+00:00,xyz:SMSN,0.0004088059,0.0068408947
1775566800060,2026-04-07T13:00:00.060+00:00,xyz:SMSN,0.0003335492,0.0056367864
1775570400027,2026-04-07T14:00:00.027+00:00,xyz:SMSN,0.0002942917,0.0050086674
1775574000041,2026-04-07T15:00:00.041+00:00,xyz:SMSN,-0.0004252116,-0.0071033864
1775577600036,2026-04-07T16:00:00.036+00:00,xyz:SMSN,-0.0009114489,-0.0148831817
1775581200024,2026-04-07T17:00:00.024+00:00,xyz:SMSN,5.26765e-05,0.0011428241
1775584800013,2026-04-07T18:00:00.013+00:00,xyz:SMSN,6.25e-06,-8.23858e-05
1775588400017,2026-04-07T19:00:00.017+00:00,xyz:SMSN,-7.36248e-05,-0.001477996
1775592000041,2026-04-07T20:00:00.041+00:00,xyz:SMSN,0.0002910509,0.0049568137
1775595600062,2026-04-07T21:00:00.062+00:00,xyz:SMSN,0.0014936413,0.0241982611
1775599200029,2026-04-07T22:00:00.029+00:00,xyz:SMSN,0.0012011625,0.0195185994
1775602800038,2026-04-07T23:00:00.038+00:00,xyz:SMSN,0.0008279503,0.0135472043
1775606400094,2026-04-08T00:00:00.094+00:00,xyz:SMSN,0.0002500076,0.0043001217
1775610000057,2026-04-08T01:00:00.057+00:00,xyz:SMSN,-0.0005692262,-0.0094076197
1775613600043,2026-04-08T02:00:00.043+00:00,xyz:SMSN,-8.87665e-05,-0.0017202644
1775617200059,2026-04-08T03:00:00.059+00:00,xyz:SMSN,-1.64009e-05,-0.0005624151
1775620800012,2026-04-08T04:00:00.012+00:00,xyz:SMSN,-3.71203e-05,-0.0008939254
1775624400056,2026-04-08T05:00:00.056+00:00,xyz:SMSN,-0.000192819,-0.0033851037
1775628000065,2026-04-08T06:00:00.065+00:00,xyz:SMSN,8.57802e-05,0.0016724839
1775631600039,2026-04-08T07:00:00.039+00:00,xyz:SMSN,0.0001157606,0.0021521695
1775635200005,2026-04-08T08:00:00.005+00:00,xyz:SMSN,0.0001766081,0.0031257303
1775638800047,2026-04-08T09:00:00.047+00:00,xyz:SMSN,0.0001023705,0.0019379272
1775642400004,2026-04-08T10:00:00.004+00:00,xyz:SMSN,0.0001429165,0.0025866647
1775646000027,2026-04-08T11:00:00.027+00:00,xyz:SMSN,5.42839e-05,0.0011685424
1775649600000,2026-04-08T12:00:00.000+00:00,xyz:SMSN,-9.64803e-05,-0.0018436841
1775653200019,2026-04-08T13:00:00.019+00:00,xyz:SMSN,-3.70675e-05,-0.0008930796
1775656800064,2026-04-08T14:00:00.064+00:00,xyz:SMSN,0.0002180491,0.0037887863
1775660400025,2026-04-08T15:00:00.025+00:00,xyz:SMSN,-0.0001941831,-0.00340693
1775664000054,2026-04-08T16:00:00.054+00:00,xyz:SMSN,-0.0007988382,-0.0130814112
1775667600009,2026-04-08T17:00:00.009+00:00,xyz:SMSN,-0.0005284405,-0.0087550474
1775671200046,2026-04-08T18:00:00.046+00:00,xyz:SMSN,1.1017e-06,-0.0002823734
1775674800026,2026-04-08T19:00:00.026+00:00,xyz:SMSN,0.0002819755,0.0048116087
1775678400068,2026-04-08T20:00:00.068+00:00,xyz:SMSN,0.0003639014,0.0061224229
1775682000031,2026-04-08T21:00:00.031+00:00,xyz:SMSN,0.0004841496,0.0080463936
1775685600010,2026-04-08T22:00:00.010+00:00,xyz:SMSN,0.0003465244,0.00584439
1775689200039,2026-04-08T23:00:00.039+00:00,xyz:SMSN,-0.0001060048,-0.0019960773
1775692800070,2026-04-09T00:00:00.070+00:00,xyz:SMSN,0.0003232793,0.0054724685
1775696400023,2026-04-09T01:00:00.023+00:00,xyz:SMSN,2.63991e-05,0.0007223855
1775700000010,2026-04-09T02:00:00.010+00:00,xyz:SMSN,0.0002871833,0.0048949333
1775703600053,2026-04-09T03:00:00.053+00:00,xyz:SMSN,0.0001029198,0.0019467164
1775707200015,2026-04-09T04:00:00.015+00:00,xyz:SMSN,0.000129467,0.0023714716
1775710800007,2026-04-09T05:00:00.007+00:00,xyz:SMSN,0.0001499499,0.002699198
1775714400021,2026-04-09T06:00:00.021+00:00,xyz:SMSN,3.5397e-05,0.0008663513
1775718000001,2026-04-09T07:00:00.001+00:00,xyz:SMSN,-1.63127e-05,-0.0005610037
1775721600056,2026-04-09T08:00:00.056+00:00,xyz:SMSN,-0.0002958779,-0.0050340465
1775725200008,2026-04-09T09:00:00.008+00:00,xyz:SMSN,-0.0001258462,-0.0023135398
1775728800006,2026-04-09T10:00:00.006+00:00,xyz:SMSN,-0.0002926805,-0.0049828884
1775732400010,2026-04-09T11:00:00.010+00:00,xyz:SMSN,-2.49981e-05,-0.0006999691
1775736000054,2026-04-09T12:00:00.054+00:00,xyz:SMSN,-0.0001373098,-0.0024969566
1775739600004,2026-04-09T13:00:00.004+00:00,xyz:SMSN,0.0002345899,0.0040534379
1775743200056,2026-04-09T14:00:00.056+00:00,xyz:SMSN,0.0004038033,0.006760853
1775746800041,2026-04-09T15:00:00.041+00:00,xyz:SMSN,0.0004618157,0.007689051
1775750400011,2026-04-09T16:00:00.011+00:00,xyz:SMSN,0.0007991302,0.0130860826
1775754000012,2026-04-09T17:00:00.012+00:00,xyz:SMSN,0.0012320741,0.0200131852
1775757600001,2026-04-09T18:00:00.001+00:00,xyz:SMSN,0.0001586166,0.0028378652
1775761200031,2026-04-09T19:00:00.031+00:00,xyz:SMSN,6.53177e-05,0.0013450837
1775764800004,2026-04-09T20:00:00.004+00:00,xyz:SMSN,8.49222e-05,0.0016587549
1775768400018,2026-04-09T21:00:00.018+00:00,xyz:SMSN,0.0001592483,0.0028479731
1775772000000,2026-04-09T22:00:00.000+00:00,xyz:SMSN,0.0001101349,0.0020621581
1775775600071,2026-04-09T23:00:00.071+00:00,xyz:SMSN,9.3013e-05,0.0017882081
1775779200062,2026-04-10T00:00:00.062+00:00,xyz:SMSN,9.97978e-05,0.0018967642
1775782800013,2026-04-10T01:00:00.013+00:00,xyz:SMSN,0.000300776,0.0051124154
1775786400002,2026-04-10T02:00:00.002+00:00,xyz:SMSN,-2.39051e-05,-0.0006824823
1775790000040,2026-04-10T03:00:00.040+00:00,xyz:SMSN,-0.0001709131,-0.0030346098
1775793600047,2026-04-10T04:00:00.047+00:00,xyz:SMSN,-8.70835e-05,-0.0016933356
1775797200031,2026-04-10T05:00:00.031+00:00,xyz:SMSN,-0.0001514987,-0.0027239789
1775800800026,2026-04-10T06:00:00.026+00:00,xyz:SMSN,4.61952e-05,0.0010391226
1775804400016,2026-04-10T07:00:00.016+00:00,xyz:SMSN,0.0003542166,0.0059674651
1775808000000,2026-04-10T08:00:00.000+00:00,xyz:SMSN,9.27046e-05,0.0017832731
1775811600015,2026-04-10T09:00:00.015+00:00,xyz:SMSN,2.0276e-06,-0.000267558
1775815200028,2026-04-10T10:00:00.028+00:00,xyz:SMSN,-8.4016e-05,-0.0016442558
1775818800010,2026-04-10T11:00:00.010+00:00,xyz:SMSN,-0.0002232131,-0.0038714089
1775822400057,2026-04-10T12:00:00.057+00:00,xyz:SMSN,-0.0005317631,-0.0088082101
1775826000032,2026-04-10T13:00:00.032+00:00,xyz:SMSN,-2.37039e-05,-0.0006792625
1775829600008,2026-04-10T14:00:00.008+00:00,xyz:SMSN,-5.313e-06,-0.0003850085
1775833200005,2026-04-10T15:00:00.005+00:00,xyz:SMSN,0.0001177336,0.002183737
1775836800053,2026-04-10T16:00:00.053+00:00,xyz:SMSN,0.0002327759,0.0040244151
1775840400022,2026-04-10T17:00:00.022+00:00,xyz:SMSN,0.0001956296,0.0034300742
1775844000021,2026-04-10T18:00:00.021+00:00,xyz:SMSN,0.0002759916,0.004715865
1775847600046,2026-04-10T19:00:00.046+00:00,xyz:SMSN,0.0002525737,0.0043411785
1775851200009,2026-04-10T20:00:00.009+00:00,xyz:SMSN,0.0003626498,0.0061023966
1775854800010,2026-04-10T21:00:00.010+00:00,xyz:SMSN,0.0004604893,0.0076678291
1775858400079,2026-04-10T22:00:00.079+00:00,xyz:SMSN,0.0002242581,0.0038881298
1775862000055,2026-04-10T23:00:00.055+00:00,xyz:SMSN,4.20304e-05,0.0009724872
1775865600015,2026-04-11T00:00:00.015+00:00,xyz:SMSN,0.0002076321,0.0036221136
1775869200006,2026-04-11T01:00:00.006+00:00,xyz:SMSN,0.0003878336,0.0065053378
1775872800020,2026-04-11T02:00:00.020+00:00,xyz:SMSN,0.000351851,0.0059296168
1775876400039,2026-04-11T03:00:00.039+00:00,xyz:SMSN,0.0003986621,0.006678594
1775880000013,2026-04-11T04:00:00.013+00:00,xyz:SMSN,0.0005449488,0.0090191803
1775883600005,2026-04-11T05:00:00.005+00:00,xyz:SMSN,0.0005612857,0.0092805705
1775887200024,2026-04-11T06:00:00.024+00:00,xyz:SMSN,0.0002967573,0.0050481171
1775890800016,2026-04-11T07:00:00.016+00:00,xyz:SMSN,0.0004686513,0.007798421
1775894400002,2026-04-11T08:00:00.002+00:00,xyz:SMSN,0.0004232237,0.0070715793
1775898000042,2026-04-11T09:00:00.042+00:00,xyz:SMSN,0.0001473622,0.0026577959
1775901600048,2026-04-11T10:00:00.048+00:00,xyz:SMSN,0.0001693147,0.003009035
1775905200040,2026-04-11T11:00:00.040+00:00,xyz:SMSN,0.0001947569,0.0034161096
1775908800055,2026-04-11T12:00:00.055+00:00,xyz:SMSN,5.68793e-05,0.0012100687
1775912400047,2026-04-11T13:00:00.047+00:00,xyz:SMSN,8.38402e-05,0.0016414425
1775916000001,2026-04-11T14:00:00.001+00:00,xyz:SMSN,2.63792e-05,0.0007220679
1775919600041,2026-04-11T15:00:00.041+00:00,xyz:SMSN,1.50907e-05,0.000541452
1775923200034,2026-04-11T16:00:00.034+00:00,xyz:SMSN,0.0001348141,0.0024570264
1775926800008,2026-04-11T17:00:00.008+00:00,xyz:SMSN,0.0003106616,0.0052705851
1775930400033,2026-04-11T18:00:00.033+00:00,xyz:SMSN,0.0003828425,0.0064254801
1775934000047,2026-04-11T19:00:00.047+00:00,xyz:SMSN,0.0001575915,0.0028214635
1775937600023,2026-04-11T20:00:00.023+00:00,xyz:SMSN,0.000970032,0.0158205122
1775941200058,2026-04-11T21:00:00.058+00:00,xyz:SMSN,0.0008375608,0.0137009724
1775944800036,2026-04-11T22:00:00.036+00:00,xyz:SMSN,0.0003947635,0.0066162155
1775948400020,2026-04-11T23:00:00.020+00:00,xyz:SMSN,0.0003458003,0.0058328052
1775952000067,2026-04-12T00:00:00.067+00:00,xyz:SMSN,0.0001996039,0.0034936616
1775955600044,2026-04-12T01:00:00.044+00:00,xyz:SMSN,0.0001643545,0.0029296718
1775959200031,2026-04-12T02:00:00.031+00:00,xyz:SMSN,-0.0002025688,-0.0035411004
1775962800029,2026-04-12T03:00:00.029+00:00,xyz:SMSN,-0.0010986002,-0.0178776037
1775966400055,2026-04-12T04:00:00.055+00:00,xyz:SMSN,-0.0001909029,-0.0033544472
1775970000066,2026-04-12T05:00:00.066+00:00,xyz:SMSN,9.4799e-06,0.0004516791
1775973600047,2026-04-12T06:00:00.047+00:00,xyz:SMSN,8.52237e-05,0.0016635789
1775977200004,2026-04-12T07:00:00.004+00:00,xyz:SMSN,8.93918e-05,0.0017302695
1775980800022,2026-04-12T08:00:00.022+00:00,xyz:SMSN,0.000167992,0.0029878716
1775984400049,2026-04-12T09:00:00.049+00:00,xyz:SMSN,0.0003587531,0.0060400496
1775988000011,2026-04-12T10:00:00.011+00:00,xyz:SMSN,0.000169844,0.0030175038
1775991600022,2026-04-12T11:00:00.022+00:00,xyz:SMSN,0.0001778306,0.0031452901
1775995200040,2026-04-12T12:00:00.040+00:00,xyz:SMSN,-3.45825e-05,-0.00085332
1775998800028,2026-04-12T13:00:00.028+00:00,xyz:SMSN,-0.0002236741,-0.0038787863
1776002400064,2026-04-12T14:00:00.064+00:00,xyz:SMSN,-0.000656262,-0.0108001912
1776006000065,2026-04-12T15:00:00.065+00:00,xyz:SMSN,-0.000726715,-0.0119274403
1776009600046,2026-04-12T16:00:00.046+00:00,xyz:SMSN,-0.0003932669,-0.0065922703
1776013200054,2026-04-12T17:00:00.054+00:00,xyz:SMSN,-0.0002997178,-0.0050954849
1776016800035,2026-04-12T18:00:00.035+00:00,xyz:SMSN,-0.0001712359,-0.0030397741
1776020400028,2026-04-12T19:00:00.028+00:00,xyz:SMSN,-0.0001572709,-0.0028163341
1776024000062,2026-04-12T20:00:00.062+00:00,xyz:SMSN,-0.0001878676,-0.0033058824
1776027600049,2026-04-12T21:00:00.049+00:00,xyz:SMSN,-0.0002572744,-0.0044163897
1776031200058,2026-04-12T22:00:00.058+00:00,xyz:SMSN,-0.0002449803,-0.0042196849
1776034800048,2026-04-12T23:00:00.048+00:00,xyz:SMSN,-0.0003987966,-0.0066807459
1776038400013,2026-04-13T00:00:00.013+00:00,xyz:SMSN,-0.0002245478,-0.0038927649
1776042000031,2026-04-13T01:00:00.031+00:00,xyz:SMSN,-3.81677e-05,-0.000910683
1776045600001,2026-04-13T02:00:00.001+00:00,xyz:SMSN,0.0002156023,0.0037496374
1776049200056,2026-04-13T03:00:00.056+00:00,xyz:SMSN,0.0001931874,0.003390999
1776052800056,2026-04-13T04:00:00.056+00:00,xyz:SMSN,0.0001874981,0.0032999698
1776056400032,2026-04-13T05:00:00.032+00:00,xyz:SMSN,0.0001052599,0.0019841584
1776060000007,2026-04-13T06:00:00.007+00:00,xyz:SMSN,-3.8358e-06,-0.0003613723
1776063600011,2026-04-13T07:00:00.011+00:00,xyz:SMSN,-0.0008734784,-0.0142756541
1776067200015,2026-04-13T08:00:00.015+00:00,xyz:SMSN,-0.0008928821,-0.0145861139
1776070800013,2026-04-13T09:00:00.013+00:00,xyz:SMSN,-0.0002494533,-0.0042912529
1776074400032,2026-04-13T10:00:00.032+00:00,xyz:SMSN,-0.0001246574,-0.0022945179
1776078000011,2026-04-13T11:00:00.011+00:00,xyz:SMSN,-7.57644e-05,-0.0015122297
1776081600063,2026-04-13T12:00:00.063+00:00,xyz:SMSN,-0.0001643249,-0.0029291977
1776085200036,2026-04-13T13:00:00.036+00:00,xyz:SMSN,1.11648e-05,0.0004786366
1776088800007,2026-04-13T14:00:00.007+00:00,xyz:SMSN,8.33711e-05,0.001633938
1776092400114,2026-04-13T15:00:00.114+00:00,xyz:SMSN,0.0002273977,0.0039383627
1776096000016,2026-04-13T16:00:00.016+00:00,xyz:SMSN,0.0001815714,0.003205142
1776099600028,2026-04-13T17:00:00.028+00:00,xyz:SMSN,0.0004764583,0.0079233321
1776103200040,2026-04-13T18:00:00.040+00:00,xyz:SMSN,0.0021574925,0.0348198802
1776106800055,2026-04-13T19:00:00.055+00:00,xyz:SMSN,0.0010552765,0.0171844233
1776110400032,2026-04-13T20:00:00.032+00:00,xyz:SMSN,0.0002933586,0.0049937371
1776114000038,2026-04-13T21:00:00.038+00:00,xyz:SMSN,0.0002182678,0.0037922852
1776117600023,2026-04-13T22:00:00.023+00:00,xyz:SMSN,3.15779e-05,0.0008052466
1776121200008,2026-04-13T23:00:00.008+00:00,xyz:SMSN,1.29107e-05,0.0005065708
1776124800020,2026-04-14T00:00:00.020+00:00,xyz:SMSN,0.0004906169,0.008149871
1776128400057,2026-04-14T01:00:00.057+00:00,xyz:SMSN,0.0004323664,0.0072178631
1776132000017,2026-04-14T02:00:00.017+00:00,xyz:SMSN,0.0002226659,0.0038626552
1776135600043,2026-04-14T03:00:00.043+00:00,xyz:SMSN,5.7448e-06,-0.0002080827
1776139200009,2026-04-14T04:00:00.009+00:00,xyz:SMSN,0.0002618968,0.0044903491
1776142800054,2026-04-14T05:00:00.054+00:00,xyz:SMSN,0.0001475258,0.0026604135
1776146400057,2026-04-14T06:00:00.057+00:00,xyz:SMSN,2.21315e-05,0.0006541048
1776150000076,2026-04-14T07:00:00.076+00:00,xyz:SMSN,6.25e-06,4.10283e-05
1776153600066,2026-04-14T08:00:00.066+00:00,xyz:SMSN,-2.43449e-05,-0.0006895189
1776157200041,2026-04-14T09:00:00.041+00:00,xyz:SMSN,-3.7752e-05,-0.0009040318
1776160800010,2026-04-14T10:00:00.010+00:00,xyz:SMSN,-0.0001924794,-0.003379671
1776164400030,2026-04-14T11:00:00.030+00:00,xyz:SMSN,-0.0001661791,-0.0029588661
1776168000053,2026-04-14T12:00:00.053+00:00,xyz:SMSN,-0.0001022739,-0.0019363831
1776171600039,2026-04-14T13:00:00.039+00:00,xyz:SMSN,0.0002804096,0.0047865536
1776175200012,2026-04-14T14:00:00.012+00:00,xyz:SMSN,0.0001117419,0.0020878701
1776178800056,2026-04-14T15:00:00.056+00:00,xyz:SMSN,-8.76722e-05,-0.0017027559
1776182400029,2026-04-14T16:00:00.029+00:00,xyz:SMSN,6.25e-06,1.11822e-05
1776186000057,2026-04-14T17:00:00.057+00:00,xyz:SMSN,8.83532e-05,0.0017136513
1776189600062,2026-04-14T18:00:00.062+00:00,xyz:SMSN,0.0001396053,0.0025336848
1776193200040,2026-04-14T19:00:00.040+00:00,xyz:SMSN,0.000448493,0.0074758876
1776196800000,2026-04-14T20:00:00.000+00:00,xyz:SMSN,0.0005185705,0.0085971272
1776200400003,2026-04-14T21:00:00.003+00:00,xyz:SMSN,0.0006173952,0.0101783238
1776204000001,2026-04-14T22:00:00.001+00:00,xyz:SMSN,0.0002555027,0.0043880434
1776207600021,2026-04-14T23:00:00.021+00:00,xyz:SMSN,0.0001449913,0.0026198601
1776211200015,2026-04-15T00:00:00.015+00:00,xyz:SMSN,1.1169e-06,-0.0002821295
1776214800054,2026-04-15T01:00:00.054+00:00,xyz:SMSN,0.000290682,0.0049509122
1776218400036,2026-04-15T02:00:00.036+00:00,xyz:SMSN,6.25e-06,8.45735e-05
1776222000065,2026-04-15T03:00:00.065+00:00,xyz:SMSN,-0.0001826722,-0.0032227559
1776225600053,2026-04-15T04:00:00.053+00:00,xyz:SMSN,-0.0001578688,-0.0028259015
1776229200029,2026-04-15T05:00:00.029+00:00,xyz:SMSN,-0.0001420188,-0.0025723006
1776232800060,2026-04-15T06:00:00.060+00:00,xyz:SMSN,6.25e-06,-9.38725e-05
1776236400038,2026-04-15T07:00:00.038+00:00,xyz:SMSN,-3.75665e-05,-0.0009010642
1776240000009,2026-04-15T08:00:00.009+00:00,xyz:SMSN,-6.16275e-05,-0.0012860397
1776243600024,2026-04-15T09:00:00.024+00:00,xyz:SMSN,-0.0001679812,-0.0029876998
1776247200027,2026-04-15T10:00:00.027+00:00,xyz:SMSN,3.84189e-05,0.0009147025
1776250800067,2026-04-15T11:00:00.067+00:00,xyz:SMSN,7.10249e-05,0.0014363977
1776254400030,2026-04-15T12:00:00.030+00:00,xyz:SMSN,6.25e-06,0.0002871832
1776258000008,2026-04-15T13:00:00.008+00:00,xyz:SMSN,-5.09654e-05,-0.0011154458
1776261600035,2026-04-15T14:00:00.035+00:00,xyz:SMSN,-0.000162347,-0.0028975521
1776265200057,2026-04-15T15:00:00.057+00:00,xyz:SMSN,-0.0002713499,-0.0046415983
1776268800025,2026-04-15T16:00:00.025+00:00,xyz:SMSN,-0.0001409832,-0.0025557312
1776272400022,2026-04-15T17:00:00.022+00:00,xyz:SMSN,1.96061e-05,0.0006136971
1776276000030,2026-04-15T18:00:00.030+00:00,xyz:SMSN,-7.44727e-05,-0.0014915629
1776279600062,2026-04-15T19:00:00.062+00:00,xyz:SMSN,4.85511e-05,0.0010768179
1776283200014,2026-04-15T20:00:00.014+00:00,xyz:SMSN,8.73281e-05,0.0016972491
1776286800049,2026-04-15T21:00:00.049+00:00,xyz:SMSN,0.0001919295,0.0033708719
1776290400067,2026-04-15T22:00:00.067+00:00,xyz:SMSN,0.0002313796,0.0040020741
1776294000056,2026-04-15T23:00:00.056+00:00,xyz:SMSN,0.0002781125,0.0047498005
1776297600044,2026-04-16T00:00:00.044+00:00,xyz:SMSN,3.14234e-05,0.0008027745
1776301200022,2026-04-16T01:00:00.022+00:00,xyz:SMSN,0.0001236033,0.0022776524
1776304800010,2026-04-16T02:00:00.010+00:00,xyz:SMSN,-4.13994e-05,-0.0009623905
1776308400053,2026-04-16T03:00:00.053+00:00,xyz:SMSN,6.25e-06,0.0003356688
1776312000006,2026-04-16T04:00:00.006+00:00,xyz:SMSN,1.15788e-05,0.000485261
1776315600042,2026-04-16T05:00:00.042+00:00,xyz:SMSN,5.33268e-05,0.0011532291
1776319200031,2026-04-16T06:00:00.031+00:00,xyz:SMSN,6.25e-06,-0.0001610124
1776322800012,2026-04-16T07:00:00.012+00:00,xyz:SMSN,-9.79807e-05,-0.0018676909
1776326400062,2026-04-16T08:00:00.062+00:00,xyz:SMSN,-0.0001402515,-0.0025440243
1776330000045,2026-04-16T09:00:00.045+00:00,xyz:SMSN,0.0002340882,0.0040454119
1776333600004,2026-04-16T10:00:00.004+00:00,xyz:SMSN,0.0001847578,0.0032561244
1776337200035,2026-04-16T11:00:00.035+00:00,xyz:SMSN,-9.53755e-05,-0.0018260082
1776340800042,2026-04-16T12:00:00.042+00:00,xyz:SMSN,-0.0001333412,-0.0024334589
1776344400030,2026-04-16T13:00:00.030+00:00,xyz:SMSN,-0.0002849418,-0.0048590688
1776348000019,2026-04-16T14:00:00.019+00:00,xyz:SMSN,-0.0002334726,-0.0040355623
1776351600047,2026-04-16T15:00:00.047+00:00,xyz:SMSN,1.16357e-05,0.0004861704
1776355200051,2026-04-16T16:00:00.051+00:00,xyz:SMSN,0.000490466,0.0081474557
1776358800013,2026-04-16T17:00:00.013+00:00,xyz:SMSN,0.0003785265,0.0063564245
1776362400034,2026-04-16T18:00:00.034+00:00,xyz:SMSN,0.0005030863,0.0083493803
1776366000064,2026-04-16T19:00:00.064+00:00,xyz:SMSN,0.0003663194,0.0061611112
1776369600016,2026-04-16T20:00:00.016+00:00,xyz:SMSN,0.0003836953,0.0064391256
1776373200025,2026-04-16T21:00:00.025+00:00,xyz:SMSN,0.0004975934,0.0082614946
1776376800043,2026-04-16T22:00:00.043+00:00,xyz:SMSN,0.0002436236,0.004197977
1776380400041,2026-04-16T23:00:00.041+00:00,xyz:SMSN,5.94455e-05,0.0012511281
1776384000030,2026-04-17T00:00:00.030+00:00,xyz:SMSN,-1.68354e-05,-0.0005693664
1776387600015,2026-04-17T01:00:00.015+00:00,xyz:SMSN,8.0781e-06,0.0004292494
1776391200026,2026-04-17T02:00:00.026+00:00,xyz:SMSN,6.25e-06,-9.04458e-05
1776394800010,2026-04-17T03:00:00.010+00:00,xyz:SMSN,6.25e-06,0.0001733544
1776398400064,2026-04-17T04:00:00.064+00:00,xyz:SMSN,0.0001805697,0.0031891159
1776402000052,2026-04-17T05:00:00.052+00:00,xyz:SMSN,8.14348e-05,0.0016029567
1776405600017,2026-04-17T06:00:00.017+00:00,xyz:SMSN,0.0001778762,0.0031460193
1776409200065,2026-04-17T07:00:00.065+00:00,xyz:SMSN,0.0002128126,0.0037050014
1776412800042,2026-04-17T08:00:00.042+00:00,xyz:SMSN,0.000146263,0.0026402073
1776416400035,2026-04-17T09:00:00.035+00:00,xyz:SMSN,0.0001737686,0.0030802982
1776420000011,2026-04-17T10:00:00.011+00:00,xyz:SMSN,7.33386e-05,0.0014734182
1776423600038,2026-04-17T11:00:00.038+00:00,xyz:SMSN,-0.0001275289,-0.0023404619
1776427200064,2026-04-17T12:00:00.064+00:00,xyz:SMSN,1.42094e-05,0.0005273504
1776430800036,2026-04-17T13:00:00.036+00:00,xyz:SMSN,6.25e-06,0.0001525487
1776434400000,2026-04-17T14:00:00.000+00:00,xyz:SMSN,0.0008876249,0.0145019976
1776438000059,2026-04-17T15:00:00.059+00:00,xyz:SMSN,0.0007267569,0.011928111
1776441600039,2026-04-17T16:00:00.039+00:00,xyz:SMSN,0.0010962182,0.0178394911
1776445200046,2026-04-17T17:00:00.046+00:00,xyz:SMSN,0.0001757813,0.0031125012
1776448800052,2026-04-17T18:00:00.052+00:00,xyz:SMSN,0.0001769319,0.0031309102
1776452400019,2026-04-17T19:00:00.019+00:00,xyz:SMSN,0.0002262351,0.0039197614
1776456000065,2026-04-17T20:00:00.065+00:00,xyz:SMSN,0.0002131383,0.0037102129
1776459600012,2026-04-17T21:00:00.012+00:00,xyz:SMSN,6.25e-06,-0.0001919353
1776463200042,2026-04-17T22:00:00.042+00:00,xyz:SMSN,-0.0001194185,-0.0022106966
1776466800022,2026-04-17T23:00:00.022+00:00,xyz:SMSN,-8.34221e-05,-0.0016347531
1776470400064,2026-04-18T00:00:00.064+00:00,xyz:SMSN,0.0003919365,0.0065709844
1776474000049,2026-04-18T01:00:00.049+00:00,xyz:SMSN,0.0001081924,0.0020310787
1776477600042,2026-04-18T02:00:00.042+00:00,xyz:SMSN,4.02451e-05,0.0009439214
1776481200031,2026-04-18T03:00:00.031+00:00,xyz:SMSN,-1.1619e-05,-0.0004859043
1776484800009,2026-04-18T04:00:00.009+00:00,xyz:SMSN,-3.56109e-05,-0.0008697747
1776488400060,2026-04-18T05:00:00.060+00:00,xyz:SMSN,-3.73895e-05,-0.0008982318
1776492000049,2026-04-18T06:00:00.049+00:00,xyz:SMSN,-0.0004707864,-0.0078325823
1776495600028,2026-04-18T07:00:00.028+00:00,xyz:SMSN,-0.0004768403,-0.007929445
1776499200049,2026-04-18T08:00:00.049+00:00,xyz:SMSN,-0.0004113813,-0.0068821011
1776502800011,2026-04-18T09:00:00.011+00:00,xyz:SMSN,-0.0003097125,-0.0052553997
1776506400020,2026-04-18T10:00:00.020+00:00,xyz:SMSN,-0.0003576337,-0.0060221397
1776510000016,2026-04-18T11:00:00.016+00:00,xyz:SMSN,-0.0005687066,-0.0093993057
1776513600034,2026-04-18T12:00:00.034+00:00,xyz:SMSN,-0.0007918225,-0.01296916
1776517200047,2026-04-18T13:00:00.047+00:00,xyz:SMSN,-0.000862278,-0.0140964478
1776520800018,2026-04-18T14:00:00.018+00:00,xyz:SMSN,-0.0006198458,-0.0102175324
1776524400000,2026-04-18T15:00:00.000+00:00,xyz:SMSN,-0.000243211,-0.0041913758
1776528000001,2026-04-18T16:00:00.001+00:00,xyz:SMSN,-0.0001321933,-0.002415093
1776531600001,2026-04-18T17:00:00.001+00:00,xyz:SMSN,-0.0001791933,-0.0031670934
1776535200050,2026-04-18T18:00:00.050+00:00,xyz:SMSN,-0.0001260573,-0.002316917
1776538800039,2026-04-18T19:00:00.039+00:00,xyz:SMSN,-0.0001330298,-0.0024284768
1776542400037,2026-04-18T20:00:00.037+00:00,xyz:SMSN,-7.96627e-05,-0.0015746026
1776546000036,2026-04-18T21:00:00.036+00:00,xyz:SMSN,0.000547901,0.0090664156
1776549600011,2026-04-18T22:00:00.011+00:00,xyz:SMSN,0.000114481,0.0021316958
1776553200026,2026-04-18T23:00:00.026+00:00,xyz:SMSN,0.0001837208,0.0032395334
1776556800053,2026-04-19T00:00:00.053+00:00,xyz:SMSN,6.25e-06,0.0001270689
1776560400051,2026-04-19T01:00:00.051+00:00,xyz:SMSN,4.77964e-05,0.0010647431
1776564000028,2026-04-19T02:00:00.028+00:00,xyz:SMSN,0.0001271157,0.0023338508
1776567600060,2026-04-19T03:00:00.060+00:00,xyz:SMSN,0.0001541118,0.0027657882
1776571200051,2026-04-19T04:00:00.051+00:00,xyz:SMSN,0.0001781277,0.0031500428
1776574800046,2026-04-19T05:00:00.046+00:00,xyz:SMSN,0.000119832,0.0022173122
1776578400041,2026-04-19T06:00:00.041+00:00,xyz:SMSN,2.0415e-06,-0.0002673364
1776582000002,2026-04-19T07:00:00.002+00:00,xyz:SMSN,-9.74174e-05,-0.0018586779
1776585600040,2026-04-19T08:00:00.040+00:00,xyz:SMSN,-0.0002258306,-0.0039132889
1776589200041,2026-04-19T09:00:00.041+00:00,xyz:SMSN,-0.0002018656,-0.0035298503
1776592800022,2026-04-19T10:00:00.022+00:00,xyz:SMSN,-0.0003055066,-0.0051881055
1776596400032,2026-04-19T11:00:00.032+00:00,xyz:SMSN,-0.0001322439,-0.0024159031
1776600000016,2026-04-19T12:00:00.016+00:00,xyz:SMSN,-0.0002612556,-0.0044800892
1776603600026,2026-04-19T13:00:00.026+00:00,xyz:SMSN,-0.000302549,-0.0051407839
1776607200011,2026-04-19T14:00:00.011+00:00,xyz:SMSN,-0.0004937198,-0.0081995165
1776610800004,2026-04-19T15:00:00.004+00:00,xyz:SMSN,-0.0004399439,-0.0073391018
1776614400010,2026-04-19T16:00:00.010+00:00,xyz:SMSN,-0.000440513,-0.0073482082
1776618000060,2026-04-19T17:00:00.060+00:00,xyz:SMSN,-0.0003120369,-0.005292591
1776621600009,2026-04-19T18:00:00.009+00:00,xyz:SMSN,-0.0003655391,-0.0061486257
1776625200018,2026-04-19T19:00:00.018+00:00,xyz:SMSN,-0.0004517556,-0.0075280902
1776628800030,2026-04-19T20:00:00.030+00:00,xyz:SMSN,-0.0001734839,-0.003075743
1776632400025,2026-04-19T21:00:00.025+00:00,xyz:SMSN,-9.01528e-05,-0.0017424449
1776636000007,2026-04-19T22:00:00.007+00:00,xyz:SMSN,-0.0005902516,-0.0097440264
1776639600025,2026-04-19T23:00:00.025+00:00,xyz:SMSN,-0.000383049,-0.0064287844
1776643200062,2026-04-20T00:00:00.062+00:00,xyz:SMSN,0.0002314925,0.0040038799
1776646800029,2026-04-20T01:00:00.029+00:00,xyz:SMSN,0.0001765887,0.0031254191
1776650400053,2026-04-20T02:00:00.053+00:00,xyz:SMSN,6.25e-06,0.0001806923
1776654000025,2026-04-20T03:00:00.025+00:00,xyz:SMSN,0.0002158377,0.0037534029
1776657600029,2026-04-20T04:00:00.029+00:00,xyz:SMSN,0.000428774,0.0071603846
1776661200055,2026-04-20T05:00:00.055+00:00,xyz:SMSN,0.0003107339,0.0052717418
1776664800000,2026-04-20T06:00:00.000+00:00,xyz:SMSN,0.0001926139,0.0033818223
1776668400006,2026-04-20T07:00:00.006+00:00,xyz:SMSN,0.0001088382,0.0020414108
1776672000037,2026-04-20T08:00:00.037+00:00,xyz:SMSN,6.98523e-05,0.0014176368
1776675600008,2026-04-20T09:00:00.008+00:00,xyz:SMSN,0.0001383308,0.0025132929
1776679200053,2026-04-20T10:00:00.053+00:00,xyz:SMSN,3.1891e-05,0.0008102559
1776682800014,2026-04-20T11:00:00.014+00:00,xyz:SMSN,2.75576e-05,0.0007409216
1776686400091,2026-04-20T12:00:00.091+00:00,xyz:SMSN,0.0001580819,0.002829311
1776690000051,2026-04-20T13:00:00.051+00:00,xyz:SMSN,0.0003308161,0.0055930569
1776693600033,2026-04-20T14:00:00.033+00:00,xyz:SMSN,0.0003726354,0.0062621665
1776697200041,2026-04-20T15:00:00.041+00:00,xyz:SMSN,0.0004453894,0.0074262303
1776700800028,2026-04-20T16:00:00.028+00:00,xyz:SMSN,5.2514e-06,-0.0002159774
1776704400049,2026-04-20T17:00:00.049+00:00,xyz:SMSN,4.81013e-05,0.0010696213
1776708000019,2026-04-20T18:00:00.019+00:00,xyz:SMSN,4.68237e-05,0.0010491799
1776711600037,2026-04-20T19:00:00.037+00:00,xyz:SMSN,3.19087e-05,0.0008105396
1776715200063,2026-04-20T20:00:00.063+00:00,xyz:SMSN,8.11108e-05,0.0015977734
1776718800038,2026-04-20T21:00:00.038+00:00,xyz:SMSN,9.67674e-05,0.0018482779
1776722400039,2026-04-20T22:00:00.039+00:00,xyz:SMSN,0.0001360507,0.0024768111
1776726000053,2026-04-20T23:00:00.053+00:00,xyz:SMSN,0.0001862247,0.0032795951
1776729600087,2026-04-21T00:00:00.087+00:00,xyz:SMSN,4.7474e-05,0.0010595834
1776733200043,2026-04-21T01:00:00.043+00:00,xyz:SMSN,3.90742e-05,0.0009251878
1776736800023,2026-04-21T02:00:00.023+00:00,xyz:SMSN,0.0001856051,0.0032696823
1776740400030,2026-04-21T03:00:00.030+00:00,xyz:SMSN,5.56163e-05,0.0011898614
1776744000018,2026-04-21T04:00:00.018+00:00,xyz:SMSN,3.95897e-05,0.0009334351
1776747600065,2026-04-21T05:00:00.065+00:00,xyz:SMSN,1.66632e-05,0.0005666111
1776751200010,2026-04-21T06:00:00.010+00:00,xyz:SMSN,-8.89e-07,-0.0003142233
1776754800053,2026-04-21T07:00:00.053+00:00,xyz:SMSN,-4.80069e-05,-0.0010681104
1776758400036,2026-04-21T08:00:00.036+00:00,xyz:SMSN,0.0001290054,0.0023640869
1776762000005,2026-04-21T09:00:00.005+00:00,xyz:SMSN,0.0001852455,0.0032639284
1776765600001,2026-04-21T10:00:00.001+00:00,xyz:SMSN,0.000135809,0.0024729432
1776769200065,2026-04-21T11:00:00.065+00:00,xyz:SMSN,-0.0001974871,-0.0034597931
1776772800036,2026-04-21T12:00:00.036+00:00,xyz:SMSN,0.0004598313,0.0076573013
1776776400063,2026-04-21T13:00:00.063+00:00,xyz:SMSN,0.0005043991,0.0083703854
1776780000044,2026-04-21T14:00:00.044+00:00,xyz:SMSN,-0.0001711253,-0.0030380043
1776783600019,2026-04-21T15:00:00.019+00:00,xyz:SMSN,-9.4356e-05,-0.0018096957
1776787200048,2026-04-21T16:00:00.048+00:00,xyz:SMSN,-0.0003763382,-0.0063214114
1776790800003,2026-04-21T17:00:00.003+00:00,xyz:SMSN,-0.0006324982,-0.0104199708
1776794400065,2026-04-21T18:00:00.065+00:00,xyz:SMSN,-0.00071325,-0.0117119998
1776798000039,2026-04-21T19:00:00.039+00:00,xyz:SMSN,-0.0001972549,-0.0034560782
1776801600004,2026-04-21T20:00:00.004+00:00,xyz:SMSN,-0.0002590632,-0.0044450119
1776805200015,2026-04-21T21:00:00.015+00:00,xyz:SMSN,-0.0003996228,-0.0066939651
1776808800008,2026-04-21T22:00:00.008+00:00,xyz:SMSN,-0.0002708587,-0.0046337393
1776812400011,2026-04-21T23:00:00.011+00:00,xyz:SMSN,-4.05644e-05,-0.0009490304
1776816000061,2026-04-22T00:00:00.061+00:00,xyz:SMSN,0.0003394292,0.0057308669
1776819600004,2026-04-22T01:00:00.004+00:00,xyz:SMSN,0.0002734248,0.0046747972
1776823200042,2026-04-22T02:00:00.042+00:00,xyz:SMSN,0.0003738205,0.0062811288
1776826800005,2026-04-22T03:00:00.005+00:00,xyz:SMSN,0.0004311945,0.0071991116
1776830400056,2026-04-22T04:00:00.056+00:00,xyz:SMSN,0.000548949,0.0090831843
1776834000030,2026-04-22T05:00:00.030+00:00,xyz:SMSN,0.0002773151,0.0047370415
1776837600005,2026-04-22T06:00:00.005+00:00,xyz:SMSN,0.0002010138,0.0035162203
1776841200018,2026-04-22T07:00:00.018+00:00,xyz:SMSN,0.0001310368,0.0023965885
1776844800009,2026-04-22T08:00:00.009+00:00,xyz:SMSN,3.79477e-05,0.0009071634
1776848400041,2026-04-22T09:00:00.041+00:00,xyz:SMSN,6.25e-06,-0.0001938001
1776852000008,2026-04-22T10:00:00.008+00:00,xyz:SMSN,0.0001705791,0.0030292661
1776855600019,2026-04-22T11:00:00.019+00:00,xyz:SMSN,0.0001487499,0.002679998
1776859200041,2026-04-22T12:00:00.041+00:00,xyz:SMSN,6.6029e-05,0.0013564637
1776862800003,2026-04-22T13:00:00.003+00:00,xyz:SMSN,4.85699e-05,0.0010771183
1776866400043,2026-04-22T14:00:00.043+00:00,xyz:SMSN,1.04549e-05,0.0004672782
1776870000021,2026-04-22T15:00:00.021+00:00,xyz:SMSN,0.0005428008,0.0089848133
1776873600051,2026-04-22T16:00:00.051+00:00,xyz:SMSN,0.0005924449,0.0097791191
1776877200012,2026-04-22T17:00:00.012+00:00,xyz:SMSN,0.0006411265,0.0105580236
1776880800036,2026-04-22T18:00:00.036+00:00,xyz:SMSN,0.0004144442,0.006931107
1776884400031,2026-04-22T19:00:00.031+00:00,xyz:SMSN,0.0003798049,0.0063768785
1776888000051,2026-04-22T20:00:00.051+00:00,xyz:SMSN,0.0009663439,0.0157615024
1776891600023,2026-04-22T21:00:00.023+00:00,xyz:SMSN,0.0008163585,0.0133617366
1776895200042,2026-04-22T22:00:00.042+00:00,xyz:SMSN,0.000536967,0.0088914725
1776898800056,2026-04-22T23:00:00.056+00:00,xyz:SMSN,0.0002954267,0.0050268272
1776902400028,2026-04-23T00:00:00.028+00:00,xyz:SMSN,0.0004123843,0.006898149
1776906000056,2026-04-23T01:00:00.056+00:00,xyz:SMSN,0.0002895164,0.0049322617
1776909600016,2026-04-23T02:00:00.016+00:00,xyz:SMSN,0.0004433263,0.0073932209
1776913200013,2026-04-23T03:00:00.013+00:00,xyz:SMSN,0.0006262156,0.010319449
1776916800053,2026-04-23T04:00:00.053+00:00,xyz:SMSN,0.0008287126,0.0135594008
1776920400046,2026-04-23T05:00:00.046+00:00,xyz:SMSN,0.000402816,0.0067450566
1776924000079,2026-04-23T06:00:00.079+00:00,xyz:SMSN,0.0003421086,0.0057737371
1776927600059,2026-04-23T07:00:00.059+00:00,xyz:SMSN,6.25e-06,-0.0001240861
1776931200019,2026-04-23T08:00:00.019+00:00,xyz:SMSN,0.0001743966,0.0030903454
1776934800060,2026-04-23T09:00:00.060+00:00,xyz:SMSN,0.0003961209,0.0066379347
1776938400021,2026-04-23T10:00:00.021+00:00,xyz:SMSN,5.98815e-05,0.001258104
1776942000053,2026-04-23T11:00:00.053+00:00,xyz:SMSN,-7.01326e-05,-0.0014221224
1776945600024,2026-04-23T12:00:00.024+00:00,xyz:SMSN,-4.98128e-05,-0.0010970046
1776949200060,2026-04-23T13:00:00.060+00:00,xyz:SMSN,0.0003518298,0.0059292767
1776952800015,2026-04-23T14:00:00.015+00:00,xyz:SMSN,0.0002960298,0.0050364765
1776956400020,2026-04-23T15:00:00.020+00:00,xyz:SMSN,0.0002148112,0.0037369796
1776960000048,2026-04-23T16:00:00.048+00:00,xyz:SMSN,0.0003371252,0.0056940035
1776963600075,2026-04-23T17:00:00.075+00:00,xyz:SMSN,0.0001918814,0.0033701027
1776967200016,2026-04-23T18:00:00.016+00:00,xyz:SMSN,-0.0006043091,-0.009968945
1776970800075,2026-04-23T19:00:00.075+00:00,xyz:SMSN,-0.0005501307,-0.0091020913
1776974400003,2026-04-23T20:00:00.003+00:00,xyz:SMSN,-0.0006257346,-0.0103117534
1776978000042,2026-04-23T21:00:00.042+00:00,xyz:SMSN,-3.65176e-05,-0.0008842823
1776981600005,2026-04-23T22:00:00.005+00:00,xyz:SMSN,0.000189156,0.0033264954
1776985200065,2026-04-23T23:00:00.065+00:00,xyz:SMSN,0.0002566856,0.0044069689
1776988800064,2026-04-24T00:00:00.064+00:00,xyz:SMSN,6.25e-06,7.94849e-05
1776992400021,2026-04-24T01:00:00.021+00:00,xyz:SMSN,0.0002078389,0.0036254221
1776996000064,2026-04-24T02:00:00.064+00:00,xyz:SMSN,-1.29849e-05,-0.0005077586
1776999600062,2026-04-24T03:00:00.062+00:00,xyz:SMSN,3.64286e-05,0.000882858
1777003200018,2026-04-24T04:00:00.018+00:00,xyz:SMSN,-5.8925e-06,-0.0003942799
1777006800065,2026-04-24T05:00:00.065+00:00,xyz:SMSN,-0.0001095721,-0.0020531543
1777010400000,2026-04-24T06:00:00.000+00:00,xyz:SMSN,-0.0001668518,-0.0029696292
1777014000039,2026-04-24T07:00:00.039+00:00,xyz:SMSN,-0.0001875537,-0.0033008596
1777017600008,2026-04-24T08:00:00.008+00:00,xyz:SMSN,-0.0001332793,-0.0024324686
1777021200041,2026-04-24T09:00:00.041+00:00,xyz:SMSN,-4.5183e-05,-0.0010229286
1777024800038,2026-04-24T10:00:00.038+00:00,xyz:SMSN,3.07594e-05,0.0007921499
1777028400039,2026-04-24T11:00:00.039+00:00,xyz:SMSN,2.06343e-05,0.0006301491
1777032000002,2026-04-24T12:00:00.002+00:00,xyz:SMSN,0.0001969145,0.0034506322
1777035600047,2026-04-24T13:00:00.047+00:00,xyz:SMSN,0.000289008,0.0049241274
1777039200063,2026-04-24T14:00:00.063+00:00,xyz:SMSN,0.000108505,0.0020360797
1777042800001,2026-04-24T15:00:00.001+00:00,xyz:SMSN,8.29796e-05,0.0016276738
1777046400049,2026-04-24T16:00:00.049+00:00,xyz:SMSN,-0.0001434779,-0.0025956471
1777050000011,2026-04-24T17:00:00.011+00:00,xyz:SMSN,-4.43664e-05,-0.0010098617
1777053600037,2026-04-24T18:00:00.037+00:00,xyz:SMSN,-0.0001612067,-0.0028793067
1777057200020,2026-04-24T19:00:00.020+00:00,xyz:SMSN,-3.74482e-05,-0.0008991717
1777060800007,2026-04-24T20:00:00.007+00:00,xyz:SMSN,-4.9069e-06,-0.000378511
1777064400058,2026-04-24T21:00:00.058+00:00,xyz:SMSN,7.12378e-05,0.0014398045
1777068000042,2026-04-24T22:00:00.042+00:00,xyz:SMSN,-0.0001067241,-0.002007586
1777071600055,2026-04-24T23:00:00.055+00:00,xyz:SMSN,-0.000241446,-0.0041631354
1777075200024,2026-04-25T00:00:00.024+00:00,xyz:SMSN,-0.0002987722,-0.0050803558
1777078800002,2026-04-25T01:00:00.002+00:00,xyz:SMSN,-0.0003499311,-0.0058988972
1777082400044,2026-04-25T02:00:00.044+00:00,xyz:SMSN,-0.0003518354,-0.0059293662
1777086000063,2026-04-25T03:00:00.063+00:00,xyz:SMSN,-0.0002195681,-0.0038130895
1777089600000,2026-04-25T04:00:00.000+00:00,xyz:SMSN,-0.0001548206,-0.0027771301
1777093200035,2026-04-25T05:00:00.035+00:00,xyz:SMSN,-0.0001544322,-0.0027709159
1777096800023,2026-04-25T06:00:00.023+00:00,xyz:SMSN,-0.0001100886,-0.0020614184
1777100400048,2026-04-25T07:00:00.048+00:00,xyz:SMSN,-3.49336e-05,-0.0008589372
1777104000044,2026-04-25T08:00:00.044+00:00,xyz:SMSN,0.0001154768,0.0021476289
1777107600060,2026-04-25T09:00:00.060+00:00,xyz:SMSN,0.0001093281,0.0020492503
1777111200052,2026-04-25T10:00:00.052+00:00,xyz:SMSN,7.45404e-05,0.0014926464
1777114800064,2026-04-25T11:00:00.064+00:00,xyz:SMSN,1.52841e-05,0.0005445455
1777118400039,2026-04-25T12:00:00.039+00:00,xyz:SMSN,-4.66883e-05,-0.0010470129
1777122000031,2026-04-25T13:00:00.031+00:00,xyz:SMSN,-8.57594e-05,-0.0016721505
1777125600050,2026-04-25T14:00:00.050+00:00,xyz:SMSN,-1.21719e-05,-0.0004947504
1777129200037,2026-04-25T15:00:00.037+00:00,xyz:SMSN,-7.46542e-05,-0.0014944678
1777132800080,2026-04-25T16:00:00.080+00:00,xyz:SMSN,-0.0001246173,-0.0022938774
1777136400047,2026-04-25T17:00:00.047+00:00,xyz:SMSN,-0.0001822459,-0.003215935
1777140000031,2026-04-25T18:00:00.031+00:00,xyz:SMSN,-0.0001996589,-0.0034945432
1777143600078,2026-04-25T19:00:00.078+00:00,xyz:SMSN,-0.0002118113,-0.0036889801
1777147200064,2026-04-25T20:00:00.064+00:00,xyz:SMSN,-0.0002119839,-0.0036917417
1777150800007,2026-04-25T21:00:00.007+00:00,xyz:SMSN,-0.0002146037,-0.0037336593
1777154400003,2026-04-25T22:00:00.003+00:00,xyz:SMSN,-0.0002139923,-0.0037238773
1777158000060,2026-04-25T23:00:00.060+00:00,xyz:SMSN,-0.0002145833,-0.0037333328
1777161600025,2026-04-26T00:00:00.025+00:00,xyz:SMSN,-0.0002149472,-0.0037391544
1777165200030,2026-04-26T01:00:00.030+00:00,xyz:SMSN,-0.0002136623,-0.0037185968
1777168800007,2026-04-26T02:00:00.007+00:00,xyz:SMSN,-0.000214983,-0.0037397282
1777172400050,2026-04-26T03:00:00.050+00:00,xyz:SMSN,-0.0002115416,-0.0036846652
1777176000032,2026-04-26T04:00:00.032+00:00,xyz:SMSN,-0.0001843974,-0.0032503592
1777179600041,2026-04-26T05:00:00.041+00:00,xyz:SMSN,-0.0001075843,-0.0020213491
1777183200030,2026-04-26T06:00:00.030+00:00,xyz:SMSN,-4.74289e-05,-0.001058863
1777186800026,2026-04-26T07:00:00.026+00:00,xyz:SMSN,-5.4704e-06,-0.0003875258
1777190400058,2026-04-26T08:00:00.058+00:00,xyz:SMSN,0.0001155106,0.00214817
1777194000062,2026-04-26T09:00:00.062+00:00,xyz:SMSN,0.0001634129,0.0029146068
1777197600065,2026-04-26T10:00:00.065+00:00,xyz:SMSN,0.000149327,0.0026892314
1777201200018,2026-04-26T11:00:00.018+00:00,xyz:SMSN,0.0001196779,0.0022148461
1777204800009,2026-04-26T12:00:00.009+00:00,xyz:SMSN,8.8544e-05,0.0017167042
1777208400066,2026-04-26T13:00:00.066+00:00,xyz:SMSN,9.5287e-05,0.0018245918
1777212000016,2026-04-26T14:00:00.016+00:00,xyz:SMSN,9.67137e-05,0.0018474193
1777215600039,2026-04-26T15:00:00.039+00:00,xyz:SMSN,0.0001439521,0.0026032329
1777219200066,2026-04-26T16:00:00.066+00:00,xyz:SMSN,0.0001678429,0.002985487
1777222800052,2026-04-26T17:00:00.052+00:00,xyz:SMSN,0.0001799409,0.0031790541
1777226400024,2026-04-26T18:00:00.024+00:00,xyz:SMSN,0.0001799368,0.0031789884
1777230000056,2026-04-26T19:00:00.056+00:00,xyz:SMSN,0.0001806805,0.0031908878
1777233600017,2026-04-26T20:00:00.017+00:00,xyz:SMSN,0.0002230132,0.0038682115
1777237200054,2026-04-26T21:00:00.054+00:00,xyz:SMSN,0.0003540423,0.0059646763
1777240800047,2026-04-26T22:00:00.047+00:00,xyz:SMSN,0.0003887206,0.0065195301
1777244400060,2026-04-26T23:00:00.060+00:00,xyz:SMSN,0.000255753,0.0043920484
1777248000023,2026-04-27T00:00:00.023+00:00,xyz:SMSN,-0.0001528478,-0.0027455642
1777251600035,2026-04-27T01:00:00.035+00:00,xyz:SMSN,-3.94036e-05,-0.0009304583
1777255200052,2026-04-27T02:00:00.052+00:00,xyz:SMSN,-3.3101e-05,-0.0008296162
1777258800072,2026-04-27T03:00:00.072+00:00,xyz:SMSN,-0.0003582079,-0.0060313257
1777262400041,2026-04-27T04:00:00.041+00:00,xyz:SMSN,-0.0002483865,-0.0042741844
1777266000055,2026-04-27T05:00:00.055+00:00,xyz:SMSN,-0.0001349404,-0.0024590467
1777269600007,2026-04-27T06:00:00.007+00:00,xyz:SMSN,6.25e-06,0.0002919591
1777273200017,2026-04-27T07:00:00.017+00:00,xyz:SMSN,-3.72818e-05,-0.0008965096
1777276800012,2026-04-27T08:00:00.012+00:00,xyz:SMSN,1.68207e-05,0.0005691318
1777280400041,2026-04-27T09:00:00.041+00:00,xyz:SMSN,-0.0001178651,-0.0021858415
1777284000013,2026-04-27T10:00:00.013+00:00,xyz:SMSN,-0.0002558097,-0.0043929551
1777287600115,2026-04-27T11:00:00.115+00:00,xyz:SMSN,-0.0004022332,-0.0067357319
1777291200058,2026-04-27T12:00:00.058+00:00,xyz:SMSN,-0.000473937,-0.0078829927
1777294800020,2026-04-27T13:00:00.020+00:00,xyz:SMSN,-0.0002458006,-0.0042328098
1777298400028,2026-04-27T14:00:00.028+00:00,xyz:SMSN,-8.27371e-05,-0.0016237933
1777302000022,2026-04-27T15:00:00.022+00:00,xyz:SMSN,0.000287126,0.0048940152
1777305600036,2026-04-27T16:00:00.036+00:00,xyz:SMSN,0.0001435772,0.0025972344
1777309200033,2026-04-27T17:00:00.033+00:00,xyz:SMSN,-0.0003040449,-0.0051647188
1777312800033,2026-04-27T18:00:00.033+00:00,xyz:SMSN,-0.0001132376,-0.0021118015
1777316400021,2026-04-27T19:00:00.021+00:00,xyz:SMSN,-3.63531e-05,-0.0008816503
1777320000008,2026-04-27T20:00:00.008+00:00,xyz:SMSN,-6.6339e-06,-0.0004061424
1777323600011,2026-04-27T21:00:00.011+00:00,xyz:SMSN,2.4913e-06,-0.0002601386
1777327200064,2026-04-27T22:00:00.064+00:00,xyz:SMSN,3.1009e-06,-0.0002503863
1777330800012,2026-04-27T23:00:00.012+00:00,xyz:SMSN,-0.0002552276,-0.004383642
1777334400035,2026-04-28T00:00:00.035+00:00,xyz:SMSN,9.15004e-05,0.0017640061
1777338000003,2026-04-28T01:00:00.003+00:00,xyz:SMSN,0.0003715563,0.0062449011
1777341600051,2026-04-28T02:00:00.051+00:00,xyz:SMSN,0.0002896332,0.0049341308
1777345200044,2026-04-28T03:00:00.044+00:00,xyz:SMSN,0.0005564486,0.009203178
1777348800007,2026-04-28T04:00:00.007+00:00,xyz:SMSN,0.0004354525,0.00726724
1777352400034,2026-04-28T05:00:00.034+00:00,xyz:SMSN,0.0003033231,0.0051531697
1777356000029,2026-04-28T06:00:00.029+00:00,xyz:SMSN,0.0003015286,0.0051244573
1777359600063,2026-04-28T07:00:00.063+00:00,xyz:SMSN,0.0001870977,0.0032935639
1777363200019,2026-04-28T08:00:00.019+00:00,xyz:SMSN,6.25e-06,-0.0001525054
1777366800032,2026-04-28T09:00:00.032+00:00,xyz:SMSN,-0.0001148402,-0.0021374432
1777370400023,2026-04-28T10:00:00.023+00:00,xyz:SMSN,-0.0001208197,-0.0022331151
1777374000007,2026-04-28T11:00:00.007+00:00,xyz:SMSN,4.25597e-05,0.0009809558
1777377600016,2026-04-28T12:00:00.016+00:00,xyz:SMSN,-5.34699e-05,-0.0011555191
1777381200077,2026-04-28T13:00:00.077+00:00,xyz:SMSN,-0.0004927949,-0.0081847188
1777384800058,2026-04-28T14:00:00.058+00:00,xyz:SMSN,-0.0001873301,-0.0032972818
1777388400063,2026-04-28T15:00:00.063+00:00,xyz:SMSN,-0.0004088314,-0.0068413025
1777392000007,2026-04-28T16:00:00.007+00:00,xyz:SMSN,-0.0006453096,-0.0106249535
1777395600070,2026-04-28T17:00:00.070+00:00,xyz:SMSN,-0.0005561062,-0.0091976996
1777399200055,2026-04-28T18:00:00.055+00:00,xyz:SMSN,-0.0002630955,-0.0045095277
1777402800060,2026-04-28T19:00:00.060+00:00,xyz:SMSN,8.95618e-05,0.0017329895
1777406400031,2026-04-28T20:00:00.031+00:00,xyz:SMSN,0.0005442931,0.0090086898
1777410000052,2026-04-28T21:00:00.052+00:00,xyz:SMSN,0.0003973026,0.0066568412
1777413600027,2026-04-28T22:00:00.027+00:00,xyz:SMSN,0.0002850795,0.0048612724
1777417200042,2026-04-28T23:00:00.042+00:00,xyz:SMSN,0.0005825397,0.0096206345
1777420800003,2026-04-29T00:00:00.003+00:00,xyz:SMSN,0.0002023075,0.0035369202
1777424400025,2026-04-29T01:00:00.025+00:00,xyz:SMSN,-8.3181e-06,-0.0004330902
1777428000000,2026-04-29T02:00:00.000+00:00,xyz:SMSN,6.25e-06,0.0002301643
1777431600009,2026-04-29T03:00:00.009+00:00,xyz:SMSN,-9.84134e-05,-0.0018746147
1777435200032,2026-04-29T04:00:00.032+00:00,xyz:SMSN,-0.0002450999,-0.0042215989
1777438800046,2026-04-29T05:00:00.046+00:00,xyz:SMSN,-0.0003829003,-0.0064264046
1777442400001,2026-04-29T06:00:00.001+00:00,xyz:SMSN,-7.74739e-05,-0.0015395831
1777446000063,2026-04-29T07:00:00.063+00:00,xyz:SMSN,0.0001266093,0.0023257484
1777449600030,2026-04-29T08:00:00.030+00:00,xyz:SMSN,0.0001315179,0.0024042859
1777453200042,2026-04-29T09:00:00.042+00:00,xyz:SMSN,6.25e-06,-3.87935e-05
1777456800016,2026-04-29T10:00:00.016+00:00,xyz:SMSN,-7.50285e-05,-0.0015004556
1777460400024,2026-04-29T11:00:00.024+00:00,xyz:SMSN,-0.0002168612,-0.0037697795
1777464000054,2026-04-29T12:00:00.054+00:00,xyz:SMSN,0.000402854,0.0067456643
1777467600053,2026-04-29T13:00:00.053+00:00,xyz:SMSN,0.0001324063,0.0024185009
1777471200029,2026-04-29T14:00:00.029+00:00,xyz:SMSN,4.805e-06,-0.0002231201
1777474800047,2026-04-29T15:00:00.047+00:00,xyz:SMSN,-0.0002861113,-0.0048777815
1777478400067,2026-04-29T16:00:00.067+00:00,xyz:SMSN,-0.0001631042,-0.0029096675
1777482000001,2026-04-29T17:00:00.001+00:00,xyz:SMSN,-2.5455e-06,-0.0003407272
1777485600043,2026-04-29T18:00:00.043+00:00,xyz:SMSN,-0.0004792901,-0.0079686423
1777489200048,2026-04-29T19:00:00.048+00:00,xyz:SMSN,-0.0005163781,-0.0085620498
1777492800001,2026-04-29T20:00:00.001+00:00,xyz:SMSN,-0.0002299232,-0.0039787715
1777496400052,2026-04-29T21:00:00.052+00:00,xyz:SMSN,0.0001202981,0.0022247699
1777500000002,2026-04-29T22:00:00.002+00:00,xyz:SMSN,0.0006129846,0.010107753
1777503600061,2026-04-29T23:00:00.061+00:00,xyz:SMSN,0.0006448906,0.0106182494
1777507200020,2026-04-30T00:00:00.020+00:00,xyz:SMSN,0.0009825057,0.0160200908
1777510800019,2026-04-30T01:00:00.019+00:00,xyz:SMSN,0.0006887748,0.0113203969
1777514400044,2026-04-30T02:00:00.044+00:00,xyz:SMSN,0.0007964176,0.0130426823
1777518000073,2026-04-30T03:00:00.073+00:00,xyz:SMSN,0.0002272765,0.0039364245
1777521600059,2026-04-30T04:00:00.059+00:00,xyz:SMSN,6.25e-06,-0.0001571232
1777525200030,2026-04-30T05:00:00.030+00:00,xyz:SMSN,-7.58965e-05,-0.0015143446
1777528800060,2026-04-30T06:00:00.060+00:00,xyz:SMSN,-0.0001615063,-0.0028841012
1777532400057,2026-04-30T07:00:00.057+00:00,xyz:SMSN,-0.0001151801,-0.0021428818
1777536000072,2026-04-30T08:00:00.072+00:00,xyz:SMSN,2.64393e-05,0.0007230284
1777539600041,2026-04-30T09:00:00.041+00:00,xyz:SMSN,6.25166e-05,0.0013002652
1777543200040,2026-04-30T10:00:00.040+00:00,xyz:SMSN,8.57143e-05,0.0016714288
1777546800009,2026-04-30T11:00:00.009+00:00,xyz:SMSN,6.25e-06,0.0001978498
1777550400065,2026-04-30T12:00:00.065+00:00,xyz:SMSN,-0.0001945088,-0.0034121404
1777554000045,2026-04-30T13:00:00.045+00:00,xyz:SMSN,6.25e-06,0.0002969251
1777557600004,2026-04-30T14:00:00.004+00:00,xyz:SMSN,0.0001969653,0.0034514451
1777561200033,2026-04-30T15:00:00.033+00:00,xyz:SMSN,-0.0003002323,-0.0051037175
1777564800003,2026-04-30T16:00:00.003+00:00,xyz:SMSN,-0.0003962832,-0.0066405313
1777568400029,2026-04-30T17:00:00.029+00:00,xyz:SMSN,-0.0003235266,-0.0054764261
1777572000025,2026-04-30T18:00:00.025+00:00,xyz:SMSN,-7.0958e-06,-0.000413533
1777575600030,2026-04-30T19:00:00.030+00:00,xyz:SMSN,1.39379e-05,0.0005230065
1777579200048,2026-04-30T20:00:00.048+00:00,xyz:SMSN,-3.37195e-05,-0.0008395127
1777582800009,2026-04-30T21:00:00.009+00:00,xyz:SMSN,-2.60026e-05,-0.000716042
1777586400010,2026-04-30T22:00:00.010+00:00,xyz:SMSN,1.75055e-05,0.0005800877
1777590000005,2026-04-30T23:00:00.005+00:00,xyz:SMSN,8.2577e-05,0.0016212322
1777593600045,2026-05-01T00:00:00.045+00:00,xyz:SMSN,-3.63896e-05,-0.0008822337
1777597200040,2026-05-01T01:00:00.040+00:00,xyz:SMSN,-4.44156e-05,-0.0010106492
1777600800073,2026-05-01T02:00:00.073+00:00,xyz:SMSN,-5.35161e-05,-0.0011562581
1777604400003,2026-05-01T03:00:00.003+00:00,xyz:SMSN,-0.0002481847,-0.0042709546
1777608000097,2026-05-01T04:00:00.097+00:00,xyz:SMSN,-0.0001339043,-0.0024424687
1777611600029,2026-05-01T05:00:00.029+00:00,xyz:SMSN,0.000149804,0.0026968635
1777615200052,2026-05-01T06:00:00.052+00:00,xyz:SMSN,0.0003583468,0.006033549
1777618800028,2026-05-01T07:00:00.028+00:00,xyz:SMSN,0.0002679929,0.0045878864
1777622400049,2026-05-01T08:00:00.049+00:00,xyz:SMSN,0.0003090272,0.0052444347
1777626000046,2026-05-01T09:00:00.046+00:00,xyz:SMSN,0.0002771582,0.0047345312
1777629600063,2026-05-01T10:00:00.063+00:00,xyz:SMSN,0.0002356264,0.0040700224
1777633200046,2026-05-01T11:00:00.046+00:00,xyz:SMSN,0.0001901473,0.0033423562
1777636800012,2026-05-01T12:00:00.012+00:00,xyz:SMSN,0.0001124312,0.0020988993
1777640400028,2026-05-01T13:00:00.028+00:00,xyz:SMSN,0.0001715449,0.0030447177
1777644000051,2026-05-01T14:00:00.051+00:00,xyz:SMSN,0.0003037359,0.005159774
1777647600002,2026-05-01T15:00:00.002+00:00,xyz:SMSN,0.0005563224,0.0092011586
1777651200055,2026-05-01T16:00:00.055+00:00,xyz:SMSN,6.25e-06,-1.97115e-05
1777654800055,2026-05-01T17:00:00.055+00:00,xyz:SMSN,-0.0001310033,-0.0023960525
1777658400043,2026-05-01T18:00:00.043+00:00,xyz:SMSN,-0.0001689208,-0.0030027324
1777662000031,2026-05-01T19:00:00.031+00:00,xyz:SMSN,-0.0001763293,-0.0031212682
1777665600011,2026-05-01T20:00:00.011+00:00,xyz:SMSN,-0.0001967131,-0.00344741
1777669200059,2026-05-01T21:00:00.059+00:00,xyz:SMSN,-0.0002707859,-0.0046325739
1777672800054,2026-05-01T22:00:00.054+00:00,xyz:SMSN,-0.0001744489,-0.0030911832
1777676400002,2026-05-01T23:00:00.002+00:00,xyz:SMSN,-0.0001734886,-0.0030758173
1777680000010,2026-05-02T00:00:00.010+00:00,xyz:SMSN,-4.9576e-06,-0.0003793209
1777683600070,2026-05-02T01:00:00.070+00:00,xyz:SMSN,0.0006696261,0.011014018
1777687200056,2026-05-02T02:00:00.056+00:00,xyz:SMSN,0.0002973844,0.0050581503
1777690800038,2026-05-02T03:00:00.038+00:00,xyz:SMSN,0.0001226077,0.0022617225
1777694400019,2026-05-02T04:00:00.019+00:00,xyz:SMSN,0.0002080845,0.0036293524
1777698000004,2026-05-02T05:00:00.004+00:00,xyz:SMSN,0.0001678852,0.0029861633
1777701600040,2026-05-02T06:00:00.040+00:00,xyz:SMSN,4.41677e-05,0.0010066827
1777705200044,2026-05-02T07:00:00.044+00:00,xyz:SMSN,6.25e-06,0.0002516494
1777708800031,2026-05-02T08:00:00.031+00:00,xyz:SMSN,0.0002135513,0.0037168213
1777712400002,2026-05-02T09:00:00.002+00:00,xyz:SMSN,0.0001273074,0.0023369183
1777716000010,2026-05-02T10:00:00.010+00:00,xyz:SMSN,-1.53312e-05,-0.0005452999
1777719600041,2026-05-02T11:00:00.041+00:00,xyz:SMSN,6.25e-06,6.6038e-06
1777723200048,2026-05-02T12:00:00.048+00:00,xyz:SMSN,6.25e-06,4.28242e-05
1777726800017,2026-05-02T13:00:00.017+00:00,xyz:SMSN,6.25e-06,-7.68999e-05
1777730400025,2026-05-02T14:00:00.025+00:00,xyz:SMSN,6.25e-06,0.0003169322
1777734000021,2026-05-02T15:00:00.021+00:00,xyz:SMSN,3.08159e-05,0.0007930552
1777737600033,2026-05-02T16:00:00.033+00:00,xyz:SMSN,6.25e-06,0.0001842327
1777741200048,2026-05-02T17:00:00.048+00:00,xyz:SMSN,-1.99916e-05,-0.0006198652
1777744800025,2026-05-02T18:00:00.025+00:00,xyz:SMSN,6.25e-06,0.0003864311
1777748400038,2026-05-02T19:00:00.038+00:00,xyz:SMSN,0.0001706365,0.0030301847
1777752000064,2026-05-02T20:00:00.064+00:00,xyz:SMSN,0.0001723958,0.0030583324
1777755600020,2026-05-02T21:00:00.020+00:00,xyz:SMSN,0.0001045649,0.0019730377
1777759200000,2026-05-02T22:00:00.000+00:00,xyz:SMSN,8.15232e-05,0.001604371
1777762800067,2026-05-02T23:00:00.067+00:00,xyz:SMSN,9.94261e-05,0.0018908172
1777766400049,2026-05-03T00:00:00.049+00:00,xyz:SMSN,0.0002337312,0.0040396996
1777770000025,2026-05-03T01:00:00.025+00:00,xyz:SMSN,1.74654e-05,0.0005794465
1777773600016,2026-05-03T02:00:00.016+00:00,xyz:SMSN,6.25e-06,0.0003446528
1777777200053,2026-05-03T03:00:00.053+00:00,xyz:SMSN,1.5996e-06,-0.0002744066
1777780800034,2026-05-03T04:00:00.034+00:00,xyz:SMSN,-1.98609e-05,-0.0006177747
1777784400010,2026-05-03T05:00:00.010+00:00,xyz:SMSN,-3.93994e-05,-0.0009303899
1777788000024,2026-05-03T06:00:00.024+00:00,xyz:SMSN,-9.83378e-05,-0.0018734052
1777791600004,2026-05-03T07:00:00.004+00:00,xyz:SMSN,6.25e-06,7.49731e-05
1777795200037,2026-05-03T08:00:00.037+00:00,xyz:SMSN,6.99665e-05,0.0014194646
1777798800018,2026-05-03T09:00:00.018+00:00,xyz:SMSN,2.23567e-05,0.0006577067
1777802400038,2026-05-03T10:00:00.038+00:00,xyz:SMSN,-0.000602026,-0.009932416
1777806000052,2026-05-03T11:00:00.052+00:00,xyz:SMSN,-0.0003024688,-0.0051395006
1777809600047,2026-05-03T12:00:00.047+00:00,xyz:SMSN,-0.0002579135,-0.0044266162
1777813200005,2026-05-03T13:00:00.005+00:00,xyz:SMSN,-0.0001479842,-0.0026677473
1777816800027,2026-05-03T14:00:00.027+00:00,xyz:SMSN,0.0001292594,0.0023681505
1777820400059,2026-05-03T15:00:00.059+00:00,xyz:SMSN,0.0004074926,0.0068198812
1777824000054,2026-05-03T16:00:00.054+00:00,xyz:SMSN,0.0005475196,0.0090603137
1777827600044,2026-05-03T17:00:00.044+00:00,xyz:SMSN,0.0005266247,0.0087259954
1777831200060,2026-05-03T18:00:00.060+00:00,xyz:SMSN,0.0005330956,0.0088295298
1777834800014,2026-05-03T19:00:00.014+00:00,xyz:SMSN,0.0005634291,0.0093148659
1777838400040,2026-05-03T20:00:00.040+00:00,xyz:SMSN,0.0004752117,0.0079033879
1777842000037,2026-05-03T21:00:00.037+00:00,xyz:SMSN,0.0005151963,0.0085431412
1777845600024,2026-05-03T22:00:00.024+00:00,xyz:SMSN,0.0004471124,0.0074537988
1777849200039,2026-05-03T23:00:00.039+00:00,xyz:SMSN,0.000324661,0.0054945768
1777852800030,2026-05-04T00:00:00.030+00:00,xyz:SMSN,0.0007500787,0.0123012597
1777856400063,2026-05-04T01:00:00.063+00:00,xyz:SMSN,0.0006101618,0.0100625883
1777860000059,2026-05-04T02:00:00.059+00:00,xyz:SMSN,0.0004399249,0.0073387991
1777863600012,2026-05-04T03:00:00.012+00:00,xyz:SMSN,0.0005067528,0.0084080446
1777867200014,2026-05-04T04:00:00.014+00:00,xyz:SMSN,0.0004395766,0.0073332252
1777870800025,2026-05-04T05:00:00.025+00:00,xyz:SMSN,0.0002336307,0.0040380905
1777874400035,2026-05-04T06:00:00.035+00:00,xyz:SMSN,0.0002497988,0.0042967815
1777878000001,2026-05-04T07:00:00.001+00:00,xyz:SMSN,0.0004004646,0.0067074337
1777881600065,2026-05-04T08:00:00.065+00:00,xyz:SMSN,0.0006071689,0.0100147019
1777885200015,2026-05-04T09:00:00.015+00:00,xyz:SMSN,0.0007383044,0.012112871
1777888800011,2026-05-04T10:00:00.011+00:00,xyz:SMSN,0.0005828471,0.0096255537
1777892400065,2026-05-04T11:00:00.065+00:00,xyz:SMSN,9.56563e-05,0.0018305008
1777896000066,2026-05-04T12:00:00.066+00:00,xyz:SMSN,9.14189e-05,0.0017627023
1777899600032,2026-05-04T13:00:00.032+00:00,xyz:SMSN,0.0001927104,0.0033833663
1777903200079,2026-05-04T14:00:00.079+00:00,xyz:SMSN,0.000340138,0.0057422075
1777906800062,2026-05-04T15:00:00.062+00:00,xyz:SMSN,0.0006629027,0.0109064438
1777910400030,2026-05-04T16:00:00.030+00:00,xyz:SMSN,-0.0002338442,-0.0040415076
1777914000041,2026-05-04T17:00:00.041+00:00,xyz:SMSN,-0.0005887063,-0.0097193016
1777917600053,2026-05-04T18:00:00.053+00:00,xyz:SMSN,-0.0002241354,-0.0038861669
1777921200037,2026-05-04T19:00:00.037+00:00,xyz:SMSN,-0.0001085452,-0.0020367225
1777924800060,2026-05-04T20:00:00.060+00:00,xyz:SMSN,-0.0006258477,-0.0103135629
1777928400052,2026-05-04T21:00:00.052+00:00,xyz:SMSN,-0.0005606068,-0.0092697082
1777932000075,2026-05-04T22:00:00.075+00:00,xyz:SMSN,-0.0002501879,-0.0043030069
1777935600055,2026-05-04T23:00:00.055+00:00,xyz:SMSN,7.70918e-05,0.0015334682
1777939200021,2026-05-05T00:00:00.021+00:00,xyz:SMSN,-4.48025e-05,-0.00101684
1777942800040,2026-05-05T01:00:00.040+00:00,xyz:SMSN,-0.0002005401,-0.0035086416
1777946400044,2026-05-05T02:00:00.044+00:00,xyz:SMSN,-9.81728e-05,-0.0018707654
1777950000039,2026-05-05T03:00:00.039+00:00,xyz:SMSN,0.0002400154,0.0041402467
1777953600016,2026-05-05T04:00:00.016+00:00,xyz:SMSN,0.0007195573,0.0118129161
1777957200057,2026-05-05T05:00:00.057+00:00,xyz:SMSN,0.0003261099,0.005517759
1777960800006,2026-05-05T06:00:00.006+00:00,xyz:SMSN,8.40879e-05,0.0016454066
1777964400052,2026-05-05T07:00:00.052+00:00,xyz:SMSN,0.0001248723,0.0022979571
1777968000055,2026-05-05T08:00:00.055+00:00,xyz:SMSN,0.0002108224,0.0036731576
1777971600016,2026-05-05T09:00:00.016+00:00,xyz:SMSN,0.0001542943,0.0027687092
1777975200002,2026-05-05T10:00:00.002+00:00,xyz:SMSN,6.58994e-05,0.0013543899
1777978800054,2026-05-05T11:00:00.054+00:00,xyz:SMSN,-5.07756e-05,-0.0011124089
1777982400025,2026-05-05T12:00:00.025+00:00,xyz:SMSN,0.0001272513,0.0023360207
1777986000065,2026-05-05T13:00:00.065+00:00,xyz:SMSN,0.0003859857,0.0064757706
1777989600022,2026-05-05T14:00:00.022+00:00,xyz:SMSN,0.0006062587,0.010000139
1777993200017,2026-05-05T15:00:00.017+00:00,xyz:SMSN,0.0012365751,0.0200852011
1777996800028,2026-05-05T16:00:00.028+00:00,xyz:SMSN,0.0002905014,0.0049480227
1778000400003,2026-05-05T17:00:00.003+00:00,xyz:SMSN,0.000202456,0.0035392965
1778004000061,2026-05-05T18:00:00.061+00:00,xyz:SMSN,0.0001802012,0.0031832194
1778007600036,2026-05-05T19:00:00.036+00:00,xyz:SMSN,4.50735e-05,0.0010211758
1778011200001,2026-05-05T20:00:00.001+00:00,xyz:SMSN,0.0001744934,0.0030918945
1778014800044,2026-05-05T21:00:00.044+00:00,xyz:SMSN,0.0002487561,0.004280098
1778018400066,2026-05-05T22:00:00.066+00:00,xyz:SMSN,0.0001890297,0.0033244746
1778022000056,2026-05-05T23:00:00.056+00:00,xyz:SMSN,0.000790184,0.0129429433
1778025600026,2026-05-06T00:00:00.026+00:00,xyz:SMSN,0.0004496674,0.0074946779
1778029200002,2026-05-06T01:00:00.002+00:00,xyz:SMSN,0.0003213049,0.0054408788
1778032800010,2026-05-06T02:00:00.010+00:00,xyz:SMSN,0.0002923049,0.0049768784
1778036400061,2026-05-06T03:00:00.061+00:00,xyz:SMSN,-0.0001693845,-0.003010152
1778040000067,2026-05-06T04:00:00.067+00:00,xyz:SMSN,0.0001200803,0.0022212843
1778043600011,2026-05-06T05:00:00.011+00:00,xyz:SMSN,0.0003273134,0.0055370147
1778047200051,2026-05-06T06:00:00.051+00:00,xyz:SMSN,0.0005898288,0.0097372602
1778050800046,2026-05-06T07:00:00.046+00:00,xyz:SMSN,0.0002233988,0.0038743814
1778054400014,2026-05-06T08:00:00.014+00:00,xyz:SMSN,0.0001184774,0.0021956381
1778058000029,2026-05-06T09:00:00.029+00:00,xyz:SMSN,-3.2243e-05,-0.0008158876
1778061600058,2026-05-06T10:00:00.058+00:00,xyz:SMSN,0.0001627966,0.002904745
1778065200012,2026-05-06T11:00:00.012+00:00,xyz:SMSN,6.25e-06,-0.0001112299
1778068800046,2026-05-06T12:00:00.046+00:00,xyz:SMSN,6.25e-06,1.36449e-05
1778072400027,2026-05-06T13:00:00.027+00:00,xyz:SMSN,3.71466e-05,0.0008943451
1778076000062,2026-05-06T14:00:00.062+00:00,xyz:SMSN,-0.0001435188,-0.0025963003
1778079600012,2026-05-06T15:00:00.012+00:00,xyz:SMSN,-0.0008765569,-0.0143249107
1778083200063,2026-05-06T16:00:00.063+00:00,xyz:SMSN,6.716e-06,0.0004074566
1778086800019,2026-05-06T17:00:00.019+00:00,xyz:SMSN,-4.01197e-05,-0.0009419147
1778090400065,2026-05-06T18:00:00.065+00:00,xyz:SMSN,6.25e-06,0.0001374004
1778094000068,2026-05-06T19:00:00.068+00:00,xyz:SMSN,0.0002209376,0.0038350014
1778097600077,2026-05-06T20:00:00.077+00:00,xyz:SMSN,0.0005817075,0.0096073199
1778101200026,2026-05-06T21:00:00.026+00:00,xyz:SMSN,0.0005993062,0.0098889
1778104800045,2026-05-06T22:00:00.045+00:00,xyz:SMSN,0.0001366198,0.0024859171
1778108400000,2026-05-06T23:00:00.000+00:00,xyz:SMSN,-0.0002688196,-0.0046011142
1778112000059,2026-05-07T00:00:00.059+00:00,xyz:SMSN,6.3715e-06,0.000401944
1778115600065,2026-05-07T01:00:00.065+00:00,xyz:SMSN,0.0007958518,0.0130336295
1778119200043,2026-05-07T02:00:00.043+00:00,xyz:SMSN,0.0005670754,0.0093732057
1778122800030,2026-05-07T03:00:00.030+00:00,xyz:SMSN,0.0003788347,0.006361355
1778126400026,2026-05-07T04:00:00.026+00:00,xyz:SMSN,0.0001749601,0.0030993623
1778130000051,2026-05-07T05:00:00.051+00:00,xyz:SMSN,6.25e-06,0.0003286151
1778133600013,2026-05-07T06:00:00.013+00:00,xyz:SMSN,-3.91381e-05,-0.00092621
1778137200061,2026-05-07T07:00:00.061+00:00,xyz:SMSN,1.00024e-05,0.0004600383
1778140800060,2026-05-07T08:00:00.060+00:00,xyz:SMSN,-4.09571e-05,-0.0009553129
1778144400013,2026-05-07T09:00:00.013+00:00,xyz:SMSN,6.65367e-05,0.0013645876
1778148000020,2026-05-07T10:00:00.020+00:00,xyz:SMSN,8.47584e-05,0.0016561338
1778151600037,2026-05-07T11:00:00.037+00:00,xyz:SMSN,2.63276e-05,0.000721241
1778155200009,2026-05-07T12:00:00.009+00:00,xyz:SMSN,-0.0003395086,-0.0057321381
1778158800041,2026-05-07T13:00:00.041+00:00,xyz:SMSN,-0.0003781602,-0.006350564
1778162400079,2026-05-07T14:00:00.079+00:00,xyz:SMSN,-0.0005377108,-0.0089033735
1778166000021,2026-05-07T15:00:00.021+00:00,xyz:SMSN,0.0001139698,0.002123517
1778169600044,2026-05-07T16:00:00.044+00:00,xyz:SMSN,-0.0003777381,-0.0063438093
1778173200070,2026-05-07T17:00:00.070+00:00,xyz:SMSN,-0.0004792044,-0.0079672705
1778176800001,2026-05-07T18:00:00.001+00:00,xyz:SMSN,-0.0001642083,-0.0029273332
1778180400025,2026-05-07T19:00:00.025+00:00,xyz:SMSN,-0.0001274828,-0.0023397242
1778184000029,2026-05-07T20:00:00.029+00:00,xyz:SMSN,-0.0001512148,-0.002719437
1778187600026,2026-05-07T21:00:00.026+00:00,xyz:SMSN,-0.0001119264,-0.0020908224
1778191200025,2026-05-07T22:00:00.025+00:00,xyz:SMSN,-0.0003320379,-0.0056126065
1778194800057,2026-05-07T23:00:00.057+00:00,xyz:SMSN,-0.0004354,-0.0072664
1778198400069,2026-05-08T00:00:00.069+00:00,xyz:SMSN,-0.0004332204,-0.0072315265
1778202000002,2026-05-08T01:00:00.002+00:00,xyz:SMSN,2.1375e-05,0.0006420005
1778205600026,2026-05-08T02:00:00.026+00:00,xyz:SMSN,0.0002047,0.0035752
1778209200048,2026-05-08T03:00:00.048+00:00,xyz:SMSN,0.0002768883,0.0047302123
1778212800023,2026-05-08T04:00:00.023+00:00,xyz:SMSN,8.66631e-05,0.0016866094
1778216400023,2026-05-08T05:00:00.023+00:00,xyz:SMSN,6.25e-06,0.0003822423
1778220000012,2026-05-08T06:00:00.012+00:00,xyz:SMSN,6.25e-06,5.10572e-05
1778223600012,2026-05-08T07:00:00.012+00:00,xyz:SMSN,0.0001439451,0.0026031223
1778227200002,2026-05-08T08:00:00.002+00:00,xyz:SMSN,-5.7211e-06,-0.000391538
1778230800038,2026-05-08T09:00:00.038+00:00,xyz:SMSN,0.0001461835,0.0026389368
1778234400074,2026-05-08T10:00:00.074+00:00,xyz:SMSN,9.40503e-05,0.0018048048
1778238000003,2026-05-08T11:00:00.003+00:00,xyz:SMSN,8.87771e-05,0.0017204332
1778241600055,2026-05-08T12:00:00.055+00:00,xyz:SMSN,-0.0002100589,-0.0036609429
1778245200029,2026-05-08T13:00:00.029+00:00,xyz:SMSN,-0.0002064386,-0.0036030183
1778248800050,2026-05-08T14:00:00.050+00:00,xyz:SMSN,0.0005024869,0.0083397909
1778252400064,2026-05-08T15:00:00.064+00:00,xyz:SMSN,0.0005163961,0.0085623369
1778256000018,2026-05-08T16:00:00.018+00:00,xyz:SMSN,0.0002774518,0.0047392293
1778259600053,2026-05-08T17:00:00.053+00:00,xyz:SMSN,0.0003215271,0.0054444328
1778263200064,2026-05-08T18:00:00.064+00:00,xyz:SMSN,0.0005430001,0.0089880017
1778266800038,2026-05-08T19:00:00.038+00:00,xyz:SMSN,0.0004437291,0.0073996659
1778270400043,2026-05-08T20:00:00.043+00:00,xyz:SMSN,0.0005750371,0.0095005932
1778274000041,2026-05-08T21:00:00.041+00:00,xyz:SMSN,0.0005017909,0.0083286547
1778277600054,2026-05-08T22:00:00.054+00:00,xyz:SMSN,0.00038386,0.0064417601
1778281200009,2026-05-08T23:00:00.009+00:00,xyz:SMSN,0.0004851616,0.0080625864
1778284800000,2026-05-09T00:00:00.000+00:00,xyz:SMSN,0.0002599684,0.0044594938
1778288400009,2026-05-09T01:00:00.009+00:00,xyz:SMSN,6.25e-06,6.89562e-05
1778292000018,2026-05-09T02:00:00.018+00:00,xyz:SMSN,9.67834e-05,0.0018485345
1778295600006,2026-05-09T03:00:00.006+00:00,xyz:SMSN,0.0001538682,0.0027618917
1778299200003,2026-05-09T04:00:00.003+00:00,xyz:SMSN,0.0001795415,0.003172664
1778302800047,2026-05-09T05:00:00.047+00:00,xyz:SMSN,0.0002357887,0.0040726198
1778306400038,2026-05-09T06:00:00.038+00:00,xyz:SMSN,0.0001527208,0.0027435329
1778310000036,2026-05-09T07:00:00.036+00:00,xyz:SMSN,0.0001514985,0.0027239756
1778313600024,2026-05-09T08:00:00.024+00:00,xyz:SMSN,-0.0001270234,-0.0023323743
1778317200062,2026-05-09T09:00:00.062+00:00,xyz:SMSN,0.0001845479,0.0032527671
1778320800026,2026-05-09T10:00:00.026+00:00,xyz:SMSN,0.0002846558,0.0048544925
1778324400050,2026-05-09T11:00:00.050+00:00,xyz:SMSN,-1.31017e-05,-0.0005096266
1778328000059,2026-05-09T12:00:00.059+00:00,xyz:SMSN,9.84864e-05,0.0018757818
1778331600000,2026-05-09T13:00:00.000+00:00,xyz:SMSN,0.0003699412,0.0062190588
1778335200040,2026-05-09T14:00:00.040+00:00,xyz:SMSN,0.0002465957,0.0042455308
1778338800053,2026-05-09T15:00:00.053+00:00,xyz:SMSN,0.00015851,0.0028361604
1778342400017,2026-05-09T16:00:00.017+00:00,xyz:SMSN,5.3754e-05,0.0011600643
1778346000001,2026-05-09T17:00:00.001+00:00,xyz:SMSN,6.25e-06,0.0003859451
1778349600017,2026-05-09T18:00:00.017+00:00,xyz:SMSN,5.7932e-05,0.0012269117
1778353200018,2026-05-09T19:00:00.018+00:00,xyz:SMSN,4.95086e-05,0.0010921373
1778356800068,2026-05-09T20:00:00.068+00:00,xyz:SMSN,4.18636e-05,0.0009698177
1778360400051,2026-05-09T21:00:00.051+00:00,xyz:SMSN,1.33657e-05,0.0005138511
1778364000008,2026-05-09T22:00:00.008+00:00,xyz:SMSN,6.25e-06,0.0003505819
1778367600025,2026-05-09T23:00:00.025+00:00,xyz:SMSN,6.25e-06,0.0003298142
1778371200032,2026-05-10T00:00:00.032+00:00,xyz:SMSN,6.25e-06,-0.0001576563
1778374800048,2026-05-10T01:00:00.048+00:00,xyz:SMSN,6.25e-06,1.42271e-05
1778378400005,2026-05-10T02:00:00.005+00:00,xyz:SMSN,1.72333e-05,0.0005757326
1778382000065,2026-05-10T03:00:00.065+00:00,xyz:SMSN,6.3723e-06,0.0004019574
1778385600039,2026-05-10T04:00:00.039+00:00,xyz:SMSN,6.25e-06,9.074e-06
1778389200002,2026-05-10T05:00:00.002+00:00,xyz:SMSN,6.25e-06,2.63313e-05
1778392800045,2026-05-10T06:00:00.045+00:00,xyz:SMSN,6.25e-06,0.0001524865
1778396400044,2026-05-10T07:00:00.044+00:00,xyz:SMSN,6.25e-06,6.52088e-05
1778400000015,2026-05-10T08:00:00.015+00:00,xyz:SMSN,2.64188e-05,0.000722701
1778403600013,2026-05-10T09:00:00.013+00:00,xyz:SMSN,1.95028e-05,0.0006120453
1778407200065,2026-05-10T10:00:00.065+00:00,xyz:SMSN,-1.8701e-06,-0.0003299214
1778410800000,2026-05-10T11:00:00.000+00:00,xyz:SMSN,-3.54118e-05,-0.000866589
1778414400050,2026-05-10T12:00:00.050+00:00,xyz:SMSN,-1.07994e-05,-0.0004727909
1778418000020,2026-05-10T13:00:00.020+00:00,xyz:SMSN,-1.73496e-05,-0.0005775938
1778421600012,2026-05-10T14:00:00.012+00:00,xyz:SMSN,-9.61675e-05,-0.0018386801
1778425200019,2026-05-10T15:00:00.019+00:00,xyz:SMSN,6.25e-06,-3.17231e-05
1778428800019,2026-05-10T16:00:00.019+00:00,xyz:SMSN,1.3885e-06,-0.0002777847
1778432400006,2026-05-10T17:00:00.006+00:00,xyz:SMSN,-6.8672e-06,-0.0004098757
1778436000007,2026-05-10T18:00:00.007+00:00,xyz:SMSN,-8.36005e-05,-0.0016376075
1778439600038,2026-05-10T19:00:00.038+00:00,xyz:SMSN,0.0001145001,0.0021320009
1778443200068,2026-05-10T20:00:00.068+00:00,xyz:SMSN,8.29037e-05,0.0016264596
1778446800002,2026-05-10T21:00:00.002+00:00,xyz:SMSN,5.52926e-05,0.0011846818
1778450400042,2026-05-10T22:00:00.042+00:00,xyz:SMSN,-0.0002089285,-0.0036428559
1778454000083,2026-05-10T23:00:00.083+00:00,xyz:SMSN,-0.0004581896,-0.0076310344
1778457600028,2026-05-11T00:00:00.028+00:00,xyz:SMSN,0.000647512,0.0106601925
1778461200001,2026-05-11T01:00:00.001+00:00,xyz:SMSN,0.0006695699,0.0110131189
1778464800074,2026-05-11T02:00:00.074+00:00,xyz:SMSN,0.0006983582,0.0114737316
1778468400051,2026-05-11T03:00:00.051+00:00,xyz:SMSN,0.0005064737,0.0084035788
1778472000063,2026-05-11T04:00:00.063+00:00,xyz:SMSN,0.0003233384,0.0054734149
1778475600064,2026-05-11T05:00:00.064+00:00,xyz:SMSN,0.0003609692,0.0060755073
1778479200017,2026-05-11T06:00:00.017+00:00,xyz:SMSN,0.0002957591,0.0050321452
1778482800034,2026-05-11T07:00:00.034+00:00,xyz:SMSN,4.41806e-05,0.0010068889
1778486400079,2026-05-11T08:00:00.079+00:00,xyz:SMSN,9.68774e-05,0.0018500382
1778490000051,2026-05-11T09:00:00.051+00:00,xyz:SMSN,6.08288e-05,0.001273261
1778493600007,2026-05-11T10:00:00.007+00:00,xyz:SMSN,-0.0001008858,-0.0019141733
1778497200059,2026-05-11T11:00:00.059+00:00,xyz:SMSN,0.0001611262,0.0028780188
1778500800038,2026-05-11T12:00:00.038+00:00,xyz:SMSN,0.0003603038,0.0060648606
1778504400052,2026-05-11T13:00:00.052+00:00,xyz:SMSN,0.000356406,0.0060024957
1778508000014,2026-05-11T14:00:00.014+00:00,xyz:SMSN,0.0003212628,0.0054402046
1778511600033,2026-05-11T15:00:00.033+00:00,xyz:SMSN,0.0003414196,0.0057627134
1778515200025,2026-05-11T16:00:00.025+00:00,xyz:SMSN,0.0003104844,0.0052677505
1778518800005,2026-05-11T17:00:00.005+00:00,xyz:SMSN,0.0007140298,0.0117244763
1778522400015,2026-05-11T18:00:00.015+00:00,xyz:SMSN,0.0001608429,0.0028734863
1778526000033,2026-05-11T19:00:00.033+00:00,xyz:SMSN,0.0003589341,0.0060429457
1778529600044,2026-05-11T20:00:00.044+00:00,xyz:SMSN,0.0003762858,0.006320572
1778533200034,2026-05-11T21:00:00.034+00:00,xyz:SMSN,-0.0004207718,-0.0070323494
1778536800039,2026-05-11T22:00:00.039+00:00,xyz:SMSN,-0.0003828048,-0.0064248773
1778540400005,2026-05-11T23:00:00.005+00:00,xyz:SMSN,5.7135e-06,-0.0002085832
1778544000040,2026-05-12T00:00:00.040+00:00,xyz:SMSN,0.0005309642,0.0087954274
1778547600019,2026-05-12T01:00:00.019+00:00,xyz:SMSN,0.0003241538,0.0054864614
1778551200065,2026-05-12T02:00:00.065+00:00,xyz:SMSN,-0.0002252003,-0.0039032041
1778554800018,2026-05-12T03:00:00.018+00:00,xyz:SMSN,-9.6603e-06,-0.0004545654
1778558400027,2026-05-12T04:00:00.027+00:00,xyz:SMSN,7.81594e-05,0.0015505498
1778562000020,2026-05-12T05:00:00.020+00:00,xyz:SMSN,0.0002035082,0.003556131
1778565600058,2026-05-12T06:00:00.058+00:00,xyz:SMSN,6.25e-06,0.0001389987
1778569200008,2026-05-12T07:00:00.008+00:00,xyz:SMSN,0.0001066262,0.002006019
1778572800010,2026-05-12T08:00:00.010+00:00,xyz:SMSN,4.38627e-05,0.001001803
1778576400005,2026-05-12T09:00:00.005+00:00,xyz:SMSN,0.000163214,0.0029114235
1778580000036,2026-05-12T10:00:00.036+00:00,xyz:SMSN,0.0006115524,0.0100848383
1778583600001,2026-05-12T11:00:00.001+00:00,xyz:SMSN,0.0005988939,0.0098823026
1778587200020,2026-05-12T12:00:00.020+00:00,xyz:SMSN,0.0002130294,0.0037084707
1778590800033,2026-05-12T13:00:00.033+00:00,xyz:SMSN,6.25e-06,-5.96999e-05
1778594400005,2026-05-12T14:00:00.005+00:00,xyz:SMSN,0.0001917118,0.0033673881
1778598000008,2026-05-12T15:00:00.008+00:00,xyz:SMSN,-0.0003496695,-0.0058947116
1778601600023,2026-05-12T16:00:00.023+00:00,xyz:SMSN,-0.001004151,-0.0163664162
1778605200037,2026-05-12T17:00:00.037+00:00,xyz:SMSN,-0.0002339205,-0.0040427282
1778608800037,2026-05-12T18:00:00.037+00:00,xyz:SMSN,-0.000335542,-0.005668672
1778612400061,2026-05-12T19:00:00.061+00:00,xyz:SMSN,0.0001789535,0.0031632557
1778616000021,2026-05-12T20:00:00.021+00:00,xyz:SMSN,0.0004537898,0.0075606365
1778619600063,2026-05-12T21:00:00.063+00:00,xyz:SMSN,0.0005419148,0.0089706367
1778623200054,2026-05-12T22:00:00.054+00:00,xyz:SMSN,0.0003063984,0.0052023739
1778626800054,2026-05-12T23:00:00.054+00:00,xyz:SMSN,2.47934e-05,0.0006966938
1778630400016,2026-05-13T00:00:00.016+00:00,xyz:SMSN,0.0002169968,0.0037719482
1778634000036,2026-05-13T01:00:00.036+00:00,xyz:SMSN,4.98013e-05,0.0010968202
1778637600050,2026-05-13T02:00:00.050+00:00,xyz:SMSN,0.0001266054,0.0023256863
1778641200058,2026-05-13T03:00:00.058+00:00,xyz:SMSN,2.0292e-05,0.0006246727
1778644800066,2026-05-13T04:00:00.066+00:00,xyz:SMSN,-6.87958e-05,-0.0014007334
1778648400005,2026-05-13T05:00:00.005+00:00,xyz:SMSN,0.0002306587,0.0039905398
1778652000016,2026-05-13T06:00:00.016+00:00,xyz:SMSN,0.0002880949,0.0049095188
1778655600003,2026-05-13T07:00:00.003+00:00,xyz:SMSN,0.0003889073,0.0065225168
1778659200046,2026-05-13T08:00:00.046+00:00,xyz:SMSN,0.0004085287,0.0068364591
1778662800025,2026-05-13T09:00:00.025+00:00,xyz:SMSN,0.0006068749,0.0100099977
1778666400006,2026-05-13T10:00:00.006+00:00,xyz:SMSN,0.0009870867,0.0160933877
1778670000013,2026-05-13T11:00:00.013+00:00,xyz:SMSN,0.000962545,0.0157007193
1778673600048,2026-05-13T12:00:00.048+00:00,xyz:SMSN,0.0004440048,0.007404077
1778677200052,2026-05-13T13:00:00.052+00:00,xyz:SMSN,-0.000158701,-0.0028392161
1778680800024,2026-05-13T14:00:00.024+00:00,xyz:SMSN,-0.0006056911,-0.0099910581
1778684400005,2026-05-13T15:00:00.005+00:00,xyz:SMSN,-9.46723e-05,-0.0018147573
1778688000041,2026-05-13T16:00:00.041+00:00,xyz:SMSN,6.38431e-05,0.0013214891
1778691600031,2026-05-13T17:00:00.031+00:00,xyz:SMSN,6.25e-06,-2.55348e-05
1778695200014,2026-05-13T18:00:00.014+00:00,xyz:SMSN,0.0004049712,0.0067795387
1778698800037,2026-05-13T19:00:00.037+00:00,xyz:SMSN,0.0005916169,0.0097658697
1778702400043,2026-05-13T20:00:00.043+00:00,xyz:SMSN,-3.0595e-06,-0.0003489518
1778706000045,2026-05-13T21:00:00.045+00:00,xyz:SMSN,6.25e-06,2.8487e-05
1778709600004,2026-05-13T22:00:00.004+00:00,xyz:SMSN,-4.98188e-05,-0.0010971003
1778713200051,2026-05-13T23:00:00.051+00:00,xyz:SMSN,-6.9151e-05,-0.0014064165
1778716800062,2026-05-14T00:00:00.062+00:00,xyz:SMSN,0.0005578858,0.009226172
1778720400013,2026-05-14T01:00:00.013+00:00,xyz:SMSN,0.000282935,0.0048269601
1778724000012,2026-05-14T02:00:00.012+00:00,xyz:SMSN,0.0002493979,0.0042903658
1778727600011,2026-05-14T03:00:00.011+00:00,xyz:SMSN,0.000102986,0.0019477767
1778731200047,2026-05-14T04:00:00.047+00:00,xyz:SMSN,3.08704e-05,0.0007939266
1778734800013,2026-05-14T05:00:00.013+00:00,xyz:SMSN,9.2973e-06,0.0004487575
1778738400014,2026-05-14T06:00:00.014+00:00,xyz:SMSN,0.0001400297,0.0025404753
1778742000043,2026-05-14T07:00:00.043+00:00,xyz:SMSN,0.0001506682,0.0027106918
1778745600035,2026-05-14T08:00:00.035+00:00,xyz:SMSN,0.0001036804,0.0019588867
1778749200066,2026-05-14T09:00:00.066+00:00,xyz:SMSN,0.0002153007,0.003744811
1778752800000,2026-05-14T10:00:00.000+00:00,xyz:SMSN,0.0002715648,0.0046450365
1778756400034,2026-05-14T11:00:00.034+00:00,xyz:SMSN,9.03639e-05,0.0017458231
1778760000001,2026-05-14T12:00:00.001+00:00,xyz:SMSN,0.0001771689,0.0031347017
1778763600032,2026-05-14T13:00:00.032+00:00,xyz:SMSN,0.0001780446,0.0031487142
1778767200002,2026-05-14T14:00:00.002+00:00,xyz:SMSN,-2.74784e-05,-0.0007396538
1778770800003,2026-05-14T15:00:00.003+00:00,xyz:SMSN,-0.0003097747,-0.0052563958
1778774400047,2026-05-14T16:00:00.047+00:00,xyz:SMSN,-7.12569e-05,-0.0014401107
1778778000043,2026-05-14T17:00:00.043+00:00,xyz:SMSN,-1.84038e-05,-0.0005944615
1778781600066,2026-05-14T18:00:00.066+00:00,xyz:SMSN,6.25e-06,0.0001392206
1778785200050,2026-05-14T19:00:00.050+00:00,xyz:SMSN,1.62201e-05,0.0005595219
1778788800004,2026-05-14T20:00:00.004+00:00,xyz:SMSN,0.0001939229,0.0034027667
1778792400042,2026-05-14T21:00:00.042+00:00,xyz:SMSN,4.14377e-05,0.0009630026
1778796000026,2026-05-14T22:00:00.026+00:00,xyz:SMSN,2.2415e-06,-0.0002641362
1778799600062,2026-05-14T23:00:00.062+00:00,xyz:SMSN,6.25e-06,0.000122745
1778803200071,2026-05-15T00:00:00.071+00:00,xyz:SMSN,0.0001827344,0.0032237511
1778806800009,2026-05-15T01:00:00.009+00:00,xyz:SMSN,0.0002218753,0.0038500053
1778810400030,2026-05-15T02:00:00.030+00:00,xyz:SMSN,0.0001103823,0.0020661168
1778814000043,2026-05-15T03:00:00.043+00:00,xyz:SMSN,6.25e-06,-9.0362e-06
1778817600003,2026-05-15T04:00:00.003+00:00,xyz:SMSN,2.74268e-05,0.0007388282
1778821200001,2026-05-15T05:00:00.001+00:00,xyz:SMSN,-2.46848e-05,-0.000694957
1778824800044,2026-05-15T06:00:00.044+00:00,xyz:SMSN,-7.7565e-05,-0.0015410398
1778828400034,2026-05-15T07:00:00.034+00:00,xyz:SMSN,-0.0001138148,-0.0021210368
1778832000064,2026-05-15T08:00:00.064+00:00,xyz:SMSN,-0.0001841273,-0.0032460364
1778835600005,2026-05-15T09:00:00.005+00:00,xyz:SMSN,-0.0001579621,-0.0028273934
1778839200060,2026-05-15T10:00:00.060+00:00,xyz:SMSN,-0.0001976764,-0.0034628222
1778842800038,2026-05-15T11:00:00.038+00:00,xyz:SMSN,-0.0001077247,-0.0020235958
1778846400064,2026-05-15T12:00:00.064+00:00,xyz:SMSN,-3.006e-05,-0.0007809601
1778850000023,2026-05-15T13:00:00.023+00:00,xyz:SMSN,-0.0001298934,-0.0023782937
1778853600006,2026-05-15T14:00:00.006+00:00,xyz:SMSN,-0.0002573184,-0.0044170937
1778857200044,2026-05-15T15:00:00.044+00:00,xyz:SMSN,-0.0002123704,-0.0036979257
1778860800007,2026-05-15T16:00:00.007+00:00,xyz:SMSN,0.0001008455,0.0019135277
1778864400060,2026-05-15T17:00:00.060+00:00,xyz:SMSN,0.0003014908,0.0051238525
1778868000019,2026-05-15T18:00:00.019+00:00,xyz:SMSN,0.0004200995,0.0070215913
1778871600018,2026-05-15T19:00:00.018+00:00,xyz:SMSN,0.0005019191,0.0083307062
1778875200015,2026-05-15T20:00:00.015+00:00,xyz:SMSN,0.0002581304,0.0044300872
1778878800028,2026-05-15T21:00:00.028+00:00,xyz:SMSN,0.0001122564,0.0020961021
1778882400049,2026-05-15T22:00:00.049+00:00,xyz:SMSN,1.55335e-05,0.0005485354
1778886000060,2026-05-15T23:00:00.060+00:00,xyz:SMSN,-8.8217e-06,-0.0004411467
1778889600027,2026-05-16T00:00:00.027+00:00,xyz:SMSN,-0.0002215395,-0.0038446328
1778893200021,2026-05-16T01:00:00.021+00:00,xyz:SMSN,-0.0001346691,-0.0024547055
1778896800038,2026-05-16T02:00:00.038+00:00,xyz:SMSN,3.56566e-05,0.0008705058
1778900400011,2026-05-16T03:00:00.011+00:00,xyz:SMSN,-8.6768e-05,-0.001688288
1778904000008,2026-05-16T04:00:00.008+00:00,xyz:SMSN,-0.0004878451,-0.0081055216
1778907600023,2026-05-16T05:00:00.023+00:00,xyz:SMSN,-0.0001810477,-0.0031967634
1778911200064,2026-05-16T06:00:00.064+00:00,xyz:SMSN,-3.5456e-06,-0.0003567303
1778914800006,2026-05-16T07:00:00.006+00:00,xyz:SMSN,4.91166e-05,0.0010858649
1778918400011,2026-05-16T08:00:00.011+00:00,xyz:SMSN,0.0005201501,0.0086224012
1778922000078,2026-05-16T09:00:00.078+00:00,xyz:SMSN,6.25e-06,-0.0001960865
1778925600062,2026-05-16T10:00:00.062+00:00,xyz:SMSN,-2.15972e-05,-0.0006455546
1778929200002,2026-05-16T11:00:00.002+00:00,xyz:SMSN,-1.70874e-05,-0.0005733984
1778932800005,2026-05-16T12:00:00.005+00:00,xyz:SMSN,-6.2491e-06,-0.0003999862
1778936400061,2026-05-16T13:00:00.061+00:00,xyz:SMSN,1.37523e-05,0.0005200371
1778940000057,2026-05-16T14:00:00.057+00:00,xyz:SMSN,5.81685e-05,0.0012306955
1778943600025,2026-05-16T15:00:00.025+00:00,xyz:SMSN,4.29215e-05,0.0009867433
1778947200094,2026-05-16T16:00:00.094+00:00,xyz:SMSN,1.45596e-05,0.0005329535
1778950800048,2026-05-16T17:00:00.048+00:00,xyz:SMSN,-9.9363e-05,-0.0018898073
1778954400018,2026-05-16T18:00:00.018+00:00,xyz:SMSN,6.25e-06,0.000340079
1778958000075,2026-05-16T19:00:00.075+00:00,xyz:SMSN,6.25e-06,0.0003097901
1778961600048,2026-05-16T20:00:00.048+00:00,xyz:SMSN,-4.41111e-05,-0.0010057778
1778965200049,2026-05-16T21:00:00.049+00:00,xyz:SMSN,-2.18599e-05,-0.0006497578
1778968800029,2026-05-16T22:00:00.029+00:00,xyz:SMSN,-1.06648e-05,-0.0004706362
1778972400023,2026-05-16T23:00:00.023+00:00,xyz:SMSN,-1.05713e-05,-0.000469141
1778976000019,2026-05-17T00:00:00.019+00:00,xyz:SMSN,-9.2968e-06,-0.0004487493
1778979600017,2026-05-17T01:00:00.017+00:00,xyz:SMSN,5.6546e-06,-0.0002095258
1778983200062,2026-05-17T02:00:00.062+00:00,xyz:SMSN,-5.7353e-06,-0.0003917651
1778986800038,2026-05-17T03:00:00.038+00:00,xyz:SMSN,1.57432e-05,0.0005518916
1778990400049,2026-05-17T04:00:00.049+00:00,xyz:SMSN,0.0003538631,0.0059618095
1778994000018,2026-05-17T05:00:00.018+00:00,xyz:SMSN,0.0003179013,0.0053864201
1778997600056,2026-05-17T06:00:00.056+00:00,xyz:SMSN,6.25e-06,-5.46787e-05
1779001200051,2026-05-17T07:00:00.051+00:00,xyz:SMSN,6.25e-06,8.19821e-05
1779004800048,2026-05-17T08:00:00.048+00:00,xyz:SMSN,-2.64007e-05,-0.0007224115
1779008400010,2026-05-17T09:00:00.010+00:00,xyz:SMSN,-9.6498e-06,-0.0004543963
1779012000039,2026-05-17T10:00:00.039+00:00,xyz:SMSN,6.55423e-05,0.0013486764
1779015600016,2026-05-17T11:00:00.016+00:00,xyz:SMSN,0.000477012,0.0079321922
1779019200014,2026-05-17T12:00:00.014+00:00,xyz:SMSN,0.0002086707,0.0036387309
1779022800031,2026-05-17T13:00:00.031+00:00,xyz:SMSN,-0.0001921296,-0.003374074
1779026400058,2026-05-17T14:00:00.058+00:00,xyz:SMSN,-1.34916e-05,-0.0005158658
1779030000036,2026-05-17T15:00:00.036+00:00,xyz:SMSN,6.25e-06,8.02901e-05
1779033600030,2026-05-17T16:00:00.030+00:00,xyz:SMSN,-0.000192836,-0.0033853755
1779037200025,2026-05-17T17:00:00.025+00:00,xyz:SMSN,-6.37583e-05,-0.001320133
1779040800010,2026-05-17T18:00:00.010+00:00,xyz:SMSN,7.61036e-05,0.0015176569
1779044400032,2026-05-17T19:00:00.032+00:00,xyz:SMSN,0.0002315578,0.0040049248
1779048000020,2026-05-17T20:00:00.020+00:00,xyz:SMSN,0.0002897448,0.0049359163
1779051600040,2026-05-17T21:00:00.040+00:00,xyz:SMSN,0.0001596601,0.0028545616
1779055200040,2026-05-17T22:00:00.040+00:00,xyz:SMSN,0.0002235049,0.0038760791
1779058800035,2026-05-17T23:00:00.035+00:00,xyz:SMSN,0.0004320999,0.0072135976
1779062400029,2026-05-18T00:00:00.029+00:00,xyz:SMSN,0.000259244,0.0044479043
1779066000063,2026-05-18T01:00:00.063+00:00,xyz:SMSN,9.4378e-06,0.0004510052
1779069600013,2026-05-18T02:00:00.013+00:00,xyz:SMSN,5.20214e-05,0.0011323422
1779073200036,2026-05-18T03:00:00.036+00:00,xyz:SMSN,0.0001589493,0.0028431887
1779076800064,2026-05-18T04:00:00.064+00:00,xyz:SMSN,0.0001674702,0.0029795225
1779080400001,2026-05-18T05:00:00.001+00:00,xyz:SMSN,0.0002039153,0.0035626441
1779084000055,2026-05-18T06:00:00.055+00:00,xyz:SMSN,6.25e-06,-0.0001041389
1779087600056,2026-05-18T07:00:00.056+00:00,xyz:SMSN,6.25e-06,-0.0001860476
1779091200006,2026-05-18T08:00:00.006+00:00,xyz:SMSN,0.0001123632,0.0020978111
1779094800014,2026-05-18T09:00:00.014+00:00,xyz:SMSN,9.31265e-05,0.0017900246
1779098400046,2026-05-18T10:00:00.046+00:00,xyz:SMSN,7.10359e-05,0.0014365739
1779102000036,2026-05-18T11:00:00.036+00:00,xyz:SMSN,0.0003409998,0.0057559974
1779105600049,2026-05-18T12:00:00.049+00:00,xyz:SMSN,-0.000104817,-0.0019770723
1779109200017,2026-05-18T13:00:00.017+00:00,xyz:SMSN,0.0003611694,0.006078711
1779112800012,2026-05-18T14:00:00.012+00:00,xyz:SMSN,0.0003807659,0.0063922547
1779116400010,2026-05-18T15:00:00.010+00:00,xyz:SMSN,-0.0011053114,-0.0179849827
1779120000018,2026-05-18T16:00:00.018+00:00,xyz:SMSN,-0.0003098757,-0.0052580118
1779123600058,2026-05-18T17:00:00.058+00:00,xyz:SMSN,-0.0002683887,-0.0045942186
1779127200004,2026-05-18T18:00:00.004+00:00,xyz:SMSN,-0.0001071875,-0.0020150002
1779130800025,2026-05-18T19:00:00.025+00:00,xyz:SMSN,-9.39301e-05,-0.0018028812
1779134400028,2026-05-18T20:00:00.028+00:00,xyz:SMSN,-0.0001542727,-0.0027683625
1779138000056,2026-05-18T21:00:00.056+00:00,xyz:SMSN,6.25e-06,0.0003967361
1779141600030,2026-05-18T22:00:00.030+00:00,xyz:SMSN,4.93789e-05,0.0010900623
1779145200051,2026-05-18T23:00:00.051+00:00,xyz:SMSN,0.0001120011,0.0020920179
1779148800076,2026-05-19T00:00:00.076+00:00,xyz:SMSN,-0.0005083075,-0.0084329196
1779152400068,2026-05-19T01:00:00.068+00:00,xyz:SMSN,-0.0001675139,-0.0029802231
1779156000015,2026-05-19T02:00:00.015+00:00,xyz:SMSN,-0.000139822,-0.0025371515
1779159600011,2026-05-19T03:00:00.011+00:00,xyz:SMSN,-0.0001289712,-0.0023635396
1779163200005,2026-05-19T04:00:00.005+00:00,xyz:SMSN,-5.74799e-05,-0.0012196779
1779166800006,2026-05-19T05:00:00.006+00:00,xyz:SMSN,0.0001251039,0.0023016622
1779170400005,2026-05-19T06:00:00.005+00:00,xyz:SMSN,-4.159e-07,-0.0003066541
1779174000011,2026-05-19T07:00:00.011+00:00,xyz:SMSN,9.58892e-05,0.0018342266
1779177600002,2026-05-19T08:00:00.002+00:00,xyz:SMSN,8.89432e-05,0.0017230918
1779181200038,2026-05-19T09:00:00.038+00:00,xyz:SMSN,0.000217004,0.0037720642
1779184800119,2026-05-19T10:00:00.119+00:00,xyz:SMSN,0.0001540377,0.0027646034
1779188400046,2026-05-19T11:00:00.046+00:00,xyz:SMSN,0.0001146594,0.00213455
1779192000006,2026-05-19T12:00:00.006+00:00,xyz:SMSN,-8.7346e-06,-0.0004397542
1779195600004,2026-05-19T13:00:00.004+00:00,xyz:SMSN,0.0001262614,0.0023201827
1779199200046,2026-05-19T14:00:00.046+00:00,xyz:SMSN,0.0001107061,0.0020712975
1779202800024,2026-05-19T15:00:00.024+00:00,xyz:SMSN,-0.0001204488,-0.0022271804
1779206400021,2026-05-19T16:00:00.021+00:00,xyz:SMSN,0.0006227905,0.0102646483
1779210000012,2026-05-19T17:00:00.012+00:00,xyz:SMSN,0.000913795,0.0149207202
1779213600033,2026-05-19T18:00:00.033+00:00,xyz:SMSN,0.0002495323,0.0042925161
1779217200016,2026-05-19T19:00:00.016+00:00,xyz:SMSN,1.62261e-05,0.0005596184
1779220800064,2026-05-19T20:00:00.064+00:00,xyz:SMSN,-0.000229677,-0.0039748317
1779224400051,2026-05-19T21:00:00.051+00:00,xyz:SMSN,-0.0004552481,-0.0075839689
1779228000037,2026-05-19T22:00:00.037+00:00,xyz:SMSN,-0.0001351264,-0.0024620221
1779231600001,2026-05-19T23:00:00.001+00:00,xyz:SMSN,-0.0001833749,-0.0032339983
1779235200009,2026-05-20T00:00:00.009+00:00,xyz:SMSN,0.0002555284,0.0043884547
1779238800030,2026-05-20T01:00:00.030+00:00,xyz:SMSN,0.0002436114,0.004197782
1779242400030,2026-05-20T02:00:00.030+00:00,xyz:SMSN,0.0001433516,0.0025936253
1779246000073,2026-05-20T03:00:00.073+00:00,xyz:SMSN,-3.96159e-05,-0.0009338552
1779249600039,2026-05-20T04:00:00.039+00:00,xyz:SMSN,-0.0001404177,-0.0025466838
1779253200020,2026-05-20T05:00:00.020+00:00,xyz:SMSN,-3.3417e-05,-0.0008346716
1779256800034,2026-05-20T06:00:00.034+00:00,xyz:SMSN,-0.0001562152,-0.0027994437
1779260400054,2026-05-20T07:00:00.054+00:00,xyz:SMSN,6.25e-06,-3.78877e-05
1779264000081,2026-05-20T08:00:00.081+00:00,xyz:SMSN,-1.30001e-05,-0.0005080019
1779267600011,2026-05-20T09:00:00.011+00:00,xyz:SMSN,-7.73031e-05,-0.0015368498
1779271200027,2026-05-20T10:00:00.027+00:00,xyz:SMSN,3.98539e-05,0.0009376627
1779274800044,2026-05-20T11:00:00.044+00:00,xyz:SMSN,7.07505e-05,0.0014320075
1779278400039,2026-05-20T12:00:00.039+00:00,xyz:SMSN,4.91479e-05,0.0010863667
1779282000022,2026-05-20T13:00:00.022+00:00,xyz:SMSN,0.0001300303,0.0023804856
1779285600022,2026-05-20T14:00:00.022+00:00,xyz:SMSN,0.0005398979,0.0089383663
1779289200052,2026-05-20T15:00:00.052+00:00,xyz:SMSN,0.000690312,0.0113449915
1779292800041,2026-05-20T16:00:00.041+00:00,xyz:SMSN,0.0006597405,0.0108558487
1779296400014,2026-05-20T17:00:00.014+00:00,xyz:SMSN,0.0001457319,0.0026317099
1779300000030,2026-05-20T18:00:00.030+00:00,xyz:SMSN,2.0602e-06,-0.0002670373
1779303600047,2026-05-20T19:00:00.047+00:00,xyz:SMSN,-0.0003515434,-0.0059246946
1779307200014,2026-05-20T20:00:00.014+00:00,xyz:SMSN,-0.0003537388,-0.0059598207
1779310800054,2026-05-20T21:00:00.054+00:00,xyz:SMSN,3.55005e-05,0.0008680086
1779314400084,2026-05-20T22:00:00.084+00:00,xyz:SMSN,0.0002981554,0.0050704869
1779318000041,2026-05-20T23:00:00.041+00:00,xyz:SMSN,-0.0001044707,-0.0019715316
1779321600086,2026-05-21T00:00:00.086+00:00,xyz:SMSN,-1.5027e-06,-0.0003240427
1779325200000,2026-05-21T01:00:00.000+00:00,xyz:SMSN,0.0001573233,0.0028171728
1779328800020,2026-05-21T02:00:00.020+00:00,xyz:SMSN,5.49853e-05,0.0011797649
1779332400062,2026-05-21T03:00:00.062+00:00,xyz:SMSN,6.25e-06,-0.0001333448
1779336000053,2026-05-21T04:00:00.053+00:00,xyz:SMSN,-0.0001703257,-0.0030252106
1779339600042,2026-05-21T05:00:00.042+00:00,xyz:SMSN,-0.0002275555,-0.0039408879
1779343200049,2026-05-21T06:00:00.049+00:00,xyz:SMSN,-0.0001997567,-0.003496107
1779346800047,2026-05-21T07:00:00.047+00:00,xyz:SMSN,-0.0002087599,-0.0036401582
1779350400055,2026-05-21T08:00:00.055+00:00,xyz:SMSN,-0.0003023164,-0.0051370628
1779354000023,2026-05-21T09:00:00.023+00:00,xyz:SMSN,-0.0003686358,-0.0061981733
1779357600064,2026-05-21T10:00:00.064+00:00,xyz:SMSN,-0.0002692636,-0.0046082179
1779361200033,2026-05-21T11:00:00.033+00:00,xyz:SMSN,-5.34183e-05,-0.0011546933
1779364800034,2026-05-21T12:00:00.034+00:00,xyz:SMSN,-4.98393e-05,-0.0010974288
1779368400045,2026-05-21T13:00:00.045+00:00,xyz:SMSN,-0.0001285216,-0.0023563463
1779372000050,2026-05-21T14:00:00.050+00:00,xyz:SMSN,-1.02924e-05,-0.0004646788
1779375600017,2026-05-21T15:00:00.017+00:00,xyz:SMSN,1.61982e-05,0.0005591713
1779379200025,2026-05-21T16:00:00.025+00:00,xyz:SMSN,-0.0002318137,-0.0040090194
1779382800000,2026-05-21T17:00:00.000+00:00,xyz:SMSN,3.18582e-05,0.0008097314
1779386400024,2026-05-21T18:00:00.024+00:00,xyz:SMSN,0.0004974861,0.0082597781
1779390000021,2026-05-21T19:00:00.021+00:00,xyz:SMSN,0.000266912,0.0045705927
1779393600036,2026-05-21T20:00:00.036+00:00,xyz:SMSN,0.0007692367,0.0126077878
1779397200011,2026-05-21T21:00:00.011+00:00,xyz:SMSN,0.0002483621,0.0042737944
1779400800008,2026-05-21T22:00:00.008+00:00,xyz:SMSN,0.0003783202,0.0063531238
1779404400065,2026-05-21T23:00:00.065+00:00,xyz:SMSN,0.000117303,0.0021768486
1779408000060,2026-05-22T00:00:00.060+00:00,xyz:SMSN,0.0004971463,0.0082543408
1779411600003,2026-05-22T01:00:00.003+00:00,xyz:SMSN,0.0002626802,0.0045028827
1779415200021,2026-05-22T02:00:00.021+00:00,xyz:SMSN,0.0002209336,0.0038349383
1779418800022,2026-05-22T03:00:00.022+00:00,xyz:SMSN,0.0002311356,0.0039981696
1779422400017,2026-05-22T04:00:00.017+00:00,xyz:SMSN,0.0002752972,0.0047047547
1779426000023,2026-05-22T05:00:00.023+00:00,xyz:SMSN,1.57175e-05,0.0005514793
1779429600051,2026-05-22T06:00:00.051+00:00,xyz:SMSN,1.86084e-05,0.0005977343
1779433200006,2026-05-22T07:00:00.006+00:00,xyz:SMSN,-0.0001653466,-0.0029455461
1779436800011,2026-05-22T08:00:00.011+00:00,xyz:SMSN,-0.0001421038,-0.0025736607
1779440400045,2026-05-22T09:00:00.045+00:00,xyz:SMSN,-0.000248004,-0.0042680648
1779444000026,2026-05-22T10:00:00.026+00:00,xyz:SMSN,-8.58994e-05,-0.0016743909
1779447600051,2026-05-22T11:00:00.051+00:00,xyz:SMSN,-5.83534e-05,-0.0012336541
1779451200027,2026-05-22T12:00:00.027+00:00,xyz:SMSN,-0.0002608512,-0.0044736187
1779454800050,2026-05-22T13:00:00.050+00:00,xyz:SMSN,-0.0001708368,-0.003033389
1779458400017,2026-05-22T14:00:00.017+00:00,xyz:SMSN,-0.0001401026,-0.002541641
1779462000066,2026-05-22T15:00:00.066+00:00,xyz:SMSN,-0.0002188901,-0.0038022414
1779465600062,2026-05-22T16:00:00.062+00:00,xyz:SMSN,4.4088e-06,-0.0002294584
1779469200029,2026-05-22T17:00:00.029+00:00,xyz:SMSN,3.63596e-05,0.0008817541
1779472800016,2026-05-22T18:00:00.016+00:00,xyz:SMSN,-0.0004622165,-0.0076954636
1779476400007,2026-05-22T19:00:00.007+00:00,xyz:SMSN,-0.0001815644,-0.0032050303
1779480000011,2026-05-22T20:00:00.011+00:00,xyz:SMSN,-0.0003493468,-0.0058895481
1779483600002,2026-05-22T21:00:00.002+00:00,xyz:SMSN,-7.69748e-05,-0.0015315965
1779487200000,2026-05-22T22:00:00.000+00:00,xyz:SMSN,-0.0003112239,-0.0052795828
1779490800031,2026-05-22T23:00:00.031+00:00,xyz:SMSN,-3.49113e-05,-0.0008585812
1779494400006,2026-05-23T00:00:00.006+00:00,xyz:SMSN,-1.461e-05,-0.0005337594
1779498000002,2026-05-23T01:00:00.002+00:00,xyz:SMSN,-0.0001812827,-0.003200523
1779501600041,2026-05-23T02:00:00.041+00:00,xyz:SMSN,6.25e-06,6.66376e-05
1779505200019,2026-05-23T03:00:00.019+00:00,xyz:SMSN,-0.0003303679,-0.0055858861
1779508800053,2026-05-23T04:00:00.053+00:00,xyz:SMSN,6.9808e-06,0.0004116934
1779512400048,2026-05-23T05:00:00.048+00:00,xyz:SMSN,3.91615e-05,0.000926584
1779516000036,2026-05-23T06:00:00.036+00:00,xyz:SMSN,-0.0001282312,-0.0023516984
1779519600066,2026-05-23T07:00:00.066+00:00,xyz:SMSN,1.74096e-05,0.0005785536
1779523200034,2026-05-23T08:00:00.034+00:00,xyz:SMSN,-0.0001372743,-0.0024963882
1779526800067,2026-05-23T09:00:00.067+00:00,xyz:SMSN,-0.0001474888,-0.0026598207
1779530400023,2026-05-23T10:00:00.023+00:00,xyz:SMSN,0.0002140826,0.0037253213
1779534000030,2026-05-23T11:00:00.030+00:00,xyz:SMSN,-6.8634e-05,-0.0013981443
1779537600039,2026-05-23T12:00:00.039+00:00,xyz:SMSN,0.0001444608,0.002611373
1779541200035,2026-05-23T13:00:00.035+00:00,xyz:SMSN,-1.6402e-05,-0.0005624327
1779544800062,2026-05-23T14:00:00.062+00:00,xyz:SMSN,0.0001026467,0.0019423479
1779548400004,2026-05-23T15:00:00.004+00:00,xyz:SMSN,0.0003434536,0.0057952579
1779552000017,2026-05-23T16:00:00.017+00:00,xyz:SMSN,0.000230721,0.0039915357
1779555600014,2026-05-23T17:00:00.014+00:00,xyz:SMSN,0.0002791352,0.0047661637
1779559200068,2026-05-23T18:00:00.068+00:00,xyz:SMSN,0.0001567248,0.0028075975
1779562800020,2026-05-23T19:00:00.020+00:00,xyz:SMSN,0.0001121817,0.0020949076
1779566400058,2026-05-23T20:00:00.058+00:00,xyz:SMSN,0.0001690672,0.0030050755
1779570000077,2026-05-23T21:00:00.077+00:00,xyz:SMSN,0.0001915534,0.0033648548
1779573600025,2026-05-23T22:00:00.025+00:00,xyz:SMSN,0.0009692114,0.0158073822
1779577200064,2026-05-23T23:00:00.064+00:00,xyz:SMSN,0.0004517297,0.0075276758
1779580800038,2026-05-24T00:00:00.038+00:00,xyz:SMSN,-2.49223e-05,-0.0006987575
1779584400045,2026-05-24T01:00:00.045+00:00,xyz:SMSN,-5.17409e-05,-0.0011278544
1779588000010,2026-05-24T02:00:00.010+00:00,xyz:SMSN,3.98306e-05,0.0009372889
1779591600005,2026-05-24T03:00:00.005+00:00,xyz:SMSN,0.0001968385,0.0034494152
1779595200011,2026-05-24T04:00:00.011+00:00,xyz:SMSN,6.25e-06,0.0002190762
1779598800055,2026-05-24T05:00:00.055+00:00,xyz:SMSN,0.0001674827,0.0029797236
1779602400049,2026-05-24T06:00:00.049+00:00,xyz:SMSN,0.0001270801,0.0023332819
1779606000038,2026-05-24T07:00:00.038+00:00,xyz:SMSN,2.727e-05,0.0007363192
1779609600034,2026-05-24T08:00:00.034+00:00,xyz:SMSN,6.25e-06,0.0003475494
1779613200048,2026-05-24T09:00:00.048+00:00,xyz:SMSN,-8.57847e-05,-0.0016725544
1779616800040,2026-05-24T10:00:00.040+00:00,xyz:SMSN,-2.90337e-05,-0.0007645395
1779620400057,2026-05-24T11:00:00.057+00:00,xyz:SMSN,-7.84068e-05,-0.0015545083
1779624000043,2026-05-24T12:00:00.043+00:00,xyz:SMSN,6.25e-06,-0.0001527577
1779627600052,2026-05-24T13:00:00.052+00:00,xyz:SMSN,0.0002381986,0.0041111784
1779631200052,2026-05-24T14:00:00.052+00:00,xyz:SMSN,0.0001651842,0.0029429474
1779634800032,2026-05-24T15:00:00.032+00:00,xyz:SMSN,-6.63955e-05,-0.0013623284
1779638400024,2026-05-24T16:00:00.024+00:00,xyz:SMSN,-0.0002555451,-0.0043887212
1779642000003,2026-05-24T17:00:00.003+00:00,xyz:SMSN,-8.31117e-05,-0.0016297876
1779645600030,2026-05-24T18:00:00.030+00:00,xyz:SMSN,5.14464e-05,0.0011231425
1779649200041,2026-05-24T19:00:00.041+00:00,xyz:SMSN,6.25e-06,0.0003630398
1779652800000,2026-05-24T20:00:00.000+00:00,xyz:SMSN,-6.51165e-05,-0.0013418642
1779656400064,2026-05-24T21:00:00.064+00:00,xyz:SMSN,-3.85519e-05,-0.0009168303
1779660000015,2026-05-24T22:00:00.015+00:00,xyz:SMSN,6.25e-06,0.0001794457
1779663600033,2026-05-24T23:00:00.033+00:00,xyz:SMSN,0.0003716794,0.006246871
1779667200025,2026-05-25T00:00:00.025+00:00,xyz:SMSN,-1.13064e-05,-0.0004809026
1779670800064,2026-05-25T01:00:00.064+00:00,xyz:SMSN,6.71479e-05,0.0013743656
1779674400016,2026-05-25T02:00:00.016+00:00,xyz:SMSN,9.07974e-05,0.0017527589
1779678000050,2026-05-25T03:00:00.050+00:00,xyz:SMSN,0.0001553143,0.0027850286
1779681600031,2026-05-25T04:00:00.031+00:00,xyz:SMSN,0.0001416101,0.0025657623
1779685200047,2026-05-25T05:00:00.047+00:00,xyz:SMSN,0.000113869,0.0021219038
1779688800042,2026-05-25T06:00:00.042+00:00,xyz:SMSN,6.25e-06,0.0001286065
1779692400052,2026-05-25T07:00:00.052+00:00,xyz:SMSN,-0.0004560026,-0.007596042
1779696000016,2026-05-25T08:00:00.016+00:00,xyz:SMSN,-5.88747e-05,-0.001241995
1779699600028,2026-05-25T09:00:00.028+00:00,xyz:SMSN,-6.84101e-05,-0.0013945617
1779703200021,2026-05-25T10:00:00.021+00:00,xyz:SMSN,2.84179e-05,0.0007546863
1779706800006,2026-05-25T11:00:00.006+00:00,xyz:SMSN,0.0002204017,0.0038264276
1779710400041,2026-05-25T12:00:00.041+00:00,xyz:SMSN,6.25e-06,4.29535e-05
1779714000008,2026-05-25T13:00:00.008+00:00,xyz:SMSN,6.66229e-05,0.0013659658
1779717600059,2026-05-25T14:00:00.059+00:00,xyz:SMSN,6.25e-06,-0.000107018
1779721200007,2026-05-25T15:00:00.007+00:00,xyz:SMSN,6.7986e-06,0.0004087775
1779724800039,2026-05-25T16:00:00.039+00:00,xyz:SMSN,0.0002042638,0.0035682213
1779728400058,2026-05-25T17:00:00.058+00:00,xyz:SMSN,9.73807e-05,0.0018580914
1779732000047,2026-05-25T18:00:00.047+00:00,xyz:SMSN,0.0002433191,0.0041931056
1779735600032,2026-05-25T19:00:00.032+00:00,xyz:SMSN,-7.48629e-05,-0.0014978065
1779739200052,2026-05-25T20:00:00.052+00:00,xyz:SMSN,-0.0003643759,-0.0061300148
1779742800018,2026-05-25T21:00:00.018+00:00,xyz:SMSN,0.0001008249,0.0019131979
1779746400006,2026-05-25T22:00:00.006+00:00,xyz:SMSN,0.0002613946,0.0044823134
1779750000026,2026-05-25T23:00:00.026+00:00,xyz:SMSN,0.0001176507,0.0021824116
1779753600040,2026-05-26T00:00:00.040+00:00,xyz:SMSN,0.0004617974,0.0076887587
1779757200062,2026-05-26T01:00:00.062+00:00,xyz:SMSN,1.09472e-05,0.0004751549
1779760800054,2026-05-26T02:00:00.054+00:00,xyz:SMSN,-6.19238e-05,-0.0012907809
1779764400003,2026-05-26T03:00:00.003+00:00,xyz:SMSN,6.25e-06,9.4721e-05
1779768000070,2026-05-26T04:00:00.070+00:00,xyz:SMSN,6.25e-06,-0.0001131176
1779771600065,2026-05-26T05:00:00.065+00:00,xyz:SMSN,2.75329e-05,0.0007405271
1779775200000,2026-05-26T06:00:00.000+00:00,xyz:SMSN,6.25e-06,0.0001457322
1779778800049,2026-05-26T07:00:00.049+00:00,xyz:SMSN,-6.18677e-05,-0.0012898835
1779782400058,2026-05-26T08:00:00.058+00:00,xyz:SMSN,-0.0001108038,-0.0020728611
1779786000057,2026-05-26T09:00:00.057+00:00,xyz:SMSN,-0.0002082643,-0.0036322295
1779789600044,2026-05-26T10:00:00.044+00:00,xyz:SMSN,-0.0001667233,-0.0029675723
1779793200020,2026-05-26T11:00:00.020+00:00,xyz:SMSN,-0.0001370386,-0.0024926175
1779796800014,2026-05-26T12:00:00.014+00:00,xyz:SMSN,-0.0001925859,-0.0033813743
1779800400069,2026-05-26T13:00:00.069+00:00,xyz:SMSN,6.25e-06,0.000259852
1779804000051,2026-05-26T14:00:00.051+00:00,xyz:SMSN,0.0002344593,0.0040513494
1779807600029,2026-05-26T15:00:00.029+00:00,xyz:SMSN,0.0004298398,0.0071774373
1779811200057,2026-05-26T16:00:00.057+00:00,xyz:SMSN,0.0004520621,0.007532993
1779814800064,2026-05-26T17:00:00.064+00:00,xyz:SMSN,0.0001445922,0.002613476
1779818400049,2026-05-26T18:00:00.049+00:00,xyz:SMSN,6.73265e-05,0.0013772237
1779822000056,2026-05-26T19:00:00.056+00:00,xyz:SMSN,0.0001893448,0.0033295164
1779825600058,2026-05-26T20:00:00.058+00:00,xyz:SMSN,0.000135764,0.0024722235
1779829200049,2026-05-26T21:00:00.049+00:00,xyz:SMSN,-0.0001586904,-0.0028390463
1779832800001,2026-05-26T22:00:00.001+00:00,xyz:SMSN,7.73485e-05,0.0015375757
1779836400051,2026-05-26T23:00:00.051+00:00,xyz:SMSN,0.0002276586,0.003942537
1779840000065,2026-05-27T00:00:00.065+00:00,xyz:SMSN,0.0003682182,0.0061914913
1779843600008,2026-05-27T01:00:00.008+00:00,xyz:SMSN,8.58978e-05,0.0016743643
1779847200053,2026-05-27T02:00:00.053+00:00,xyz:SMSN,-3.98104e-05,-0.0009369667
1779850800017,2026-05-27T03:00:00.017+00:00,xyz:SMSN,-0.00011092,-0.0020747196
1779854400028,2026-05-27T04:00:00.028+00:00,xyz:SMSN,-6.9744e-05,-0.0014159036
1779858000014,2026-05-27T05:00:00.014+00:00,xyz:SMSN,0.0001141594,0.0021265498
1779861600071,2026-05-27T06:00:00.071+00:00,xyz:SMSN,0.0002298025,0.0039768404
1779865200045,2026-05-27T07:00:00.045+00:00,xyz:SMSN,-7.8323e-05,-0.0015531679
1779868800033,2026-05-27T08:00:00.033+00:00,xyz:SMSN,6.25e-06,0.0002419674
1779872400026,2026-05-27T09:00:00.026+00:00,xyz:SMSN,-3.81399e-05,-0.0009102392
1779876000049,2026-05-27T10:00:00.049+00:00,xyz:SMSN,-4.29249e-05,-0.0009867983
1779879600070,2026-05-27T11:00:00.070+00:00,xyz:SMSN,-5.58913e-05,-0.0011942612
1779883200022,2026-05-27T12:00:00.022+00:00,xyz:SMSN,6.25e-06,-6.77355e-05
1779886800017,2026-05-27T13:00:00.017+00:00,xyz:SMSN,6.19945e-05,0.0012919116
1779890400009,2026-05-27T14:00:00.009+00:00,xyz:SMSN,-0.0003603784,-0.006066054
1779894000023,2026-05-27T15:00:00.023+00:00,xyz:SMSN,-0.0004351266,-0.0072620259
1779897600056,2026-05-27T16:00:00.056+00:00,xyz:SMSN,-0.0004375873,-0.0073013972
1779901200002,2026-05-27T17:00:00.002+00:00,xyz:SMSN,-0.0002045748,-0.003573196
1779904800010,2026-05-27T18:00:00.010+00:00,xyz:SMSN,-7.78456e-05,-0.0015455298
1779908400031,2026-05-27T19:00:00.031+00:00,xyz:SMSN,-0.000114219,-0.0021275038
1779912000047,2026-05-27T20:00:00.047+00:00,xyz:SMSN,9.4182e-06,0.0004506911
1779915600032,2026-05-27T21:00:00.032+00:00,xyz:SMSN,0.000431009,0.0071961438
1779919200045,2026-05-27T22:00:00.045+00:00,xyz:SMSN,0.0001848089,0.0032569422
1779922800042,2026-05-27T23:00:00.042+00:00,xyz:SMSN,0.0001212087,0.0022393398
1779926400013,2026-05-28T00:00:00.013+00:00,xyz:SMSN,6.06102e-05,0.0012697626
1779930000013,2026-05-28T01:00:00.013+00:00,xyz:SMSN,0.0001640321,0.0029245133
1779933600044,2026-05-28T02:00:00.044+00:00,xyz:SMSN,0.000134852,0.0024576316
1779937200040,2026-05-28T03:00:00.040+00:00,xyz:SMSN,0.0001394463,0.00253114
1779940800023,2026-05-28T04:00:00.023+00:00,xyz:SMSN,0.0004066824,0.0068069187
1779944400005,2026-05-28T05:00:00.005+00:00,xyz:SMSN,9.91431e-05,0.0018862899
1779948000060,2026-05-28T06:00:00.060+00:00,xyz:SMSN,3.82768e-05,0.0009124291
1779951600067,2026-05-28T07:00:00.067+00:00,xyz:SMSN,6.25e-06,0.0001756262
1779955200036,2026-05-28T08:00:00.036+00:00,xyz:SMSN,-1.31633e-05,-0.0005106124
1779958800022,2026-05-28T09:00:00.022+00:00,xyz:SMSN,6.25e-06,-4.74294e-05
1779962400054,2026-05-28T10:00:00.054+00:00,xyz:SMSN,-0.0001332427,-0.0024318839
1779966000027,2026-05-28T11:00:00.027+00:00,xyz:SMSN,-0.0001049405,-0.0019790475
1779969600003,2026-05-28T12:00:00.003+00:00,xyz:SMSN,-4.207e-05,-0.0009731195
1779973200059,2026-05-28T13:00:00.059+00:00,xyz:SMSN,-1.1915e-06,-0.000319064
1779976800011,2026-05-28T14:00:00.011+00:00,xyz:SMSN,3.28435e-05,0.0008254961
1779980400054,2026-05-28T15:00:00.054+00:00,xyz:SMSN,0.0010143549,0.0165296778
1779984000085,2026-05-28T16:00:00.085+00:00,xyz:SMSN,0.0009147038,0.0149352601
1779987600054,2026-05-28T17:00:00.054+00:00,xyz:SMSN,0.0003890047,0.0065240754
1779991200081,2026-05-28T18:00:00.081+00:00,xyz:SMSN,0.0001091492,0.0020463872
1779994800045,2026-05-28T19:00:00.045+00:00,xyz:SMSN,6.96728e-05,0.0014147649
1779998400024,2026-05-28T20:00:00.024+00:00,xyz:SMSN,-0.0001685728,-0.0029971653
1780002000054,2026-05-28T21:00:00.054+00:00,xyz:SMSN,-0.0001492839,-0.0026885426
1780005600057,2026-05-28T22:00:00.057+00:00,xyz:SMSN,3.98687e-05,0.000937899
1780009200062,2026-05-28T23:00:00.062+00:00,xyz:SMSN,-7.43366e-05,-0.0014893857
1780012800066,2026-05-29T00:00:00.066+00:00,xyz:SMSN,0.0003778455,0.0063455281
1780016400046,2026-05-29T01:00:00.046+00:00,xyz:SMSN,2.87995e-05,0.0007607922
1780020000003,2026-05-29T02:00:00.003+00:00,xyz:SMSN,6.25e-06,0.0001038939
1780023600035,2026-05-29T03:00:00.035+00:00,xyz:SMSN,-3.4737e-06,-0.0003555788
1780027200041,2026-05-29T04:00:00.041+00:00,xyz:SMSN,6.25e-06,-0.0001586863
1780030800056,2026-05-29T05:00:00.056+00:00,xyz:SMSN,6.25e-06,-0.000109195
1780034400048,2026-05-29T06:00:00.048+00:00,xyz:SMSN,-0.0002385298,-0.0041164765
1780038000013,2026-05-29T07:00:00.013+00:00,xyz:SMSN,-0.0002264895,-0.0039238318
1780041600008,2026-05-29T08:00:00.008+00:00,xyz:SMSN,-0.00017737,-0.0031379202
1780045200061,2026-05-29T09:00:00.061+00:00,xyz:SMSN,-0.0002331398,-0.0040302366
1780048800035,2026-05-29T10:00:00.035+00:00,xyz:SMSN,-8.28349e-05,-0.0016253584
1780052400034,2026-05-29T11:00:00.034+00:00,xyz:SMSN,-2.69391e-05,-0.0007310262
1780056000030,2026-05-29T12:00:00.030+00:00,xyz:SMSN,-3.063e-05,-0.0007900798
1780059600037,2026-05-29T13:00:00.037+00:00,xyz:SMSN,-6.89688e-05,-0.0014035008
1780063200045,2026-05-29T14:00:00.045+00:00,xyz:SMSN,0.0001866972,0.003287155
1780066800047,2026-05-29T15:00:00.047+00:00,xyz:SMSN,3.70555e-05,0.0008928883
1780070400042,2026-05-29T16:00:00.042+00:00,xyz:SMSN,6.80088e-05,0.0013881402
1780074000070,2026-05-29T17:00:00.070+00:00,xyz:SMSN,6.25e-06,0.0001382201
1780077600058,2026-05-29T18:00:00.058+00:00,xyz:SMSN,8.27572e-05,0.0016241157
1780081200015,2026-05-29T19:00:00.015+00:00,xyz:SMSN,-4.94746e-05,-0.0010915937
1780084800023,2026-05-29T20:00:00.023+00:00,xyz:SMSN,6.25e-06,0.0002441057
1780088400009,2026-05-29T21:00:00.009+00:00,xyz:SMSN,6.25e-06,0.0003954424
1780092000051,2026-05-29T22:00:00.051+00:00,xyz:SMSN,-2.73916e-05,-0.000738266
1780095600004,2026-05-29T23:00:00.004+00:00,xyz:SMSN,-7.76451e-05,-0.0015423208
1780099200028,2026-05-30T00:00:00.028+00:00,xyz:SMSN,-6.70076e-05,-0.0013721217
1780102800060,2026-05-30T01:00:00.060+00:00,xyz:SMSN,0.0001356213,0.0024699412
1780106400046,2026-05-30T02:00:00.046+00:00,xyz:SMSN,0.0001180215,0.0021883436
1780110000016,2026-05-30T03:00:00.016+00:00,xyz:SMSN,9.33773e-05,0.0017940371
1780113600011,2026-05-30T04:00:00.011+00:00,xyz:SMSN,5.43767e-05,0.0011700265
1780117200025,2026-05-30T05:00:00.025+00:00,xyz:SMSN,1.98335e-05,0.0006173357
1780120800060,2026-05-30T06:00:00.060+00:00,xyz:SMSN,3.10284e-05,0.0007964545
1780124400054,2026-05-30T07:00:00.054+00:00,xyz:SMSN,4.35944e-05,0.0009975099
1780128000009,2026-05-30T08:00:00.009+00:00,xyz:SMSN,8.77742e-05,0.001704387
1780131600066,2026-05-30T09:00:00.066+00:00,xyz:SMSN,0.0001224587,0.0022593399
1780135200023,2026-05-30T10:00:00.023+00:00,xyz:SMSN,0.0001797471,0.0031759536
1780138800024,2026-05-30T11:00:00.024+00:00,xyz:SMSN,0.0001210948,0.0022375162
1780142400050,2026-05-30T12:00:00.050+00:00,xyz:SMSN,8.05635e-05,0.0015890166
1780146000053,2026-05-30T13:00:00.053+00:00,xyz:SMSN,5.72046e-05,0.0012152737
1780149600049,2026-05-30T14:00:00.049+00:00,xyz:SMSN,6.25e-06,9.27383e-05
1780153200029,2026-05-30T15:00:00.029+00:00,xyz:SMSN,2.11286e-05,0.0006380581
1780156800037,2026-05-30T16:00:00.037+00:00,xyz:SMSN,1.55885e-05,0.0005494157
1780160400070,2026-05-30T17:00:00.070+00:00,xyz:SMSN,3.36679e-05,0.0008386862
1780164000038,2026-05-30T18:00:00.038+00:00,xyz:SMSN,6.25e-06,0.0001117107
1780167600053,2026-05-30T19:00:00.053+00:00,xyz:SMSN,-1.33604e-05,-0.0005137664
1780171200009,2026-05-30T20:00:00.009+00:00,xyz:SMSN,-1.65542e-05,-0.0005648672
1780174800027,2026-05-30T21:00:00.027+00:00,xyz:SMSN,-7.05305e-05,-0.0014284874
1780178400060,2026-05-30T22:00:00.060+00:00,xyz:SMSN,6.25e-06,9.89661e-05
1780182000030,2026-05-30T23:00:00.030+00:00,xyz:SMSN,3.2285e-05,0.0008165602
1780185600055,2026-05-31T00:00:00.055+00:00,xyz:SMSN,-7.20945e-05,-0.0014535128
1780189200031,2026-05-31T01:00:00.031+00:00,xyz:SMSN,-3.63554e-05,-0.0008816856
1780192800062,2026-05-31T02:00:00.062+00:00,xyz:SMSN,6.25e-06,0.0002702837
1780196400003,2026-05-31T03:00:00.003+00:00,xyz:SMSN,6.25e-06,6.74646e-05
1780200000040,2026-05-31T04:00:00.040+00:00,xyz:SMSN,0.0001270716,0.002333145
1780203600014,2026-05-31T05:00:00.014+00:00,xyz:SMSN,5.12693e-05,0.0011203095
1780207200012,2026-05-31T06:00:00.012+00:00,xyz:SMSN,9.29482e-05,0.0017871713
1780210800007,2026-05-31T07:00:00.007+00:00,xyz:SMSN,3.3583e-05,0.0008373274
1780214400066,2026-05-31T08:00:00.066+00:00,xyz:SMSN,7.4065e-06,0.0004185034
1780218000025,2026-05-31T09:00:00.025+00:00,xyz:SMSN,3.56589e-05,0.0008705426
1780221600045,2026-05-31T10:00:00.045+00:00,xyz:SMSN,8.40966e-05,0.001645545
1780225200064,2026-05-31T11:00:00.064+00:00,xyz:SMSN,6.58637e-05,0.0013538188
1780228800048,2026-05-31T12:00:00.048+00:00,xyz:SMSN,6.25e-06,0.0002279673
1780232400065,2026-05-31T13:00:00.065+00:00,xyz:SMSN,8.6597e-05,0.0016855525
1780236000044,2026-05-31T14:00:00.044+00:00,xyz:SMSN,0.0001449701,0.0026195215
1780239600067,2026-05-31T15:00:00.067+00:00,xyz:SMSN,9.32792e-05,0.0017924667
1780243200042,2026-05-31T16:00:00.042+00:00,xyz:SMSN,-7.2805e-06,-0.0004164881
1780246800009,2026-05-31T17:00:00.009+00:00,xyz:SMSN,6.03916e-05,0.0012662658
1780250400037,2026-05-31T18:00:00.037+00:00,xyz:SMSN,6.25e-06,0.0003983739
1780254000023,2026-05-31T19:00:00.023+00:00,xyz:SMSN,-0.0001828427,-0.0032254832
1780257600049,2026-05-31T20:00:00.049+00:00,xyz:SMSN,-9.27464e-05,-0.001783942
1780261200008,2026-05-31T21:00:00.008+00:00,xyz:SMSN,-3.60132e-05,-0.0008762117
1780264800006,2026-05-31T22:00:00.006+00:00,xyz:SMSN,6.25e-06,0.0002525734
1780268400059,2026-05-31T23:00:00.059+00:00,xyz:SMSN,-3.32424e-05,-0.0008318787
1780272000050,2026-06-01T00:00:00.050+00:00,xyz:SMSN,0.0005060758,0.0083972121
1780275600010,2026-06-01T01:00:00.010+00:00,xyz:SMSN,0.0001473773,0.0026580374
1780279200046,2026-06-01T02:00:00.046+00:00,xyz:SMSN,5.05645e-05,0.0011090315
1780282800011,2026-06-01T03:00:00.011+00:00,xyz:SMSN,0.0001955312,0.0034284995
1780286400002,2026-06-01T04:00:00.002+00:00,xyz:SMSN,0.0002426759,0.0041828138
1780290000044,2026-06-01T05:00:00.044+00:00,xyz:SMSN,0.0001233994,0.0022743898
1780293600037,2026-06-01T06:00:00.037+00:00,xyz:SMSN,-1.90365e-05,-0.0006045833
1780297200013,2026-06-01T07:00:00.013+00:00,xyz:SMSN,1.43019e-05,0.0005288299
1780300800010,2026-06-01T08:00:00.010+00:00,xyz:SMSN,6.25e-06,0.0002889036
1780304400047,2026-06-01T09:00:00.047+00:00,xyz:SMSN,-1.88153e-05,-0.0006010453
1780308000040,2026-06-01T10:00:00.040+00:00,xyz:SMSN,-5.15254e-05,-0.0011244056
1780311600055,2026-06-01T11:00:00.055+00:00,xyz:SMSN,-2.20816e-05,-0.0006533057
1780315200049,2026-06-01T12:00:00.049+00:00,xyz:SMSN,-1.53224e-05,-0.0005451581
1780318800049,2026-06-01T13:00:00.049+00:00,xyz:SMSN,7.1147e-06,0.0004138346
1780322400037,2026-06-01T14:00:00.037+00:00,xyz:SMSN,-0.0004564675,-0.0076034803
1780326000039,2026-06-01T15:00:00.039+00:00,xyz:SMSN,-0.0002375757,-0.0041012109
1780329600001,2026-06-01T16:00:00.001+00:00,xyz:SMSN,0.0003545944,0.0059735105
1780333200058,2026-06-01T17:00:00.058+00:00,xyz:SMSN,0.0003600976,0.0060615611
1780336800025,2026-06-01T18:00:00.025+00:00,xyz:SMSN,0.0003200279,0.0054204457
1780340400027,2026-06-01T19:00:00.027+00:00,xyz:SMSN,5.58184e-05,0.0011930939
1780344000058,2026-06-01T20:00:00.058+00:00,xyz:SMSN,-0.0001036327,-0.0019581226
1780347600055,2026-06-01T21:00:00.055+00:00,xyz:SMSN,0.0001749254,0.0030988061
1780351200044,2026-06-01T22:00:00.044+00:00,xyz:SMSN,0.0002543302,0.0043692828
1780354800015,2026-06-01T23:00:00.015+00:00,xyz:SMSN,5.01187e-05,0.0011018987
1780358400016,2026-06-02T00:00:00.016+00:00,xyz:SMSN,-3.131e-06,-0.0003500954
1780362000049,2026-06-02T01:00:00.049+00:00,xyz:SMSN,0.0001835869,0.0032373902
1780365600054,2026-06-02T02:00:00.054+00:00,xyz:SMSN,-7.43728e-05,-0.0014899643
1780369200062,2026-06-02T03:00:00.062+00:00,xyz:SMSN,7.5203e-05,0.0015032475
1780372800063,2026-06-02T04:00:00.063+00:00,xyz:SMSN,0.0004798569,0.007977711
1780376400058,2026-06-02T05:00:00.058+00:00,xyz:SMSN,0.0005131132,0.0085098111
1780380000028,2026-06-02T06:00:00.028+00:00,xyz:SMSN,7.54182e-05,0.0015066916
1780383600028,2026-06-02T07:00:00.028+00:00,xyz:SMSN,0.0001781549,0.0031504784
1780387200005,2026-06-02T08:00:00.005+00:00,xyz:SMSN,0.0001043367,0.0019693873
1780390800004,2026-06-02T09:00:00.004+00:00,xyz:SMSN,-9.6649e-05,-0.0018463838
1780394400060,2026-06-02T10:00:00.060+00:00,xyz:SMSN,-0.0001294375,-0.0023710007
1780398000048,2026-06-02T11:00:00.048+00:00,xyz:SMSN,-5.57719e-05,-0.00119235
1780401600006,2026-06-02T12:00:00.006+00:00,xyz:SMSN,0.0004534515,0.0075552247
1780405200077,2026-06-02T13:00:00.077+00:00,xyz:SMSN,0.0002733694,0.0046739099
1780408800037,2026-06-02T14:00:00.037+00:00,xyz:SMSN,-0.0001255017,-0.002308027
1780412400036,2026-06-02T15:00:00.036+00:00,xyz:SMSN,0.0001432354,0.002591766
1780416000038,2026-06-02T16:00:00.038+00:00,xyz:SMSN,0.0003622103,0.0060953652
1780419600008,2026-06-02T17:00:00.008+00:00,xyz:SMSN,0.0001993647,0.0034898357
1780423200014,2026-06-02T18:00:00.014+00:00,xyz:SMSN,-0.0001004244,-0.0019067908
1780426800026,2026-06-02T19:00:00.026+00:00,xyz:SMSN,0.0001866228,0.0032859653
1780430400012,2026-06-02T20:00:00.012+00:00,xyz:SMSN,0.0001208587,0.0022337397
1780434000028,2026-06-02T21:00:00.028+00:00,xyz:SMSN,0.0001891542,0.0033264666
1780437600035,2026-06-02T22:00:00.035+00:00,xyz:SMSN,6.25e-06,-4.87389e-05
1780441200004,2026-06-02T23:00:00.004+00:00,xyz:SMSN,4.99518e-05,0.0010992284
1780444800019,2026-06-03T00:00:00.019+00:00,xyz:SMSN,-0.0002547963,-0.0043767409
1780448400036,2026-06-03T01:00:00.036+00:00,xyz:SMSN,0.0003607387,0.0060718195
1780452000062,2026-06-03T02:00:00.062+00:00,xyz:SMSN,0.0002257755,0.0039124082
1780455600014,2026-06-03T03:00:00.014+00:00,xyz:SMSN,8.10535e-05,0.0015968563
1780459200013,2026-06-03T04:00:00.013+00:00,xyz:SMSN,-1.73981e-05,-0.0005783695
1780462800067,2026-06-03T05:00:00.067+00:00,xyz:SMSN,6.25e-06,-0.000150434
1780466400063,2026-06-03T06:00:00.063+00:00,xyz:SMSN,-1.63237e-05,-0.0005611786
1780470000027,2026-06-03T07:00:00.027+00:00,xyz:SMSN,-0.0001523079,-0.0027369269
1780473600040,2026-06-03T08:00:00.040+00:00,xyz:SMSN,-6.39993e-05,-0.0013239885
1780477200040,2026-06-03T09:00:00.040+00:00,xyz:SMSN,1.61166e-05,0.0005578656
1780480800062,2026-06-03T10:00:00.062+00:00,xyz:SMSN,0.0001515715,0.0027251438
1780484400013,2026-06-03T11:00:00.013+00:00,xyz:SMSN,0.0001222673,0.0022562776
1780488000046,2026-06-03T12:00:00.046+00:00,xyz:SMSN,4.38019e-05,0.0010008305
1780491600050,2026-06-03T13:00:00.050+00:00,xyz:SMSN,6.25e-06,-9.348e-05
1780495200007,2026-06-03T14:00:00.007+00:00,xyz:SMSN,-0.0005334906,-0.0088358497
1780498800049,2026-06-03T15:00:00.049+00:00,xyz:SMSN,-0.0002737211,-0.0046795384
1780502400028,2026-06-03T16:00:00.028+00:00,xyz:SMSN,-0.000524003,-0.0086840484
1780506000013,2026-06-03T17:00:00.013+00:00,xyz:SMSN,-0.0005404303,-0.0089468846
1780509600020,2026-06-03T18:00:00.020+00:00,xyz:SMSN,0.0001320055,0.0024120878
1780513200000,2026-06-03T19:00:00.000+00:00,xyz:SMSN,-0.0001903046,-0.0033448735
1780516800019,2026-06-03T20:00:00.019+00:00,xyz:SMSN,-0.0001400527,-0.002540844
1780520400009,2026-06-03T21:00:00.009+00:00,xyz:SMSN,-3.0426e-06,-0.0003486819
1780524000056,2026-06-03T22:00:00.056+00:00,xyz:SMSN,-0.0001423514,-0.0025776225
1780527600002,2026-06-03T23:00:00.002+00:00,xyz:SMSN,-8.933e-05,-0.0017292796
1780531200032,2026-06-04T00:00:00.032+00:00,xyz:SMSN,0.0006605883,0.0108694132
1780534800002,2026-06-04T01:00:00.002+00:00,xyz:SMSN,0.0003753676,0.0063058823
1780538400047,2026-06-04T02:00:00.047+00:00,xyz:SMSN,0.0002352064,0.0040633024
1780542000080,2026-06-04T03:00:00.080+00:00,xyz:SMSN,0.0003402978,0.0057447644
1780545600010,2026-06-04T04:00:00.010+00:00,xyz:SMSN,0.0004369436,0.0072910972
1780549200076,2026-06-04T05:00:00.076+00:00,xyz:SMSN,0.0002400762,0.0041412184
1780552800007,2026-06-04T06:00:00.007+00:00,xyz:SMSN,7.10304e-05,0.0014364867
1780556400059,2026-06-04T07:00:00.059+00:00,xyz:SMSN,0.0001211913,0.00223906
1780560000004,2026-06-04T08:00:00.004+00:00,xyz:SMSN,0.0004384054,0.0073144859
1780563600027,2026-06-04T09:00:00.027+00:00,xyz:SMSN,0.0002786325,0.00475812
1780567200015,2026-06-04T10:00:00.015+00:00,xyz:SMSN,7.26463e-05,0.0014623415
1780570800025,2026-06-04T11:00:00.025+00:00,xyz:SMSN,8.77777e-05,0.0017044432
1780574400078,2026-06-04T12:00:00.078+00:00,xyz:SMSN,0.0001544871,0.0027717936
1780578000006,2026-06-04T13:00:00.006+00:00,xyz:SMSN,0.0007436601,0.0121985619
1780581600014,2026-06-04T14:00:00.014+00:00,xyz:SMSN,-0.0002708813,-0.0046341008
1780585200006,2026-06-04T15:00:00.006+00:00,xyz:SMSN,-0.0003016703,-0.0051267256
1780588800043,2026-06-04T16:00:00.043+00:00,xyz:SMSN,0.000220126,0.0038220156
1780592400015,2026-06-04T17:00:00.015+00:00,xyz:SMSN,0.0001280812,0.0023492988
1780596000073,2026-06-04T18:00:00.073+00:00,xyz:SMSN,0.0001199559,0.0022192949
1780599600000,2026-06-04T19:00:00.000+00:00,xyz:SMSN,-4.69367e-05,-0.0010509865
1780603200031,2026-06-04T20:00:00.031+00:00,xyz:SMSN,-1.07771e-05,-0.0004724341
1780606800063,2026-06-04T21:00:00.063+00:00,xyz:SMSN,-0.0001264365,-0.0023229847
1780610400059,2026-06-04T22:00:00.059+00:00,xyz:SMSN,2.24732e-05,0.0006595715
1780614000046,2026-06-04T23:00:00.046+00:00,xyz:SMSN,-0.000348919,-0.0058827038
1780617600043,2026-06-05T00:00:00.043+00:00,xyz:SMSN,0.0003451863,0.0058229813
1780621200052,2026-06-05T01:00:00.052+00:00,xyz:SMSN,0.0005593471,0.009249554
1780624800003,2026-06-05T02:00:00.003+00:00,xyz:SMSN,0.000258546,0.0044367367
1780628400006,2026-06-05T03:00:00.006+00:00,xyz:SMSN,6.25e-06,0.0003393246
1780632000016,2026-06-05T04:00:00.016+00:00,xyz:SMSN,-1.95838e-05,-0.0006133409
1780635600021,2026-06-05T05:00:00.021+00:00,xyz:SMSN,5.12749e-05,0.0011203992
1780639200019,2026-06-05T06:00:00.019+00:00,xyz:SMSN,0.0001513092,0.0027209467
1780642800021,2026-06-05T07:00:00.021+00:00,xyz:SMSN,9.60264e-05,0.0018364217
1780646400042,2026-06-05T08:00:00.042+00:00,xyz:SMSN,0.0001102741,0.0020643862
1780650000016,2026-06-05T09:00:00.016+00:00,xyz:SMSN,0.0002411808,0.0041588925
1780653600050,2026-06-05T10:00:00.050+00:00,xyz:SMSN,-1.08181e-05,-0.0004730893
1780657200006,2026-06-05T11:00:00.006+00:00,xyz:SMSN,8.62897e-05,0.0016806344
1780660800000,2026-06-05T12:00:00.000+00:00,xyz:SMSN,0.0004651859,0.0077429738
1780664400043,2026-06-05T13:00:00.043+00:00,xyz:SMSN,-0.0003085568,-0.0052369088
1780668000000,2026-06-05T14:00:00.000+00:00,xyz:SMSN,-0.0003124128,-0.0052986053
1780671600009,2026-06-05T15:00:00.009+00:00,xyz:SMSN,-0.0003896934,-0.0065350936
1780675200015,2026-06-05T16:00:00.015+00:00,xyz:SMSN,-0.0004874303,-0.008098884
1780678800002,2026-06-05T17:00:00.002+00:00,xyz:SMSN,-0.0011274963,-0.0183399402
1780682400016,2026-06-05T18:00:00.016+00:00,xyz:SMSN,-0.0002429908,-0.0041878536
1780686000012,2026-06-05T19:00:00.012+00:00,xyz:SMSN,-6.37477e-05,-0.0013199636
1780689600028,2026-06-05T20:00:00.028+00:00,xyz:SMSN,-0.0001283181,-0.0023530891
1780693200020,2026-06-05T21:00:00.020+00:00,xyz:SMSN,4.29277e-05,0.0009868431
1780696800051,2026-06-05T22:00:00.051+00:00,xyz:SMSN,4.33396e-05,0.0009934328
1780700400054,2026-06-05T23:00:00.054+00:00,xyz:SMSN,6.25e-06,-2.88532e-05
1780704000050,2026-06-06T00:00:00.050+00:00,xyz:SMSN,-0.0003103365,-0.0052653834
1780707600030,2026-06-06T01:00:00.030+00:00,xyz:SMSN,-0.0001339109,-0.0024425745
1780711200008,2026-06-06T02:00:00.008+00:00,xyz:SMSN,-0.0002906612,-0.0049505791
1780714800034,2026-06-06T03:00:00.034+00:00,xyz:SMSN,-0.0001682979,-0.0029927672
1780718400023,2026-06-06T04:00:00.023+00:00,xyz:SMSN,-2.23629e-05,-0.000657807
1780722000060,2026-06-06T05:00:00.060+00:00,xyz:SMSN,6.25e-06,-0.000156228
1780725600032,2026-06-06T06:00:00.032+00:00,xyz:SMSN,6.25e-06,-0.0001733801
1780729200001,2026-06-06T07:00:00.001+00:00,xyz:SMSN,6.0887e-06,-0.0002025806
1780732800036,2026-06-06T08:00:00.036+00:00,xyz:SMSN,3.4698e-06,-0.0002444838
1780736400036,2026-06-06T09:00:00.036+00:00,xyz:SMSN,1.271e-06,-0.0002796641
1780740000063,2026-06-06T10:00:00.063+00:00,xyz:SMSN,8.4e-09,-0.0002998658
1780743600048,2026-06-06T11:00:00.048+00:00,xyz:SMSN,6.25e-06,-2.59686e-05
1780747200046,2026-06-06T12:00:00.046+00:00,xyz:SMSN,6.25e-06,-2.59686e-05
1780750800048,2026-06-06T13:00:00.048+00:00,xyz:SMSN,6.25e-06,-2.59686e-05
1780754400030,2026-06-06T14:00:00.030+00:00,xyz:SMSN,6.25e-06,-2.59686e-05
1780758000011,2026-06-06T15:00:00.011+00:00,xyz:SMSN,6.25e-06,-2.59686e-05
1780761600033,2026-06-06T16:00:00.033+00:00,xyz:SMSN,6.25e-06,-2.59686e-05
1780765200057,2026-06-06T17:00:00.057+00:00,xyz:SMSN,6.25e-06,-2.59686e-05
1780768800049,2026-06-06T18:00:00.049+00:00,xyz:SMSN,6.25e-06,-2.59686e-05
1780772400038,2026-06-06T19:00:00.038+00:00,xyz:SMSN,6.25e-06,-2.59686e-05
1780776000003,2026-06-06T20:00:00.003+00:00,xyz:SMSN,6.25e-06,-2.59686e-05
1780779600065,2026-06-06T21:00:00.065+00:00,xyz:SMSN,6.25e-06,-2.59686e-05
1780783200025,2026-06-06T22:00:00.025+00:00,xyz:SMSN,6.25e-06,-2.59686e-05
1780786800050,2026-06-06T23:00:00.050+00:00,xyz:SMSN,6.25e-06,-2.59686e-05
1780790400085,2026-06-07T00:00:00.085+00:00,xyz:SMSN,6.25e-06,-2.59686e-05
1780794000004,2026-06-07T01:00:00.004+00:00,xyz:SMSN,6.25e-06,-2.59686e-05
1780797600006,2026-06-07T02:00:00.006+00:00,xyz:SMSN,0.0001013862,0.0019221785
1780801200040,2026-06-07T03:00:00.040+00:00,xyz:SMSN,-5.73433e-05,-0.0012174929
1780804800034,2026-06-07T04:00:00.034+00:00,xyz:SMSN,3.1913e-06,-0.000248939
1780808400000,2026-06-07T05:00:00.000+00:00,xyz:SMSN,6.25e-06,-5.16467e-05
1780812000055,2026-06-07T06:00:00.055+00:00,xyz:SMSN,3.84205e-05,0.0009147287
1780815600034,2026-06-07T07:00:00.034+00:00,xyz:SMSN,5.56342e-05,0.0011901465
1780819200059,2026-06-07T08:00:00.059+00:00,xyz:SMSN,-1.67936e-05,-0.0005686974
1780822800063,2026-06-07T09:00:00.063+00:00,xyz:SMSN,6.25e-06,4.00251e-05
1780826400024,2026-06-07T10:00:00.024+00:00,xyz:SMSN,0.0001742809,0.0030884938
1780830000042,2026-06-07T11:00:00.042+00:00,xyz:SMSN,-4.99794e-05,-0.0010996701
1780833600010,2026-06-07T12:00:00.010+00:00,xyz:SMSN,0.0004053218,0.0067851491
1780837200027,2026-06-07T13:00:00.027+00:00,xyz:SMSN,0.0001719562,0.0030512998
1780840800030,2026-06-07T14:00:00.030+00:00,xyz:SMSN,-0.0001388184,-0.0025210938
1780844400011,2026-06-07T15:00:00.011+00:00,xyz:SMSN,0.0001197033,0.0022152535
1780848000011,2026-06-07T16:00:00.011+00:00,xyz:SMSN,-0.0002292411,-0.0039678572
1780851600053,2026-06-07T17:00:00.053+00:00,xyz:SMSN,7.01868e-05,0.0014229893
1780855200001,2026-06-07T18:00:00.001+00:00,xyz:SMSN,0.0001699442,0.0030191066
1780858800055,2026-06-07T19:00:00.055+00:00,xyz:SMSN,-6.40949e-05,-0.001325518
1780862400046,2026-06-07T20:00:00.046+00:00,xyz:SMSN,-0.0003974517,-0.0066592264
1780866000028,2026-06-07T21:00:00.028+00:00,xyz:SMSN,-0.0001117487,-0.0020879794
1780869600052,2026-06-07T22:00:00.052+00:00,xyz:SMSN,-4.83483e-05,-0.0010735729
1780873200003,2026-06-07T23:00:00.003+00:00,xyz:SMSN,4.11935e-05,0.0009590966
1780876800034,2026-06-08T00:00:00.034+00:00,xyz:SMSN,0.0007769341,0.0127309457
1780880400034,2026-06-08T01:00:00.034+00:00,xyz:SMSN,0.0002345013,0.0040520209
1780884000011,2026-06-08T02:00:00.011+00:00,xyz:SMSN,0.0001445625,0.0026130005
1780887600005,2026-06-08T03:00:00.005+00:00,xyz:SMSN,0.0002438849,0.0042021585
1780891200025,2026-06-08T04:00:00.025+00:00,xyz:SMSN,0.0002894349,0.0049309579
1780894800046,2026-06-08T05:00:00.046+00:00,xyz:SMSN,7.10425e-05,0.0014366803
1780898400031,2026-06-08T06:00:00.031+00:00,xyz:SMSN,0.0001276658,0.0023426521
1780902000063,2026-06-08T07:00:00.063+00:00,xyz:SMSN,0.000896362,0.0146417928
1780905600003,2026-06-08T08:00:00.003+00:00,xyz:SMSN,0.0006411185,0.0105578954
1780909200009,2026-06-08T09:00:00.009+00:00,xyz:SMSN,6.25e-06,-4.50777e-05
1780912800047,2026-06-08T10:00:00.047+00:00,xyz:SMSN,0.0001432097,0.0025913556
1780916400017,2026-06-08T11:00:00.017+00:00,xyz:SMSN,0.0002010797,0.0035172746
1780920000056,2026-06-08T12:00:00.056+00:00,xyz:SMSN,0.0006854349,0.0112669584
1780923600057,2026-06-08T13:00:00.057+00:00,xyz:SMSN,0.0002427166,0.0041834658
1780927200035,2026-06-08T14:00:00.035+00:00,xyz:SMSN,0.0002651827,0.004542923
1780930800045,2026-06-08T15:00:00.045+00:00,xyz:SMSN,1.04239e-05,0.0004667817
1780934400055,2026-06-08T16:00:00.055+00:00,xyz:SMSN,0.0002825953,0.0048215241
1780938000075,2026-06-08T17:00:00.075+00:00,xyz:SMSN,0.0001706915,0.0030310643
1780941600012,2026-06-08T18:00:00.012+00:00,xyz:SMSN,6.25e-06,0.0001840076
1780945200027,2026-06-08T19:00:00.027+00:00,xyz:SMSN,-1.73103e-05,-0.0005769656
1780948800032,2026-06-08T20:00:00.032+00:00,xyz:SMSN,-6.39239e-05,-0.0013227831
1780952400056,2026-06-08T21:00:00.056+00:00,xyz:SMSN,0.0001024445,0.0019391114
1780956000019,2026-06-08T22:00:00.019+00:00,xyz:SMSN,1.19688e-05,0.0004915013
1780959600022,2026-06-08T23:00:00.022+00:00,xyz:SMSN,-0.0001264792,-0.0023236675
1780963200005,2026-06-09T00:00:00.005+00:00,xyz:SMSN,0.0005263501,0.0087216009
1780966800014,2026-06-09T01:00:00.014+00:00,xyz:SMSN,0.0002468071,0.0042489136
1780970400051,2026-06-09T02:00:00.051+00:00,xyz:SMSN,0.0001248779,0.002298047
1780974000043,2026-06-09T03:00:00.043+00:00,xyz:SMSN,5.3948e-05,0.0011631674
1780977600002,2026-06-09T04:00:00.002+00:00,xyz:SMSN,7.62031e-05,0.0015192488
1780981200011,2026-06-09T05:00:00.011+00:00,xyz:SMSN,-1.29662e-05,-0.0005074592
1780984800060,2026-06-09T06:00:00.060+00:00,xyz:SMSN,-0.0002100237,-0.0036603793
1780988400027,2026-06-09T07:00:00.027+00:00,xyz:SMSN,-6.45153e-05,-0.0013322442
1780992000081,2026-06-09T08:00:00.081+00:00,xyz:SMSN,0.000247989,0.0042678243
1780995600001,2026-06-09T09:00:00.001+00:00,xyz:SMSN,0.0002159162,0.0037546599
1780999200031,2026-06-09T10:00:00.031+00:00,xyz:SMSN,0.0003352918,0.0056646684
1781002800067,2026-06-09T11:00:00.067+00:00,xyz:SMSN,6.25e-06,0.000307941
1781006400036,2026-06-09T12:00:00.036+00:00,xyz:SMSN,0.0002450444,0.0042207099
1781010000031,2026-06-09T13:00:00.031+00:00,xyz:SMSN,-8.62679e-05,-0.0016802861
1781013600014,2026-06-09T14:00:00.014+00:00,xyz:SMSN,-0.0003773474,-0.0063375588
1781017200029,2026-06-09T15:00:00.029+00:00,xyz:SMSN,-0.0009236806,-0.0150788894
1781020800059,2026-06-09T16:00:00.059+00:00,xyz:SMSN,-0.0006554709,-0.0107875345
1781024400048,2026-06-09T17:00:00.048+00:00,xyz:SMSN,-0.0008846321,-0.0144541138
1781028000032,2026-06-09T18:00:00.032+00:00,xyz:SMSN,0.0002888683,0.0049218933
1781031600014,2026-06-09T19:00:00.014+00:00,xyz:SMSN,0.0002523081,0.0043369303
1781035200045,2026-06-09T20:00:00.045+00:00,xyz:SMSN,5.39688e-05,0.0011635008
1781038800056,2026-06-09T21:00:00.056+00:00,xyz:SMSN,0.0001593547,0.0028496755
1781042400063,2026-06-09T22:00:00.063+00:00,xyz:SMSN,-0.0003120568,-0.0052929087
1781046000059,2026-06-09T23:00:00.059+00:00,xyz:SMSN,-0.0001668389,-0.0029694221
1781049600070,2026-06-10T00:00:00.070+00:00,xyz:SMSN,-0.0002651406,-0.0045422502
1781053200000,2026-06-10T01:00:00.000+00:00,xyz:SMSN,0.0001406558,0.0025504934
1781056800069,2026-06-10T02:00:00.069+00:00,xyz:SMSN,-0.0001056041,-0.001989665
1781060400030,2026-06-10T03:00:00.030+00:00,xyz:SMSN,-0.0001880979,-0.003309566
1781064000056,2026-06-10T04:00:00.056+00:00,xyz:SMSN,-2.22147e-05,-0.0006554353
1781067600003,2026-06-10T05:00:00.003+00:00,xyz:SMSN,6.25e-06,0.0002778228
1781071200052,2026-06-10T06:00:00.052+00:00,xyz:SMSN,6.25e-06,0.0001928457
1781074800059,2026-06-10T07:00:00.059+00:00,xyz:SMSN,8.0687e-05,0.0015909913
1781078400060,2026-06-10T08:00:00.060+00:00,xyz:SMSN,-2.84334e-05,-0.0007549345
1781082000053,2026-06-10T09:00:00.053+00:00,xyz:SMSN,2.17035e-05,0.0006472566
1781085600013,2026-06-10T10:00:00.013+00:00,xyz:SMSN,-8.41977e-05,-0.0016471627
1781089200011,2026-06-10T11:00:00.011+00:00,xyz:SMSN,-0.0001710369,-0.0030365912
1781092800032,2026-06-10T12:00:00.032+00:00,xyz:SMSN,-0.0003219708,-0.0054515328
1781096400058,2026-06-10T13:00:00.058+00:00,xyz:SMSN,0.0003407412,0.0057518589
1781100000031,2026-06-10T14:00:00.031+00:00,xyz:SMSN,0.0005082887,0.0084326196
1781103600057,2026-06-10T15:00:00.057+00:00,xyz:SMSN,0.0005115057,0.0084840917
1781107200069,2026-06-10T16:00:00.069+00:00,xyz:SMSN,-0.0004629683,-0.0077074923
1781110800012,2026-06-10T17:00:00.012+00:00,xyz:SMSN,-0.0002321351,-0.0040141623
1781114400035,2026-06-10T18:00:00.035+00:00,xyz:SMSN,-0.0001337132,-0.0024394118
1781118000046,2026-06-10T19:00:00.046+00:00,xyz:SMSN,-0.0001192375,-0.0022078003
1781121600093,2026-06-10T20:00:00.093+00:00,xyz:SMSN,-0.0002329058,-0.0040264922
1781125200023,2026-06-10T21:00:00.023+00:00,xyz:SMSN,-0.0001129569,-0.0021073101
1781128800019,2026-06-10T22:00:00.019+00:00,xyz:SMSN,-9.12922e-05,-0.001760676
1781132400077,2026-06-10T23:00:00.077+00:00,xyz:SMSN,-0.0003245375,-0.0054926
1781136000009,2026-06-11T00:00:00.009+00:00,xyz:SMSN,2.39064e-05,0.0006825029
1781139600039,2026-06-11T01:00:00.039+00:00,xyz:SMSN,-4.5793e-05,-0.0010326884
1781143200020,2026-06-11T02:00:00.020+00:00,xyz:SMSN,-1.62277e-05,-0.0005596436
1781146800013,2026-06-11T03:00:00.013+00:00,xyz:SMSN,6.25e-06,-1.97869e-05
1781150400009,2026-06-11T04:00:00.009+00:00,xyz:SMSN,6.25e-06,-0.0001556951
1781154000046,2026-06-11T05:00:00.046+00:00,xyz:SMSN,3.24126e-05,0.0008186014
1781157600039,2026-06-11T06:00:00.039+00:00,xyz:SMSN,6.25e-06,0.0002747929
1781161200008,2026-06-11T07:00:00.008+00:00,xyz:SMSN,-0.0002466595,-0.0042465523
1781164800045,2026-06-11T08:00:00.045+00:00,xyz:SMSN,-0.0001845281,-0.0032524491
1781168400054,2026-06-11T09:00:00.054+00:00,xyz:SMSN,6.25e-06,-0.00016176
1781172000038,2026-06-11T10:00:00.038+00:00,xyz:SMSN,0.0001975325,0.0034605203
1781175600033,2026-06-11T11:00:00.033+00:00,xyz:SMSN,0.000216197,0.0037591521
1781179200033,2026-06-11T12:00:00.033+00:00,xyz:SMSN,6.25e-06,5.34871e-05
1781182800055,2026-06-11T13:00:00.055+00:00,xyz:SMSN,-0.0001356358,-0.002470173
1781186400020,2026-06-11T14:00:00.020+00:00,xyz:SMSN,0.0007593953,0.0124503241
1781190000013,2026-06-11T15:00:00.013+00:00,xyz:SMSN,4.25601e-05,0.0009809617
1781193600017,2026-06-11T16:00:00.017+00:00,xyz:SMSN,5.43395e-05,0.0011694315
1781197200083,2026-06-11T17:00:00.083+00:00,xyz:SMSN,0.0002509363,0.0043149813
1781200800016,2026-06-11T18:00:00.016+00:00,xyz:SMSN,0.0001238429,0.0022814861
1781204400018,2026-06-11T19:00:00.018+00:00,xyz:SMSN,0.0002449955,0.0042199274
1781208000005,2026-06-11T20:00:00.005+00:00,xyz:SMSN,0.0004620649,0.0076930384
1781211600036,2026-06-11T21:00:00.036+00:00,xyz:SMSN,0.0003152766,0.0053444261
1781215200073,2026-06-11T22:00:00.073+00:00,xyz:SMSN,5.7347e-05,0.0012175515
1781218800052,2026-06-11T23:00:00.052+00:00,xyz:SMSN,0.0001215247,0.0022443957
1781222400013,2026-06-12T00:00:00.013+00:00,xyz:SMSN,0.0002726999,0.0046631981
1781226000025,2026-06-12T01:00:00.025+00:00,xyz:SMSN,0.0001876012,0.0033016185
1781229600033,2026-06-12T02:00:00.033+00:00,xyz:SMSN,9.86175e-05,0.0018778797
1781233200057,2026-06-12T03:00:00.057+00:00,xyz:SMSN,0.0001638191,0.0029211062
1781236800009,2026-06-12T04:00:00.009+00:00,xyz:SMSN,8.34607e-05,0.0016353712
1781240400001,2026-06-12T05:00:00.001+00:00,xyz:SMSN,6.25e-06,-0.0001338223
1781244000056,2026-06-12T06:00:00.056+00:00,xyz:SMSN,8.25344e-05,0.0016205507
1781247600027,2026-06-12T07:00:00.027+00:00,xyz:SMSN,-8.45624e-05,-0.0016529991
1781251200035,2026-06-12T08:00:00.035+00:00,xyz:SMSN,0.000274545,0.0046927193
1781254800010,2026-06-12T09:00:00.010+00:00,xyz:SMSN,0.0001834979,0.0032359658
1781258400015,2026-06-12T10:00:00.015+00:00,xyz:SMSN,7.7207e-06,0.0004235306
1781262000055,2026-06-12T11:00:00.055+00:00,xyz:SMSN,3.15417e-05,0.0008046668
1781265600007,2026-06-12T12:00:00.007+00:00,xyz:SMSN,6.50463e-05,0.0013407408
1781269200010,2026-06-12T13:00:00.010+00:00,xyz:SMSN,-0.0002618245,-0.0044891921
1781272800052,2026-06-12T14:00:00.052+00:00,xyz:SMSN,5.51042e-05,0.0011816675
1781276400064,2026-06-12T15:00:00.064+00:00,xyz:SMSN,0.0004498308,0.0074972924
1781280000005,2026-06-12T16:00:00.005+00:00,xyz:SMSN,9.6979e-05,0.0018516644
1781283600011,2026-06-12T17:00:00.011+00:00,xyz:SMSN,0.0001196045,0.0022136715
1781287200044,2026-06-12T18:00:00.044+00:00,xyz:SMSN,0.000155454,0.0027872641
1781290800018,2026-06-12T19:00:00.018+00:00,xyz:SMSN,-6.26462e-05,-0.0013023385
1781294400007,2026-06-12T20:00:00.007+00:00,xyz:SMSN,-0.0002204055,-0.003826488
1781298000026,2026-06-12T21:00:00.026+00:00,xyz:SMSN,6.25e-06,-3.50473e-05
1781301600022,2026-06-12T22:00:00.022+00:00,xyz:SMSN,4.23685e-05,0.0009778962
1781305200025,2026-06-12T23:00:00.025+00:00,xyz:SMSN,7.70281e-05,0.0015324499
1781308800034,2026-06-13T00:00:00.034+00:00,xyz:SMSN,8.85592e-05,0.0017169479
1781312400044,2026-06-13T01:00:00.044+00:00,xyz:SMSN,6.25e-06,0.0003790384
1781316000044,2026-06-13T02:00:00.044+00:00,xyz:SMSN,-3.2671e-05,-0.0008227353
1781319600000,2026-06-13T03:00:00.000+00:00,xyz:SMSN,0.0001288436,0.0023614977
1781323200040,2026-06-13T04:00:00.040+00:00,xyz:SMSN,-8.90749e-05,-0.001725199
1781326800006,2026-06-13T05:00:00.006+00:00,xyz:SMSN,-7.75923e-05,-0.0015414766
1781330400043,2026-06-13T06:00:00.043+00:00,xyz:SMSN,-4.28824e-05,-0.000986118
1781334000030,2026-06-13T07:00:00.030+00:00,xyz:SMSN,4.21961e-05,0.0009751372
1781337600040,2026-06-13T08:00:00.040+00:00,xyz:SMSN,5.82197e-05,0.0012315154
1781341200053,2026-06-13T09:00:00.053+00:00,xyz:SMSN,2.96804e-05,0.0007748871
1781344800009,2026-06-13T10:00:00.009+00:00,xyz:SMSN,-0.0001421576,-0.0025745217
1781348400051,2026-06-13T11:00:00.051+00:00,xyz:SMSN,6.25e-06,-0.0001109004
1781352000000,2026-06-13T12:00:00.000+00:00,xyz:SMSN,6.25e-06,0.0002052616
1781355600021,2026-06-13T13:00:00.021+00:00,xyz:SMSN,3.2256e-05,0.0008160953
1781359200056,2026-06-13T14:00:00.056+00:00,xyz:SMSN,3.53706e-05,0.0008659294
1781362800009,2026-06-13T15:00:00.009+00:00,xyz:SMSN,2.72064e-05,0.0007353029
1781366400004,2026-06-13T16:00:00.004+00:00,xyz:SMSN,6.75504e-05,0.0013808067
1781370000036,2026-06-13T17:00:00.036+00:00,xyz:SMSN,-3.00552e-05,-0.000780883
1781373600014,2026-06-13T18:00:00.014+00:00,xyz:SMSN,-6.04001e-05,-0.0012664015
1781377200021,2026-06-13T19:00:00.021+00:00,xyz:SMSN,0.000158716,0.0028394565
1781380800035,2026-06-13T20:00:00.035+00:00,xyz:SMSN,0.0001139729,0.0021235669
1781384400042,2026-06-13T21:00:00.042+00:00,xyz:SMSN,7.0142e-06,0.000412227
1781388000013,2026-06-13T22:00:00.013+00:00,xyz:SMSN,2.9154e-05,0.0007664638
1781391600023,2026-06-13T23:00:00.023+00:00,xyz:SMSN,2.9266e-06,-0.000253175
1781395200001,2026-06-14T00:00:00.001+00:00,xyz:SMSN,-8.6693e-06,-0.0004387093
1781398800042,2026-06-14T01:00:00.042+00:00,xyz:SMSN,-4.8054e-06,-0.0003768858
1781402400025,2026-06-14T02:00:00.025+00:00,xyz:SMSN,3.99114e-05,0.0009385825
1781406000005,2026-06-14T03:00:00.005+00:00,xyz:SMSN,6.25e-06,0.000282955
1781409600004,2026-06-14T04:00:00.004+00:00,xyz:SMSN,3.06572e-05,0.000790516
1781413200060,2026-06-14T05:00:00.060+00:00,xyz:SMSN,6.25e-06,-0.0001858951
1781416800020,2026-06-14T06:00:00.020+00:00,xyz:SMSN,-1.11552e-05,-0.0004784839
1781420400012,2026-06-14T07:00:00.012+00:00,xyz:SMSN,-6.1378e-06,-0.0003982047
1781424000012,2026-06-14T08:00:00.012+00:00,xyz:SMSN,0.0001506483,0.0027103727
1781427600044,2026-06-14T09:00:00.044+00:00,xyz:SMSN,0.0001348697,0.0024579155
1781431200035,2026-06-14T10:00:00.035+00:00,xyz:SMSN,6.25e-06,0.0003304804
1781434800048,2026-06-14T11:00:00.048+00:00,xyz:SMSN,0.0001843294,0.0032492701
1781438400020,2026-06-14T12:00:00.020+00:00,xyz:SMSN,0.0001077772,0.0020244352
1781442000056,2026-06-14T13:00:00.056+00:00,xyz:SMSN,-0.0001522754,-0.0027364067
1781445600060,2026-06-14T14:00:00.060+00:00,xyz:SMSN,-0.0001170389,-0.0021726232
1781449200056,2026-06-14T15:00:00.056+00:00,xyz:SMSN,-0.0001514598,-0.0027233569
1781452800021,2026-06-14T16:00:00.021+00:00,xyz:SMSN,0.0001659533,0.002955253
1781456400045,2026-06-14T17:00:00.045+00:00,xyz:SMSN,-0.0001515411,-0.0027246571
1781460000069,2026-06-14T18:00:00.069+00:00,xyz:SMSN,-0.0001488834,-0.0026821345
1781463600035,2026-06-14T19:00:00.035+00:00,xyz:SMSN,-0.0001072611,-0.0020161781
1781467200066,2026-06-14T20:00:00.066+00:00,xyz:SMSN,-4.56053e-05,-0.001029684
1781470800006,2026-06-14T21:00:00.006+00:00,xyz:SMSN,6.25e-06,-0.0001008652
1781474400000,2026-06-14T22:00:00.000+00:00,xyz:SMSN,0.0006338621,0.0104417936
1781478000037,2026-06-14T23:00:00.037+00:00,xyz:SMSN,0.0004287178,0.007159485
1781481600049,2026-06-15T00:00:00.049+00:00,xyz:SMSN,0.0001958179,0.0034330858
1781485200042,2026-06-15T01:00:00.042+00:00,xyz:SMSN,0.0003069027,0.0052104437
1781488800063,2026-06-15T02:00:00.063+00:00,xyz:SMSN,0.0003906412,0.0065502594
1781492400033,2026-06-15T03:00:00.033+00:00,xyz:SMSN,0.0003469284,0.0058508536
1781496000023,2026-06-15T04:00:00.023+00:00,xyz:SMSN,0.0001663471,0.0029615544
1781499600034,2026-06-15T05:00:00.034+00:00,xyz:SMSN,0.0002078353,0.0036253655
1781503200000,2026-06-15T06:00:00.000+00:00,xyz:SMSN,1.25308e-05,0.0005004933
1781506800033,2026-06-15T07:00:00.033+00:00,xyz:SMSN,-0.0002365045,-0.0040840719
1781510400043,2026-06-15T08:00:00.043+00:00,xyz:SMSN,-0.0001869388,-0.0032910205
1781514000039,2026-06-15T09:00:00.039+00:00,xyz:SMSN,-8.89019e-05,-0.0017224312
1781517600048,2026-06-15T10:00:00.048+00:00,xyz:SMSN,1.13044e-05,0.0004808699
1781521200029,2026-06-15T11:00:00.029+00:00,xyz:SMSN,0.0001103127,0.0020650034
1781524800000,2026-06-15T12:00:00.000+00:00,xyz:SMSN,0.0001248556,0.0022976899
1781528400063,2026-06-15T13:00:00.063+00:00,xyz:SMSN,-4.02077e-05,-0.0009433231
1781532000031,2026-06-15T14:00:00.031+00:00,xyz:SMSN,6.25e-06,0.000153282
1781535600041,2026-06-15T15:00:00.041+00:00,xyz:SMSN,6.25e-06,-0.0001685382
1781539200005,2026-06-15T16:00:00.005+00:00,xyz:SMSN,0.0002159628,0.0037554043
1781542800050,2026-06-15T17:00:00.050+00:00,xyz:SMSN,5.99161e-05,0.0012586578
1781546400012,2026-06-15T18:00:00.012+00:00,xyz:SMSN,0.0001379393,0.0025070286
1781550000021,2026-06-15T19:00:00.021+00:00,xyz:SMSN,-2.9374e-06,-0.0003469989
1781553600038,2026-06-15T20:00:00.038+00:00,xyz:SMSN,4.39287e-05,0.0010028591
1781557200032,2026-06-15T21:00:00.032+00:00,xyz:SMSN,-8.10831e-05,-0.0015973299
1781560800024,2026-06-15T22:00:00.024+00:00,xyz:SMSN,6.59097e-05,0.0013545558
1781564400029,2026-06-15T23:00:00.029+00:00,xyz:SMSN,-6.83237e-05,-0.0013931792
1781568000049,2026-06-16T00:00:00.049+00:00,xyz:SMSN,0.0001200905,0.0022214481
1781571600062,2026-06-16T01:00:00.062+00:00,xyz:SMSN,0.0001163412,0.0021614587
1781575200020,2026-06-16T02:00:00.020+00:00,xyz:SMSN,6.25e-06,0.0003799246
1781578800030,2026-06-16T03:00:00.030+00:00,xyz:SMSN,-1.9616e-05,-0.0006138565
1781582400067,2026-06-16T04:00:00.067+00:00,xyz:SMSN,6.25e-06,-4.57932e-05
1781586000040,2026-06-16T05:00:00.040+00:00,xyz:SMSN,0.0001276656,0.0023426501
1781589600054,2026-06-16T06:00:00.054+00:00,xyz:SMSN,0.0001046403,0.0019742446
1781593200002,2026-06-16T07:00:00.002+00:00,xyz:SMSN,-0.0001317559,-0.0024080938
1781596800014,2026-06-16T08:00:00.014+00:00,xyz:SMSN,-9.23356e-05,-0.0017773697
1781600400032,2026-06-16T09:00:00.032+00:00,xyz:SMSN,6.25e-06,0.0002143889
1781604000053,2026-06-16T10:00:00.053+00:00,xyz:SMSN,0.0002091238,0.0036459808
1781607600052,2026-06-16T11:00:00.052+00:00,xyz:SMSN,0.000272673,0.0046627676
1781611200012,2026-06-16T12:00:00.012+00:00,xyz:SMSN,4.59983e-05,0.001035972
1781614800018,2026-06-16T13:00:00.018+00:00,xyz:SMSN,-0.0001854998,-0.003267997
1781618400003,2026-06-16T14:00:00.003+00:00,xyz:SMSN,-0.0001414785,-0.0025636561
1781622000025,2026-06-16T15:00:00.025+00:00,xyz:SMSN,-0.0005212234,-0.0086395745
1781625600006,2026-06-16T16:00:00.006+00:00,xyz:SMSN,-0.0003550824,-0.0059813177
1781629200014,2026-06-16T17:00:00.014+00:00,xyz:SMSN,-0.0001986216,-0.0034779458
1781632800055,2026-06-16T18:00:00.055+00:00,xyz:SMSN,-4.99325e-05,-0.0010989201
1781636400059,2026-06-16T19:00:00.059+00:00,xyz:SMSN,-2.93267e-05,-0.0007692278
1781640000016,2026-06-16T20:00:00.016+00:00,xyz:SMSN,-0.0001013436,-0.0019214976
1781643600008,2026-06-16T21:00:00.008+00:00,xyz:SMSN,2.99725e-05,0.0007795594
1781647200006,2026-06-16T22:00:00.006+00:00,xyz:SMSN,3.47261e-05,0.0008556183
1781650800065,2026-06-16T23:00:00.065+00:00,xyz:SMSN,0.0001647349,0.0029357592
1781654400032,2026-06-17T00:00:00.032+00:00,xyz:SMSN,-0.000163164,-0.002910624
1781658000044,2026-06-17T01:00:00.044+00:00,xyz:SMSN,-8.01419e-05,-0.00158227
1781661600023,2026-06-17T02:00:00.023+00:00,xyz:SMSN,4.27001e-05,0.0009832021
1781665200051,2026-06-17T03:00:00.051+00:00,xyz:SMSN,0.0001009826,0.0019157219
1781668800000,2026-06-17T04:00:00.000+00:00,xyz:SMSN,3.69562e-05,0.0008912985
1781672400013,2026-06-17T05:00:00.013+00:00,xyz:SMSN,4.38539e-05,0.0010016617
1781676000002,2026-06-17T06:00:00.002+00:00,xyz:SMSN,0.0001724423,0.0030590763
1781679600050,2026-06-17T07:00:00.050+00:00,xyz:SMSN,8.26141e-05,0.0016218263
1781683200007,2026-06-17T08:00:00.007+00:00,xyz:SMSN,-0.0001608886,-0.0028742178
1781686800041,2026-06-17T09:00:00.041+00:00,xyz:SMSN,-0.0002708916,-0.0046342649
1781690400045,2026-06-17T10:00:00.045+00:00,xyz:SMSN,-0.0002691885,-0.0046070162
1781694000045,2026-06-17T11:00:00.045+00:00,xyz:SMSN,-0.000273192,-0.0046710712
1781697600050,2026-06-17T12:00:00.050+00:00,xyz:SMSN,-0.0001628519,-0.00290563
1781701200010,2026-06-17T13:00:00.010+00:00,xyz:SMSN,4.39749e-05,0.0010035984
1781704800055,2026-06-17T14:00:00.055+00:00,xyz:SMSN,-0.0001770113,-0.00313218
1781708400065,2026-06-17T15:00:00.065+00:00,xyz:SMSN,-9.46861e-05,-0.0018149772
1781712000021,2026-06-17T16:00:00.021+00:00,xyz:SMSN,0.0002738316,0.0046813059
1781715600008,2026-06-17T17:00:00.008+00:00,xyz:SMSN,0.0001885264,0.0033164228
1781719200085,2026-06-17T18:00:00.085+00:00,xyz:SMSN,0.0001173911,0.0021782579
1781722800014,2026-06-17T19:00:00.014+00:00,xyz:SMSN,-8.18097e-05,-0.0016089546
1781726400002,2026-06-17T20:00:00.002+00:00,xyz:SMSN,-0.0003385179,-0.0057162866
1781730000044,2026-06-17T21:00:00.044+00:00,xyz:SMSN,-0.0003213277,-0.0054412434
1781733600055,2026-06-17T22:00:00.055+00:00,xyz:SMSN,6.00927e-05,0.0012614827
1781737200018,2026-06-17T23:00:00.018+00:00,xyz:SMSN,0.0002396586,0.0041345374
1781740800025,2026-06-18T00:00:00.025+00:00,xyz:SMSN,6.25e-06,0.0003329785
1781744400017,2026-06-18T01:00:00.017+00:00,xyz:SMSN,0.0002280243,0.0039483885
1781748000016,2026-06-18T02:00:00.016+00:00,xyz:SMSN,0.0003070115,0.0052121845
1781751600014,2026-06-18T03:00:00.014+00:00,xyz:SMSN,0.000156616,0.0028058557
1781755200006,2026-06-18T04:00:00.006+00:00,xyz:SMSN,0.000156302,0.0028008317
1781758800058,2026-06-18T05:00:00.058+00:00,xyz:SMSN,0.0001738365,0.0030813834
1781762400043,2026-06-18T06:00:00.043+00:00,xyz:SMSN,7.23202e-05,0.0014571225
1781766000049,2026-06-18T07:00:00.049+00:00,xyz:SMSN,0.0002829324,0.0048269191
1781769600053,2026-06-18T08:00:00.053+00:00,xyz:SMSN,6.25e-06,-9.63102e-05
1781773200012,2026-06-18T09:00:00.012+00:00,xyz:SMSN,-0.0001700642,-0.003021028
1781776800028,2026-06-18T10:00:00.028+00:00,xyz:SMSN,-0.0001303254,-0.0023852062
1781780400027,2026-06-18T11:00:00.027+00:00,xyz:SMSN,-0.0003653786,-0.0061460579
1781784000055,2026-06-18T12:00:00.055+00:00,xyz:SMSN,-0.0002570048,-0.004412077
1781787600033,2026-06-18T13:00:00.033+00:00,xyz:SMSN,7.8959e-05,0.0015633441
1781791200057,2026-06-18T14:00:00.057+00:00,xyz:SMSN,0.0001955237,0.0034283799
1781794800016,2026-06-18T15:00:00.016+00:00,xyz:SMSN,0.0004653815,0.0077461042
1781798400053,2026-06-18T16:00:00.053+00:00,xyz:SMSN,0.0001710588,0.0030369404
1781802000046,2026-06-18T17:00:00.046+00:00,xyz:SMSN,0.000115602,0.0021496327
1781805600046,2026-06-18T18:00:00.046+00:00,xyz:SMSN,0.0001439006,0.0026024099
1781809200059,2026-06-18T19:00:00.059+00:00,xyz:SMSN,0.0001794065,0.003170504
1781812800014,2026-06-18T20:00:00.014+00:00,xyz:SMSN,0.0001786578,0.003158524
1781816400066,2026-06-18T21:00:00.066+00:00,xyz:SMSN,-0.0001573026,-0.0028168415
1781820000060,2026-06-18T22:00:00.060+00:00,xyz:SMSN,5.4161e-05,0.0011665759
1781823600062,2026-06-18T23:00:00.062+00:00,xyz:SMSN,4.67712e-05,0.0010483395
1781827200011,2026-06-19T00:00:00.011+00:00,xyz:SMSN,3.90994e-05,0.0009255907
1781830800007,2026-06-19T01:00:00.007+00:00,xyz:SMSN,0.0002130793,0.0037092687
1781834400023,2026-06-19T02:00:00.023+00:00,xyz:SMSN,0.0004010715,0.0067171437
1781838000002,2026-06-19T03:00:00.002+00:00,xyz:SMSN,0.0002352164,0.0040634631
1781841600042,2026-06-19T04:00:00.042+00:00,xyz:SMSN,0.0002277804,0.0039444859
1781845200002,2026-06-19T05:00:00.002+00:00,xyz:SMSN,0.000152431,0.0027388958
1781848800022,2026-06-19T06:00:00.022+00:00,xyz:SMSN,8.77914e-05,0.001704663
1781852400062,2026-06-19T07:00:00.062+00:00,xyz:SMSN,9.31271e-05,0.0017900333
1781856000051,2026-06-19T08:00:00.051+00:00,xyz:SMSN,0.000409755,0.0068560799
1781859600032,2026-06-19T09:00:00.032+00:00,xyz:SMSN,0.0004170659,0.0069730539
1781863200018,2026-06-19T10:00:00.018+00:00,xyz:SMSN,0.0004506036,0.0075096578
1781866800000,2026-06-19T11:00:00.000+00:00,xyz:SMSN,0.0004421614,0.0073745821
1781870400053,2026-06-19T12:00:00.053+00:00,xyz:SMSN,0.0003290807,0.0055652911
1781874000015,2026-06-19T13:00:00.015+00:00,xyz:SMSN,0.0001066576,0.0020065214
1781877600037,2026-06-19T14:00:00.037+00:00,xyz:SMSN,9.98627e-05,0.0018978036
1781881200043,2026-06-19T15:00:00.043+00:00,xyz:SMSN,-9.79988e-05,-0.0018679803
1781884800032,2026-06-19T16:00:00.032+00:00,xyz:SMSN,-2.47418e-05,-0.0006958694
1781888400013,2026-06-19T17:00:00.013+00:00,xyz:SMSN,1.76031e-05,0.0005816497
1781892000044,2026-06-19T18:00:00.044+00:00,xyz:SMSN,2.64214e-05,0.000722743
1781895600013,2026-06-19T19:00:00.013+00:00,xyz:SMSN,-2.90983e-05,-0.0007655731
1781899200028,2026-06-19T20:00:00.028+00:00,xyz:SMSN,6.25e-06,6.34202e-05
1781902800023,2026-06-19T21:00:00.023+00:00,xyz:SMSN,6.25e-06,-5.54553e-05
1781906400007,2026-06-19T22:00:00.007+00:00,xyz:SMSN,6.25e-06,0.0001537664
1781910000072,2026-06-19T23:00:00.072+00:00,xyz:SMSN,3.2823e-05,0.0008251684
1781913600067,2026-06-20T00:00:00.067+00:00,xyz:SMSN,0.000153394,0.0027543037
1781917200031,2026-06-20T01:00:00.031+00:00,xyz:SMSN,0.0001505217,0.0027083476
1781920800026,2026-06-20T02:00:00.026+00:00,xyz:SMSN,0.0001224604,0.0022593659
1781924400064,2026-06-20T03:00:00.064+00:00,xyz:SMSN,7.67276e-05,0.001527641
1781928000056,2026-06-20T04:00:00.056+00:00,xyz:SMSN,0.0001051422,0.0019822752
1781931600023,2026-06-20T05:00:00.023+00:00,xyz:SMSN,4.44724e-05,0.0010115589
1781935200048,2026-06-20T06:00:00.048+00:00,xyz:SMSN,0.0001262967,0.0023207467
1781938800021,2026-06-20T07:00:00.021+00:00,xyz:SMSN,0.0002726518,0.0046624294
1781942400036,2026-06-20T08:00:00.036+00:00,xyz:SMSN,-0.0001908286,-0.0033532577
1781946000017,2026-06-20T09:00:00.017+00:00,xyz:SMSN,-2.9928e-05,-0.0007788476
1781949600001,2026-06-20T10:00:00.001+00:00,xyz:SMSN,6.25e-06,-0.0001443119
1781953200008,2026-06-20T11:00:00.008+00:00,xyz:SMSN,-2.51821e-05,-0.0007029135
1781956800010,2026-06-20T12:00:00.010+00:00,xyz:SMSN,6.25e-06,-0.0001096269
1781960400008,2026-06-20T13:00:00.008+00:00,xyz:SMSN,6.25e-06,0.0002432367
1781964000023,2026-06-20T14:00:00.023+00:00,xyz:SMSN,-0.0003198373,-0.005417396
1781967600024,2026-06-20T15:00:00.024+00:00,xyz:SMSN,0.0001430225,0.00258836
1781971200039,2026-06-20T16:00:00.039+00:00,xyz:SMSN,0.0001887814,0.0033205026
1781974800006,2026-06-20T17:00:00.006+00:00,xyz:SMSN,4.16394e-05,0.0009662311
1781978400046,2026-06-20T18:00:00.046+00:00,xyz:SMSN,-7.35482e-05,-0.0014767709
1781982000017,2026-06-20T19:00:00.017+00:00,xyz:SMSN,-0.0001765235,-0.0031243759
1781985600032,2026-06-20T20:00:00.032+00:00,xyz:SMSN,3.61917e-05,0.0008790676
1781989200043,2026-06-20T21:00:00.043+00:00,xyz:SMSN,5.13211e-05,0.001121137
1781992800059,2026-06-20T22:00:00.059+00:00,xyz:SMSN,1.90392e-05,0.0006046277
1781996400038,2026-06-20T23:00:00.038+00:00,xyz:SMSN,5.45339e-05,0.0011725431
1782000000047,2026-06-21T00:00:00.047+00:00,xyz:SMSN,9.76381e-05,0.001862209
1782003600035,2026-06-21T01:00:00.035+00:00,xyz:SMSN,6.25e-06,0.0003596372
1782007200009,2026-06-21T02:00:00.009+00:00,xyz:SMSN,7.00074e-05,0.0014201188
1782010800033,2026-06-21T03:00:00.033+00:00,xyz:SMSN,-1.32084e-05,-0.000511335
1782014400034,2026-06-21T04:00:00.034+00:00,xyz:SMSN,6.25e-06,-6.20039e-05
1782018000004,2026-06-21T05:00:00.004+00:00,xyz:SMSN,2.34858e-05,0.000675772
1782021600025,2026-06-21T06:00:00.025+00:00,xyz:SMSN,6.25e-06,0.0001895051
1782025200043,2026-06-21T07:00:00.043+00:00,xyz:SMSN,4.78472e-05,0.0010655544
1782028800033,2026-06-21T08:00:00.033+00:00,xyz:SMSN,1.63396e-05,0.0005614338
1782032400005,2026-06-21T09:00:00.005+00:00,xyz:SMSN,-7.42797e-05,-0.0014884756
1782036000020,2026-06-21T10:00:00.020+00:00,xyz:SMSN,-1.19217e-05,-0.0004907477
1782039600040,2026-06-21T11:00:00.040+00:00,xyz:SMSN,9.3954e-06,0.0004503256
1782043200044,2026-06-21T12:00:00.044+00:00,xyz:SMSN,1.29594e-05,0.0005073506
1782046800053,2026-06-21T13:00:00.053+00:00,xyz:SMSN,-9.9182e-06,-0.0004586911
1782050400007,2026-06-21T14:00:00.007+00:00,xyz:SMSN,-0.0001105439,-0.0020687031
1782054000003,2026-06-21T15:00:00.003+00:00,xyz:SMSN,-7.62423e-05,-0.0015198771
1782057600030,2026-06-21T16:00:00.030+00:00,xyz:SMSN,7.8194e-05,0.0015511043
1782061200007,2026-06-21T17:00:00.007+00:00,xyz:SMSN,2.228e-06,-0.0002643526
1782064800046,2026-06-21T18:00:00.046+00:00,xyz:SMSN,2.34549e-05,0.0006752788
1782068400029,2026-06-21T19:00:00.029+00:00,xyz:SMSN,-8.33734e-05,-0.0016339744
1782072000036,2026-06-21T20:00:00.036+00:00,xyz:SMSN,-3.07536e-05,-0.0007920577
1782075600057,2026-06-21T21:00:00.057+00:00,xyz:SMSN,-3.13774e-05,-0.0008020385
1782079200077,2026-06-21T22:00:00.077+00:00,xyz:SMSN,6.25e-06,0.0001452781
1782082800061,2026-06-21T23:00:00.061+00:00,xyz:SMSN,-0.000116555,-0.0021648806
1782086400011,2026-06-22T00:00:00.011+00:00,xyz:SMSN,0.0005991115,0.0098857842
1782090000019,2026-06-22T01:00:00.019+00:00,xyz:SMSN,0.0004069285,0.0068108557
1782093600074,2026-06-22T02:00:00.074+00:00,xyz:SMSN,0.0004937144,0.0081994309
1782097200037,2026-06-22T03:00:00.037+00:00,xyz:SMSN,0.0003639836,0.0061237379
1782100800020,2026-06-22T04:00:00.020+00:00,xyz:SMSN,0.0001411447,0.0025583144
1782104400054,2026-06-22T05:00:00.054+00:00,xyz:SMSN,0.0002408789,0.0041540618
1782108000033,2026-06-22T06:00:00.033+00:00,xyz:SMSN,0.0003139971,0.0053239535
1782111600031,2026-06-22T07:00:00.031+00:00,xyz:SMSN,0.0002609745,0.0044755914
1782115200054,2026-06-22T08:00:00.054+00:00,xyz:SMSN,3.38854e-05,0.0008421671
1782118800012,2026-06-22T09:00:00.012+00:00,xyz:SMSN,9.87762e-05,0.0018804189
1782122400040,2026-06-22T10:00:00.040+00:00,xyz:SMSN,8.67323e-05,0.0016877171
1782126000045,2026-06-22T11:00:00.045+00:00,xyz:SMSN,0.0003423127,0.0057770034
1782129600028,2026-06-22T12:00:00.028+00:00,xyz:SMSN,0.0002439883,0.0042038122
1782133200062,2026-06-22T13:00:00.062+00:00,xyz:SMSN,0.0001285243,0.0023563886
1782136800004,2026-06-22T14:00:00.004+00:00,xyz:SMSN,0.0001079946,0.0020279142
1782140400009,2026-06-22T15:00:00.009+00:00,xyz:SMSN,-5.50702e-05,-0.001181123
1782144000016,2026-06-22T16:00:00.016+00:00,xyz:SMSN,-0.0001247121,-0.0022953939
1782147600020,2026-06-22T17:00:00.020+00:00,xyz:SMSN,9.27268e-05,0.0017836284
1782151200035,2026-06-22T18:00:00.035+00:00,xyz:SMSN,0.0001880763,0.0033092214
1782154800028,2026-06-22T19:00:00.028+00:00,xyz:SMSN,6.12865e-05,0.0012805835
1782158400037,2026-06-22T20:00:00.037+00:00,xyz:SMSN,-6.6316e-05,-0.0013610556
1782162000027,2026-06-22T21:00:00.027+00:00,xyz:SMSN,5.24897e-05,0.0011398353
1782165600001,2026-06-22T22:00:00.001+00:00,xyz:SMSN,6.25e-06,0.0003528666
1782169200047,2026-06-22T23:00:00.047+00:00,xyz:SMSN,-8.94663e-05,-0.0017314603
1782172800019,2026-06-23T00:00:00.019+00:00,xyz:SMSN,0.0003546369,0.0059741896
1782176400050,2026-06-23T01:00:00.050+00:00,xyz:SMSN,0.0004199616,0.0070193852
1782180000059,2026-06-23T02:00:00.059+00:00,xyz:SMSN,6.72697e-05,0.0013763157
1782183600043,2026-06-23T03:00:00.043+00:00,xyz:SMSN,0.000205595,0.0035895195
1782187200043,2026-06-23T04:00:00.043+00:00,xyz:SMSN,0.0001282248,0.0023515966
1782190800000,2026-06-23T05:00:00.000+00:00,xyz:SMSN,0.0001144223,0.0021307574
1782194400028,2026-06-23T06:00:00.028+00:00,xyz:SMSN,-4.61064e-05,-0.0010377031
1782198000005,2026-06-23T07:00:00.005+00:00,xyz:SMSN,1.12265e-05,0.0004796236
1782201600004,2026-06-23T08:00:00.004+00:00,xyz:SMSN,0.0003778555,0.0063456882
1782205200027,2026-06-23T09:00:00.027+00:00,xyz:SMSN,0.0002570246,0.0044123933
1782208800015,2026-06-23T10:00:00.015+00:00,xyz:SMSN,0.0001686827,0.0029989228
1782212400038,2026-06-23T11:00:00.038+00:00,xyz:SMSN,0.0003531029,0.0059496459
1782216000032,2026-06-23T12:00:00.032+00:00,xyz:SMSN,0.0004775954,0.0079415259
1782219600064,2026-06-23T13:00:00.064+00:00,xyz:SMSN,-5.5215e-05,-0.00118344
1782223200005,2026-06-23T14:00:00.005+00:00,xyz:SMSN,3.74178e-05,0.0008986846
1782226800068,2026-06-23T15:00:00.068+00:00,xyz:SMSN,0.0003529886,0.0059478175
1782230400018,2026-06-23T16:00:00.018+00:00,xyz:SMSN,-0.0001379803,-0.0025076844
1782234000004,2026-06-23T17:00:00.004+00:00,xyz:SMSN,0.0002152563,0.0037441008
1782237600057,2026-06-23T18:00:00.057+00:00,xyz:SMSN,-0.0002042692,-0.0035683067
1782241200036,2026-06-23T19:00:00.036+00:00,xyz:SMSN,-0.000294969,-0.0050195035
1782244800052,2026-06-23T20:00:00.052+00:00,xyz:SMSN,4.85464e-05,0.0010767418
1782248400041,2026-06-23T21:00:00.041+00:00,xyz:SMSN,-8.43287e-05,-0.0016492595
1782252000077,2026-06-23T22:00:00.077+00:00,xyz:SMSN,0.0003746231,0.0062939699
1782255600017,2026-06-23T23:00:00.017+00:00,xyz:SMSN,-6.12967e-05,-0.0012807464
1782259200059,2026-06-24T00:00:00.059+00:00,xyz:SMSN,0.0002880265,0.0049084239
1782262800007,2026-06-24T01:00:00.007+00:00,xyz:SMSN,0.0001951425,0.00342228
1782266400045,2026-06-24T02:00:00.045+00:00,xyz:SMSN,0.0002491803,0.0042868842
1782270000043,2026-06-24T03:00:00.043+00:00,xyz:SMSN,0.0001248265,0.0022972245
1782273600009,2026-06-24T04:00:00.009+00:00,xyz:SMSN,0.0002191022,0.0038056345
1782277200004,2026-06-24T05:00:00.004+00:00,xyz:SMSN,0.0001020372,0.0019325946
1782280800031,2026-06-24T06:00:00.031+00:00,xyz:SMSN,3.68636e-05,0.0008898168
1782284400002,2026-06-24T07:00:00.002+00:00,xyz:SMSN,-2.78453e-05,-0.0007455244
1782288000010,2026-06-24T08:00:00.010+00:00,xyz:SMSN,0.0002008176,0.003513082
1782291600011,2026-06-24T09:00:00.011+00:00,xyz:SMSN,0.0001235417,0.0022766664
1782295200043,2026-06-24T10:00:00.043+00:00,xyz:SMSN,0.0002193954,0.0038103259
1782298800026,2026-06-24T11:00:00.026+00:00,xyz:SMSN,6.0299e-05,0.0012647832
1782302400040,2026-06-24T12:00:00.040+00:00,xyz:SMSN,6.1457e-05,0.0012833116
1782306000010,2026-06-24T13:00:00.010+00:00,xyz:SMSN,6.10332e-05,0.0012765315
1782309600048,2026-06-24T14:00:00.048+00:00,xyz:SMSN,-0.0004127036,-0.0069032579
1782313200052,2026-06-24T15:00:00.052+00:00,xyz:SMSN,6.25e-06,-9.61161e-05
1782316800060,2026-06-24T16:00:00.060+00:00,xyz:SMSN,-3.16636e-05,-0.0008066179
1782320400011,2026-06-24T17:00:00.011+00:00,xyz:SMSN,-6.49434e-05,-0.0013390949
1782324000061,2026-06-24T18:00:00.061+00:00,xyz:SMSN,-0.0004152336,-0.0069437374
1782327600107,2026-06-24T19:00:00.107+00:00,xyz:SMSN,-2.86024e-05,-0.000757638
1782331200013,2026-06-24T20:00:00.013+00:00,xyz:SMSN,0.0001246973,0.0022951576
1782334800057,2026-06-24T21:00:00.057+00:00,xyz:SMSN,0.0022650862,0.0365413788
1782338400034,2026-06-24T22:00:00.034+00:00,xyz:SMSN,0.0005486564,0.0090785027
1782342000012,2026-06-24T23:00:00.012+00:00,xyz:SMSN,0.0001747,0.0030951999
1782345600020,2026-06-25T00:00:00.020+00:00,xyz:SMSN,7.55493e-05,0.0015087893
1782349200006,2026-06-25T01:00:00.006+00:00,xyz:SMSN,0.0003176144,0.0053818305
1782352800035,2026-06-25T02:00:00.035+00:00,xyz:SMSN,0.0001767028,0.0031272441
1782356400010,2026-06-25T03:00:00.010+00:00,xyz:SMSN,0.0001402844,0.0025445502
1782360000019,2026-06-25T04:00:00.019+00:00,xyz:SMSN,7.43091e-05,0.0014889455
1782363600009,2026-06-25T05:00:00.009+00:00,xyz:SMSN,8.301e-05,0.0016281604
1782367200044,2026-06-25T06:00:00.044+00:00,xyz:SMSN,2.56752e-05,0.0007108026
1782370800021,2026-06-25T07:00:00.021+00:00,xyz:SMSN,-0.000242321,-0.0041771365
1782374400066,2026-06-25T08:00:00.066+00:00,xyz:SMSN,-3.9827e-06,-0.0003637229
1782378000009,2026-06-25T09:00:00.009+00:00,xyz:SMSN,-0.0001771211,-0.0031339383
1782381600040,2026-06-25T10:00:00.040+00:00,xyz:SMSN,-0.0001873966,-0.0032983457
1782385200059,2026-06-25T11:00:00.059+00:00,xyz:SMSN,-4.85912e-05,-0.00107746
1782388800013,2026-06-25T12:00:00.013+00:00,xyz:SMSN,-0.0001194117,-0.0022105866
1782392400054,2026-06-25T13:00:00.054+00:00,xyz:SMSN,8.49209e-05,0.0016587339
1782396000004,2026-06-25T14:00:00.004+00:00,xyz:SMSN,-0.0005482956,-0.00907273
1782399600031,2026-06-25T15:00:00.031+00:00,xyz:SMSN,-0.0004319056,-0.0072104903
1782403200049,2026-06-25T16:00:00.049+00:00,xyz:SMSN,-8.563e-06,-0.0004370086
1782406800028,2026-06-25T17:00:00.028+00:00,xyz:SMSN,0.0001430612,0.00258898
1782410400008,2026-06-25T18:00:00.008+00:00,xyz:SMSN,0.000212975,0.0037076005
1782414000054,2026-06-25T19:00:00.054+00:00,xyz:SMSN,-0.0001666907,-0.0029670507
1782417600025,2026-06-25T20:00:00.025+00:00,xyz:SMSN,-0.0002301458,-0.0039823328
1782421200001,2026-06-25T21:00:00.001+00:00,xyz:SMSN,7.36576e-05,0.0014785211
1782424800049,2026-06-25T22:00:00.049+00:00,xyz:SMSN,-1.2878e-05,-0.0005060478
1782428400053,2026-06-25T23:00:00.053+00:00,xyz:SMSN,-0.0001150963,-0.0021415403
1782432000043,2026-06-26T00:00:00.043+00:00,xyz:SMSN,-0.000332554,-0.0056208635
1782435600034,2026-06-26T01:00:00.034+00:00,xyz:SMSN,-5.06861e-05,-0.0011109777
1782439200084,2026-06-26T02:00:00.084+00:00,xyz:SMSN,-9.41581e-05,-0.0018065294
1782442800008,2026-06-26T03:00:00.008+00:00,xyz:SMSN,-7.96559e-05,-0.001574495
1782446400013,2026-06-26T04:00:00.013+00:00,xyz:SMSN,1.04132e-05,0.0004666106
1782450000010,2026-06-26T05:00:00.010+00:00,xyz:SMSN,8.57407e-05,0.0016718516
1782453600030,2026-06-26T06:00:00.030+00:00,xyz:SMSN,7.35822e-05,0.0014773149
1782457200029,2026-06-26T07:00:00.029+00:00,xyz:SMSN,6.25e-06,3.72487e-05
1782460800070,2026-06-26T08:00:00.070+00:00,xyz:SMSN,-4.92693e-05,-0.0010883086
1782464400001,2026-06-26T09:00:00.001+00:00,xyz:SMSN,-3.94278e-05,-0.0009308446
1782468000009,2026-06-26T10:00:00.009+00:00,xyz:SMSN,-0.0001859451,-0.0032751222
1782471600032,2026-06-26T11:00:00.032+00:00,xyz:SMSN,-0.000283486,-0.0048357765
1782475200076,2026-06-26T12:00:00.076+00:00,xyz:SMSN,-0.0001518945,-0.0027303118
1782478800058,2026-06-26T13:00:00.058+00:00,xyz:SMSN,-0.0001697069,-0.00301531
1782482400025,2026-06-26T14:00:00.025+00:00,xyz:SMSN,-3.11811e-05,-0.0007988973
1782486000036,2026-06-26T15:00:00.036+00:00,xyz:SMSN,0.0005328993,0.0088263885
1782489600035,2026-06-26T16:00:00.035+00:00,xyz:SMSN,0.0001006516,0.001910426
1782493200027,2026-06-26T17:00:00.027+00:00,xyz:SMSN,0.0001720106,0.0030521696
1782496800042,2026-06-26T18:00:00.042+00:00,xyz:SMSN,0.0001856778,0.0032708445
1782500400058,2026-06-26T19:00:00.058+00:00,xyz:SMSN,-0.0001166821,-0.002166913
1782504000001,2026-06-26T20:00:00.001+00:00,xyz:SMSN,-8.90846e-05,-0.0017253529
1782507600081,2026-06-26T21:00:00.081+00:00,xyz:SMSN,-5.11482e-05,-0.0011183706
1782511200052,2026-06-26T22:00:00.052+00:00,xyz:SMSN,-4.85907e-05,-0.0010774504
1782514800072,2026-06-26T23:00:00.072+00:00,xyz:SMSN,6.25e-06,0.0002135541
1782518400047,2026-06-27T00:00:00.047+00:00,xyz:SMSN,0.0002112655,0.003680248
1782522000061,2026-06-27T01:00:00.061+00:00,xyz:SMSN,6.20531e-05,0.0012928492
1782525600033,2026-06-27T02:00:00.033+00:00,xyz:SMSN,2.99204e-05,0.0007787259
1782529200064,2026-06-27T03:00:00.064+00:00,xyz:SMSN,6.25e-06,-0.0001805505
1782532800005,2026-06-27T04:00:00.005+00:00,xyz:SMSN,-1.42506e-05,-0.0005280092
1782536400052,2026-06-27T05:00:00.052+00:00,xyz:SMSN,-1.37087e-05,-0.0005193398
1782540000003,2026-06-27T06:00:00.003+00:00,xyz:SMSN,6.25e-06,-0.0001324117
1782543600022,2026-06-27T07:00:00.022+00:00,xyz:SMSN,3.04145e-05,0.0007866314
1782547200062,2026-06-27T08:00:00.062+00:00,xyz:SMSN,1.36509e-05,0.0005184139
1782550800001,2026-06-27T09:00:00.001+00:00,xyz:SMSN,-2.80537e-05,-0.0007488593
1782554400064,2026-06-27T10:00:00.064+00:00,xyz:SMSN,6.25e-06,-0.0001074428
1782558000032,2026-06-27T11:00:00.032+00:00,xyz:SMSN,4.97234e-05,0.0010955744
1782561600003,2026-06-27T12:00:00.003+00:00,xyz:SMSN,4.54707e-05,0.0010275308
1782565200057,2026-06-27T13:00:00.057+00:00,xyz:SMSN,6.25e-06,0.0001825405
1782568800038,2026-06-27T14:00:00.038+00:00,xyz:SMSN,0.0001054285,0.0019868552
1782572400065,2026-06-27T15:00:00.065+00:00,xyz:SMSN,6.25e-06,9.71703e-05
1782576000043,2026-06-27T16:00:00.043+00:00,xyz:SMSN,6.25e-06,-9.89516e-05
1782579600058,2026-06-27T17:00:00.058+00:00,xyz:SMSN,-3.789e-05,-0.0009062402
1782583200108,2026-06-27T18:00:00.108+00:00,xyz:SMSN,-0.0001762332,-0.0031197315
1782586800053,2026-06-27T19:00:00.053+00:00,xyz:SMSN,6.25e-06,-1.6574e-05
1782590400044,2026-06-27T20:00:00.044+00:00,xyz:SMSN,-6.00527e-05,-0.0012608433
1782594000058,2026-06-27T21:00:00.058+00:00,xyz:SMSN,6.25e-06,0.0003476258
1782597600021,2026-06-27T22:00:00.021+00:00,xyz:SMSN,-2.47326e-05,-0.0006957209
1782601200040,2026-06-27T23:00:00.040+00:00,xyz:SMSN,-3.82368e-05,-0.0009117895
1782604800067,2026-06-28T00:00:00.067+00:00,xyz:SMSN,-4.56611e-05,-0.0010305784
1782608400011,2026-06-28T01:00:00.011+00:00,xyz:SMSN,-3.23849e-05,-0.0008181586
1782612000060,2026-06-28T02:00:00.060+00:00,xyz:SMSN,-5.34043e-05,-0.0011544693
1782615600023,2026-06-28T03:00:00.023+00:00,xyz:SMSN,6.25e-06,0.0001150582
1782619200024,2026-06-28T04:00:00.024+00:00,xyz:SMSN,6.19882e-05,0.0012918106
1782622800062,2026-06-28T05:00:00.062+00:00,xyz:SMSN,1.8461e-05,0.0005953766
1782626400048,2026-06-28T06:00:00.048+00:00,xyz:SMSN,-3.71597e-05,-0.0008945547
1782630000131,2026-06-28T07:00:00.131+00:00,xyz:SMSN,-1.17807e-05,-0.000488492
1782633600007,2026-06-28T08:00:00.007+00:00,xyz:SMSN,0.0001531017,0.0027496275
1782637200030,2026-06-28T09:00:00.030+00:00,xyz:SMSN,0.0001070115,0.0020121834
1782640800008,2026-06-28T10:00:00.008+00:00,xyz:SMSN,1.90862e-05,0.000605379
1782644400056,2026-06-28T11:00:00.056+00:00,xyz:SMSN,7.4712e-05,0.0014953919
1782648000000,2026-06-28T12:00:00.000+00:00,xyz:SMSN,5.02905e-05,0.0011046485
1782651600035,2026-06-28T13:00:00.035+00:00,xyz:SMSN,-0.0001960039,-0.0034360627
1782655200057,2026-06-28T14:00:00.057+00:00,xyz:SMSN,5.60471e-05,0.0011967532
1782658800011,2026-06-28T15:00:00.011+00:00,xyz:SMSN,0.0001796769,0.0031748304
1782662400009,2026-06-28T16:00:00.009+00:00,xyz:SMSN,6.32679e-05,0.0013122868
1782666000008,2026-06-28T17:00:00.008+00:00,xyz:SMSN,6.25e-06,5.92348e-05
1782669600035,2026-06-28T18:00:00.035+00:00,xyz:SMSN,-8.79021e-05,-0.0017064329
1782673200062,2026-06-28T19:00:00.062+00:00,xyz:SMSN,6.25e-06,1.761e-07
1782676800011,2026-06-28T20:00:00.011+00:00,xyz:SMSN,-2.12095e-05,-0.0006393513
1782680400003,2026-06-28T21:00:00.003+00:00,xyz:SMSN,7.00892e-05,0.0014214267
1782684000039,2026-06-28T22:00:00.039+00:00,xyz:SMSN,-2.73151e-05,-0.0007370417
1782687600013,2026-06-28T23:00:00.013+00:00,xyz:SMSN,0.0001216815,0.0022469045
1782691200001,2026-06-29T00:00:00.001+00:00,xyz:SMSN,0.0004003601,0.0067057619
1782694800041,2026-06-29T01:00:00.041+00:00,xyz:SMSN,0.000230929,0.0039948634
1782698400037,2026-06-29T02:00:00.037+00:00,xyz:SMSN,0.0002988231,0.0050811691
1782702000024,2026-06-29T03:00:00.024+00:00,xyz:SMSN,0.0003153531,0.0053456494
1782705600028,2026-06-29T04:00:00.028+00:00,xyz:SMSN,0.0003545687,0.0059730996
1782709200033,2026-06-29T05:00:00.033+00:00,xyz:SMSN,0.00030952,0.0052523201
1782712800084,2026-06-29T06:00:00.084+00:00,xyz:SMSN,0.0002391804,0.0041268857
1782716400013,2026-06-29T07:00:00.013+00:00,xyz:SMSN,0.0001424195,0.0025787116
1782720000021,2026-06-29T08:00:00.021+00:00,xyz:SMSN,0.0001487157,0.0026794516
1782723600032,2026-06-29T09:00:00.032+00:00,xyz:SMSN,0.0001793074,0.0031689178
1782727200059,2026-06-29T10:00:00.059+00:00,xyz:SMSN,0.0001115553,0.002084885
1782730800002,2026-06-29T11:00:00.002+00:00,xyz:SMSN,0.0003050005,0.0051800076
1782734400034,2026-06-29T12:00:00.034+00:00,xyz:SMSN,9.566e-05,0.0018305605
1782738000037,2026-06-29T13:00:00.037+00:00,xyz:SMSN,-1.11457e-05,-0.0004783314
1782741600097,2026-06-29T14:00:00.097+00:00,xyz:SMSN,-0.000258992,-0.0044438717
1782745200041,2026-06-29T15:00:00.041+00:00,xyz:SMSN,-0.0005821167,-0.0096138677
1782748800009,2026-06-29T16:00:00.009+00:00,xyz:SMSN,0.0002215468,0.0038447491
1782752400026,2026-06-29T17:00:00.026+00:00,xyz:SMSN,0.0001669198,0.0029707172
1782756000054,2026-06-29T18:00:00.054+00:00,xyz:SMSN,0.0001460044,0.0026360702
1782759600032,2026-06-29T19:00:00.032+00:00,xyz:SMSN,0.0001857368,0.0032717892
1782763200010,2026-06-29T20:00:00.010+00:00,xyz:SMSN,0.0001314373,0.0024029967
1782766800059,2026-06-29T21:00:00.059+00:00,xyz:SMSN,0.0001286209,0.0023579346
1782770400020,2026-06-29T22:00:00.020+00:00,xyz:SMSN,3.04909e-05,0.0007878541
1782774000049,2026-06-29T23:00:00.049+00:00,xyz:SMSN,1.34305e-05,0.0005148883
1782777600028,2026-06-30T00:00:00.028+00:00,xyz:SMSN,0.0001880435,0.0033086954
1782781200022,2026-06-30T01:00:00.022+00:00,xyz:SMSN,0.0001424028,0.0025784446
1782784800047,2026-06-30T02:00:00.047+00:00,xyz:SMSN,9.64135e-05,0.0018426163
1782788400041,2026-06-30T03:00:00.041+00:00,xyz:SMSN,8.0351e-05,0.0015856165
1782792000028,2026-06-30T04:00:00.028+00:00,xyz:SMSN,5.71861e-05,0.0012149771
1782795600052,2026-06-30T05:00:00.052+00:00,xyz:SMSN,2.55856e-05,0.0007093697
1782799200065,2026-06-30T06:00:00.065+00:00,xyz:SMSN,7.54743e-05,0.0015075881
1782802800042,2026-06-30T07:00:00.042+00:00,xyz:SMSN,-1.63414e-05,-0.0005614629
1782806400071,2026-06-30T08:00:00.071+00:00,xyz:SMSN,0.0001343364,0.0024493827
1782810000015,2026-06-30T09:00:00.015+00:00,xyz:SMSN,6.25e-06,0.0003856771
1782813600034,2026-06-30T10:00:00.034+00:00,xyz:SMSN,1.18079e-05,0.0004889263
1782817200061,2026-06-30T11:00:00.061+00:00,xyz:SMSN,0.0001228209,0.0022651347
1782820800037,2026-06-30T12:00:00.037+00:00,xyz:SMSN,0.0001118434,0.0020894936
1782824400033,2026-06-30T13:00:00.033+00:00,xyz:SMSN,6.25e-06,-0.0001836103
1782828000043,2026-06-30T14:00:00.043+00:00,xyz:SMSN,2.49457e-05,0.0006991317
1782831600058,2026-06-30T15:00:00.058+00:00,xyz:SMSN,0.0001619508,0.0028912132
1782835200010,2026-06-30T16:00:00.010+00:00,xyz:SMSN,1.74564e-05,0.0005793031
1782838800028,2026-06-30T17:00:00.028+00:00,xyz:SMSN,0.000177939,0.0031470243
1782842400014,2026-06-30T18:00:00.014+00:00,xyz:SMSN,5.52714e-05,0.0011843431
1782846000063,2026-06-30T19:00:00.063+00:00,xyz:SMSN,4.76751e-05,0.0010628011
1782849600065,2026-06-30T20:00:00.065+00:00,xyz:SMSN,-7.1213e-06,-0.0004139401
1782853200051,2026-06-30T21:00:00.051+00:00,xyz:SMSN,-6.69604e-05,-0.0013713671
1782856800045,2026-06-30T22:00:00.045+00:00,xyz:SMSN,6.25e-06,-0.0001299718
1782860400048,2026-06-30T23:00:00.048+00:00,xyz:SMSN,5.73651e-05,0.0012178409
1782864000063,2026-07-01T00:00:00.063+00:00,xyz:SMSN,0.0002508044,0.0043128711
1782867600046,2026-07-01T01:00:00.046+00:00,xyz:SMSN,0.0001079085,0.0020265362
1782871200018,2026-07-01T02:00:00.018+00:00,xyz:SMSN,0.0001272511,0.002336017
1782874800011,2026-07-01T03:00:00.011+00:00,xyz:SMSN,0.000171278,0.0030404475
1782878400001,2026-07-01T04:00:00.001+00:00,xyz:SMSN,0.0002219784,0.0038516536
1782882000000,2026-07-01T05:00:00.000+00:00,xyz:SMSN,0.0002338323,0.0040413171
1782885600001,2026-07-01T06:00:00.001+00:00,xyz:SMSN,0.0001935888,0.0033974211
1782889200022,2026-07-01T07:00:00.022+00:00,xyz:SMSN,0.0001528346,0.0027453531
1782892800065,2026-07-01T08:00:00.065+00:00,xyz:SMSN,0.0002420773,0.0041732372
1782896400040,2026-07-01T09:00:00.040+00:00,xyz:SMSN,0.0001920182,0.003372292
1782900000048,2026-07-01T10:00:00.048+00:00,xyz:SMSN,7.39055e-05,0.0014824882
1782903600001,2026-07-01T11:00:00.001+00:00,xyz:SMSN,4.43777e-05,0.0010100439
1782907200044,2026-07-01T12:00:00.044+00:00,xyz:SMSN,0.0001047594,0.0019761498
1782910800001,2026-07-01T13:00:00.001+00:00,xyz:SMSN,-0.0001266894,-0.0023270303
1782914400006,2026-07-01T14:00:00.006+00:00,xyz:SMSN,-0.0001814571,-0.0032033131
1782918000012,2026-07-01T15:00:00.012+00:00,xyz:SMSN,-5.73035e-05,-0.0012168565
1782921600045,2026-07-01T16:00:00.045+00:00,xyz:SMSN,-0.0002681754,-0.0045908058
1782925200022,2026-07-01T17:00:00.022+00:00,xyz:SMSN,-7.63152e-05,-0.0015210426
1782928800061,2026-07-01T18:00:00.061+00:00,xyz:SMSN,-0.0001822657,-0.0032162515
1782932400036,2026-07-01T19:00:00.036+00:00,xyz:SMSN,-0.0001589245,-0.0028427918
1782936000005,2026-07-01T20:00:00.005+00:00,xyz:SMSN,6.25e-06,0.0001136153
1782939600007,2026-07-01T21:00:00.007+00:00,xyz:SMSN,-0.000197507,-0.0034601125
1782943200086,2026-07-01T22:00:00.086+00:00,xyz:SMSN,0.0002367371,0.0040877941
1782946800056,2026-07-01T23:00:00.056+00:00,xyz:SMSN,-1.56377e-05,-0.0005502034
1782950400074,2026-07-02T00:00:00.074+00:00,xyz:SMSN,0.0002810572,0.0047969144
1782954000014,2026-07-02T01:00:00.014+00:00,xyz:SMSN,0.0002463289,0.0042412629
1782957600020,2026-07-02T02:00:00.020+00:00,xyz:SMSN,0.000280812,0.0047929921
1782961200070,2026-07-02T03:00:00.070+00:00,xyz:SMSN,0.0003692135,0.0062074157
1782964800033,2026-07-02T04:00:00.033+00:00,xyz:SMSN,0.0002035295,0.0035564716
1782968400047,2026-07-02T05:00:00.047+00:00,xyz:SMSN,0.0002133155,0.0037130477
1782972000007,2026-07-02T06:00:00.007+00:00,xyz:SMSN,0.0002572564,0.0044161031
1782975600011,2026-07-02T07:00:00.011+00:00,xyz:SMSN,0.0002007831,0.0035125298
1782979200014,2026-07-02T08:00:00.014+00:00,xyz:SMSN,6.59249e-05,0.0013547987
1782982800010,2026-07-02T09:00:00.010+00:00,xyz:SMSN,3.0994e-05,0.0007959035
1782986400006,2026-07-02T10:00:00.006+00:00,xyz:SMSN,-0.0001222665,-0.0022562633
1782990000037,2026-07-02T11:00:00.037+00:00,xyz:SMSN,8.0367e-05,0.0015858724
1782993600030,2026-07-02T12:00:00.030+00:00,xyz:SMSN,6.25e-06,-0.0001333119
1782997200027,2026-07-02T13:00:00.027+00:00,xyz:SMSN,0.0005578278,0.0092252442
1783000800025,2026-07-02T14:00:00.025+00:00,xyz:SMSN,0.00022939,0.0039702403
1783004400055,2026-07-02T15:00:00.055+00:00,xyz:SMSN,-0.0005292931,-0.0087686901
1783008000068,2026-07-02T16:00:00.068+00:00,xyz:SMSN,-0.0005537055,-0.0091592877
1783011600026,2026-07-02T17:00:00.026+00:00,xyz:SMSN,-0.0004095019,-0.0068520311
1783015200007,2026-07-02T18:00:00.007+00:00,xyz:SMSN,-0.0005333607,-0.0088337716
1783018800044,2026-07-02T19:00:00.044+00:00,xyz:SMSN,6.25e-06,6.79949e-05
1783022400007,2026-07-02T20:00:00.007+00:00,xyz:SMSN,0.0001143129,0.0021290061
1783026000031,2026-07-02T21:00:00.031+00:00,xyz:SMSN,0.0003782261,0.0063516179
1783029600025,2026-07-02T22:00:00.025+00:00,xyz:SMSN,4.36077e-05,0.0009977232
1783033200029,2026-07-02T23:00:00.029+00:00,xyz:SMSN,-0.0001023591,-0.0019377448
1783036800018,2026-07-03T00:00:00.018+00:00,xyz:SMSN,-0.0001847129,-0.0032554069
1783040400017,2026-07-03T01:00:00.017+00:00,xyz:SMSN,0.0002030465,0.0035487441
1783044000081,2026-07-03T02:00:00.081+00:00,xyz:SMSN,0.0001953489,0.0034255827
1783047600031,2026-07-03T03:00:00.031+00:00,xyz:SMSN,7.08749e-05,0.0014339978
1783051200034,2026-07-03T04:00:00.034+00:00,xyz:SMSN,6.25e-06,0.0001751838
1783054800012,2026-07-03T05:00:00.012+00:00,xyz:SMSN,1.32656e-05,0.0005122494
1783058400078,2026-07-03T06:00:00.078+00:00,xyz:SMSN,3.98918e-05,0.0009382696
1783062000025,2026-07-03T07:00:00.025+00:00,xyz:SMSN,-3.77959e-05,-0.0009047342
1783065600049,2026-07-03T08:00:00.049+00:00,xyz:SMSN,-0.0001275845,-0.0023413516
1783069200022,2026-07-03T09:00:00.022+00:00,xyz:SMSN,0.0001632156,0.0029114495
1783072800017,2026-07-03T10:00:00.017+00:00,xyz:SMSN,-5.33095e-05,-0.0011529527
1783076400042,2026-07-03T11:00:00.042+00:00,xyz:SMSN,-0.0001455518,-0.0026288294
1783080000004,2026-07-03T12:00:00.004+00:00,xyz:SMSN,-5.60013e-05,-0.0011960204
1783083600007,2026-07-03T13:00:00.007+00:00,xyz:SMSN,-7.0267e-05,-0.0014242726
1783087200011,2026-07-03T14:00:00.011+00:00,xyz:SMSN,-7.2822e-05,-0.0014651518
1783090800026,2026-07-03T15:00:00.026+00:00,xyz:SMSN,-4.49942e-05,-0.0010199069
1783094400062,2026-07-03T16:00:00.062+00:00,xyz:SMSN,-3.19541e-05,-0.0008112661
1783098000007,2026-07-03T17:00:00.007+00:00,xyz:SMSN,-1.97999e-05,-0.0006167985
1783101600046,2026-07-03T18:00:00.046+00:00,xyz:SMSN,-1.44346e-05,-0.0005309539
1783105200040,2026-07-03T19:00:00.040+00:00,xyz:SMSN,6.25e-06,0.0002147057
1783108800014,2026-07-03T20:00:00.014+00:00,xyz:SMSN,6.54381e-05,0.0013470091
1783112400013,2026-07-03T21:00:00.013+00:00,xyz:SMSN,-3.61735e-05,-0.0008787754
1783116000049,2026-07-03T22:00:00.049+00:00,xyz:SMSN,1.26137e-05,0.00050182
1783119600014,2026-07-03T23:00:00.014+00:00,xyz:SMSN,1.59058e-05,0.0005544928
1783123200014,2026-07-04T00:00:00.014+00:00,xyz:SMSN,6.25e-06,0.0002335282
1783126800023,2026-07-04T01:00:00.023+00:00,xyz:SMSN,-2.9049e-05,-0.0007647841
1783130400022,2026-07-04T02:00:00.022+00:00,xyz:SMSN,6.25e-06,6.62006e-05
1783134000012,2026-07-04T03:00:00.012+00:00,xyz:SMSN,4.62202e-05,0.0010395238
1783137600074,2026-07-04T04:00:00.074+00:00,xyz:SMSN,2.36409e-05,0.0006782539
1783141200064,2026-07-04T05:00:00.064+00:00,xyz:SMSN,1.42551e-05,0.0005280814
1783144800006,2026-07-04T06:00:00.006+00:00,xyz:SMSN,6.25e-06,-7.74522e-05
1783148400009,2026-07-04T07:00:00.009+00:00,xyz:SMSN,2.04208e-05,0.0006267331
1783152000041,2026-07-04T08:00:00.041+00:00,xyz:SMSN,6.25e-06,7.50717e-05
1783155600033,2026-07-04T09:00:00.033+00:00,xyz:SMSN,6.25e-06,0.0003005454
1783159200068,2026-07-04T10:00:00.068+00:00,xyz:SMSN,6.25e-06,0.0003380742
1783162800049,2026-07-04T11:00:00.049+00:00,xyz:SMSN,5.57869e-05,0.0011925903
1783166400014,2026-07-04T12:00:00.014+00:00,xyz:SMSN,6.25e-06,-8.10065e-05
1783170000049,2026-07-04T13:00:00.049+00:00,xyz:SMSN,6.25e-06,0.0003889779
1783173600051,2026-07-04T14:00:00.051+00:00,xyz:SMSN,6.25e-06,-8.01136e-05
1783177200083,2026-07-04T15:00:00.083+00:00,xyz:SMSN,-5.74138e-05,-0.0012186214
1783180800074,2026-07-04T16:00:00.074+00:00,xyz:SMSN,2.3807e-06,-0.0002619083
1783184400031,2026-07-04T17:00:00.031+00:00,xyz:SMSN,-6.0143e-06,-0.000396229
1783188000016,2026-07-04T18:00:00.016+00:00,xyz:SMSN,8.688e-07,-0.0002860986
1783191600033,2026-07-04T19:00:00.033+00:00,xyz:SMSN,2.52061e-05,0.0007032979
1783195200036,2026-07-04T20:00:00.036+00:00,xyz:SMSN,7.99666e-05,0.0015794654
1783198800023,2026-07-04T21:00:00.023+00:00,xyz:SMSN,-2.86287e-05,-0.0007580588
1783202400015,2026-07-04T22:00:00.015+00:00,xyz:SMSN,2.12622e-05,0.0006401946
1783206000021,2026-07-04T23:00:00.021+00:00,xyz:SMSN,7.43091e-05,0.0014889458
1783209600077,2026-07-05T00:00:00.077+00:00,xyz:SMSN,1.64884e-05,0.0005638138
1783213200057,2026-07-05T01:00:00.057+00:00,xyz:SMSN,1.76455e-05,0.0005823275
1783216800021,2026-07-05T02:00:00.021+00:00,xyz:SMSN,4.17227e-05,0.0009675638
1783220400031,2026-07-05T03:00:00.031+00:00,xyz:SMSN,0.0001194971,0.0022119533
1783224000046,2026-07-05T04:00:00.046+00:00,xyz:SMSN,6.25e-06,0.0002311502
1783227600013,2026-07-05T05:00:00.013+00:00,xyz:SMSN,6.25e-06,0.0003350233
1783231200042,2026-07-05T06:00:00.042+00:00,xyz:SMSN,6.25e-06,0.000216688
1783234800059,2026-07-05T07:00:00.059+00:00,xyz:SMSN,6.25e-06,-0.0001805753
1783238400002,2026-07-05T08:00:00.002+00:00,xyz:SMSN,0.0001310299,0.0023964788
1783242000041,2026-07-05T09:00:00.041+00:00,xyz:SMSN,-3.37857e-05,-0.0008405719
1783245600044,2026-07-05T10:00:00.044+00:00,xyz:SMSN,6.25e-06,0.0001683392
1783249200023,2026-07-05T11:00:00.023+00:00,xyz:SMSN,0.000139627,0.0025340313
1783252800030,2026-07-05T12:00:00.030+00:00,xyz:SMSN,0.0001697678,0.003016285
1783256400036,2026-07-05T13:00:00.036+00:00,xyz:SMSN,7.03984e-05,0.0014263738
1783260000038,2026-07-05T14:00:00.038+00:00,xyz:SMSN,-3.85363e-05,-0.0009165803
1783263600031,2026-07-05T15:00:00.031+00:00,xyz:SMSN,-0.0001491396,-0.0026862334
1783267200001,2026-07-05T16:00:00.001+00:00,xyz:SMSN,6.25e-06,-0.0001127619
1783270800030,2026-07-05T17:00:00.030+00:00,xyz:SMSN,-1.0287e-05,-0.0004645919
1783274400013,2026-07-05T18:00:00.013+00:00,xyz:SMSN,-0.0001119429,-0.0020910864
1783278000023,2026-07-05T19:00:00.023+00:00,xyz:SMSN,3.47442e-05,0.0008559076
1783281600039,2026-07-05T20:00:00.039+00:00,xyz:SMSN,4.21091e-05,0.0009737459
1783285200043,2026-07-05T21:00:00.043+00:00,xyz:SMSN,-1.36008e-05,-0.0005176135
1783288800042,2026-07-05T22:00:00.042+00:00,xyz:SMSN,-9.19244e-05,-0.0017707903
1783292400024,2026-07-05T23:00:00.024+00:00,xyz:SMSN,1.10418e-05,0.0004766686
1783296000026,2026-07-06T00:00:00.026+00:00,xyz:SMSN,6.25e-06,0.0002518347
1783299600010,2026-07-06T01:00:00.010+00:00,xyz:SMSN,8.17307e-05,0.0016076919
1783303200061,2026-07-06T02:00:00.061+00:00,xyz:SMSN,6.48933e-05,0.0013382926
1783306800027,2026-07-06T03:00:00.027+00:00,xyz:SMSN,0.0001063265,0.0020012239
1783310400055,2026-07-06T04:00:00.055+00:00,xyz:SMSN,0.0001393661,0.002529858
1783314000021,2026-07-06T05:00:00.021+00:00,xyz:SMSN,7.22754e-05,0.0014564069
1783317600057,2026-07-06T06:00:00.057+00:00,xyz:SMSN,7.72979e-05,0.0015367664
1783321200035,2026-07-06T07:00:00.035+00:00,xyz:SMSN,6.25e-06,0.0002930445
1783324800012,2026-07-06T08:00:00.012+00:00,xyz:SMSN,-2.15626e-05,-0.0006450016
1783328400015,2026-07-06T09:00:00.015+00:00,xyz:SMSN,-0.0001961106,-0.0034377704
1783332000027,2026-07-06T10:00:00.027+00:00,xyz:SMSN,-0.0001499541,-0.0026992651
1783335600052,2026-07-06T11:00:00.052+00:00,xyz:SMSN,-0.0001349071,-0.0024585137
1783339200006,2026-07-06T12:00:00.006+00:00,xyz:SMSN,-0.0001943285,-0.0034092553
1783342800006,2026-07-06T13:00:00.006+00:00,xyz:SMSN,-3.63414e-05,-0.0008814623
1783346400030,2026-07-06T14:00:00.030+00:00,xyz:SMSN,6.25e-06,-4.31257e-05
1783350000126,2026-07-06T15:00:00.126+00:00,xyz:SMSN,7.77669e-05,0.0015442708
1783353600080,2026-07-06T16:00:00.080+00:00,xyz:SMSN,-8.8807e-05,-0.0017209113
1783357200022,2026-07-06T17:00:00.022+00:00,xyz:SMSN,0.0002392883,0.0041286121
1783360800024,2026-07-06T18:00:00.024+00:00,xyz:SMSN,-3.09304e-05,-0.0007948859
1783364400057,2026-07-06T19:00:00.057+00:00,xyz:SMSN,-6.35487e-05,-0.0013167793
1783368000066,2026-07-06T20:00:00.066+00:00,xyz:SMSN,0.0001461191,0.0026379051
1783371600039,2026-07-06T21:00:00.039+00:00,xyz:SMSN,0.000522587,0.0086613917
1783375200063,2026-07-06T22:00:00.063+00:00,xyz:SMSN,9.30976e-05,0.0017895622
1783378800027,2026-07-06T23:00:00.027+00:00,xyz:SMSN,-0.0006141381,-0.0101262104
1783382400045,2026-07-07T00:00:00.045+00:00,xyz:SMSN,6.9168e-06,0.0004106696
1783386000016,2026-07-07T01:00:00.016+00:00,xyz:SMSN,0.00015945,0.0028511997
1783389600038,2026-07-07T02:00:00.038+00:00,xyz:SMSN,0.0002853317,0.0048653071
1783393200016,2026-07-07T03:00:00.016+00:00,xyz:SMSN,0.0002325243,0.004020389
1783396800040,2026-07-07T04:00:00.040+00:00,xyz:SMSN,0.0002452495,0.0042239921
1783400400044,2026-07-07T05:00:00.044+00:00,xyz:SMSN,0.000241583,0.0041653272
1783404000057,2026-07-07T06:00:00.057+00:00,xyz:SMSN,0.0002137591,0.0037201449
1783407600030,2026-07-07T07:00:00.030+00:00,xyz:SMSN,0.0003951657,0.0066226509
1783411200059,2026-07-07T08:00:00.059+00:00,xyz:SMSN,0.0001701653,0.0030226444
1783414800050,2026-07-07T09:00:00.050+00:00,xyz:SMSN,9.17852e-05,0.0017685638
1783418400014,2026-07-07T10:00:00.014+00:00,xyz:SMSN,-1.97601e-05,-0.0006161612
1783422000093,2026-07-07T11:00:00.093+00:00,xyz:SMSN,5.45405e-05,0.0011726479
1783425600031,2026-07-07T12:00:00.031+00:00,xyz:SMSN,-7.79874e-05,-0.0015477979
1783429200060,2026-07-07T13:00:00.060+00:00,xyz:SMSN,0.0002001944,0.0035031107
1783432800064,2026-07-07T14:00:00.064+00:00,xyz:SMSN,-0.0001017687,-0.0019283
1783436400094,2026-07-07T15:00:00.094+00:00,xyz:SMSN,-0.0003938915,-0.0066022646
1783440000045,2026-07-07T16:00:00.045+00:00,xyz:SMSN,6.25e-06,-0.0001131352
1783443600069,2026-07-07T17:00:00.069+00:00,xyz:SMSN,0.0004776287,0.0079420597
1783447200007,2026-07-07T18:00:00.007+00:00,xyz:SMSN,0.0003875348,0.0065005566
1783450800045,2026-07-07T19:00:00.045+00:00,xyz:SMSN,-3.11859e-05,-0.0007989747
1783454400007,2026-07-07T20:00:00.007+00:00,xyz:SMSN,-0.00023658,-0.0040852806
1783458000010,2026-07-07T21:00:00.010+00:00,xyz:SMSN,0.0003047406,0.005175849
1783461600012,2026-07-07T22:00:00.012+00:00,xyz:SMSN,-0.0001673805,-0.0029780885
1783465200057,2026-07-07T23:00:00.057+00:00,xyz:SMSN,-0.0001276575,-0.0023425195
1783468800001,2026-07-08T00:00:00.001+00:00,xyz:SMSN,5.15276e-05,0.0011244413
1783472400064,2026-07-08T01:00:00.064+00:00,xyz:SMSN,0.0003509066,0.0059145062
1783476000004,2026-07-08T02:00:00.004+00:00,xyz:SMSN,0.0002415485,0.0041647756
1783479600071,2026-07-08T03:00:00.071+00:00,xyz:SMSN,0.0002673115,0.0045769832
1783483200037,2026-07-08T04:00:00.037+00:00,xyz:SMSN,0.0002965321,0.0050445129
1783486800031,2026-07-08T05:00:00.031+00:00,xyz:SMSN,0.0003085415,0.0052366635
1783490400060,2026-07-08T06:00:00.060+00:00,xyz:SMSN,0.0003125246,0.0053003935
1783494000053,2026-07-08T07:00:00.053+00:00,xyz:SMSN,9.73681e-05,0.0018578892
1783497600050,2026-07-08T08:00:00.050+00:00,xyz:SMSN,0.000322913,0.0054666073
1783501200088,2026-07-08T09:00:00.088+00:00,xyz:SMSN,0.0002305663,0.0039890609
1783504800012,2026-07-08T10:00:00.012+00:00,xyz:SMSN,0.0001841557,0.0032464909
1783508400026,2026-07-08T11:00:00.026+00:00,xyz:SMSN,0.0002436446,0.0041983138
1783512000007,2026-07-08T12:00:00.007+00:00,xyz:SMSN,0.0004065715,0.0068051447
1783515600036,2026-07-08T13:00:00.036+00:00,xyz:SMSN,0.0004540395,0.0075646316
1783519200017,2026-07-08T14:00:00.017+00:00,xyz:SMSN,0.0005393541,0.0089296658
1783522800041,2026-07-08T15:00:00.041+00:00,xyz:SMSN,0.00014056,0.0025489595
1783526400052,2026-07-08T16:00:00.052+00:00,xyz:SMSN,-0.0002767938,-0.0047287008
1783530000041,2026-07-08T17:00:00.041+00:00,xyz:SMSN,0.0003328302,0.0056252825
1783533600123,2026-07-08T18:00:00.123+00:00,xyz:SMSN,0.0004761929,0.0079190868
1783537200005,2026-07-08T19:00:00.005+00:00,xyz:SMSN,0.0001050157,0.0019802506
1783540800010,2026-07-08T20:00:00.010+00:00,xyz:SMSN,0.0005039041,0.0083624654
1783544400047,2026-07-08T21:00:00.047+00:00,xyz:SMSN,6.71953e-05,0.0013751248
1783548000056,2026-07-08T22:00:00.056+00:00,xyz:SMSN,8.6264e-05,0.0016802242
1783551600004,2026-07-08T23:00:00.004+00:00,xyz:SMSN,-4.25123e-05,-0.0009801976
1783555200002,2026-07-09T00:00:00.002+00:00,xyz:SMSN,0.0004596875,0.0076549995
1783558800031,2026-07-09T01:00:00.031+00:00,xyz:SMSN,0.0002326103,0.0040217642
1783562400080,2026-07-09T02:00:00.080+00:00,xyz:SMSN,0.0002427644,0.0041842311
1783566000095,2026-07-09T03:00:00.095+00:00,xyz:SMSN,0.0002873804,0.0048980867
1783569600024,2026-07-09T04:00:00.024+00:00,xyz:SMSN,0.0002405519,0.0041488304
1783573200045,2026-07-09T05:00:00.045+00:00,xyz:SMSN,0.0002264675,0.0039234802
1783576800066,2026-07-09T06:00:00.066+00:00,xyz:SMSN,0.0002709117,0.0046345871
1783580400047,2026-07-09T07:00:00.047+00:00,xyz:SMSN,0.0001990272,0.0034844351
1783584000032,2026-07-09T08:00:00.032+00:00,xyz:SMSN,6.25e-06,9.63077e-05
1783587600034,2026-07-09T09:00:00.034+00:00,xyz:SMSN,3.62761e-05,0.0008804173
1783591200040,2026-07-09T10:00:00.040+00:00,xyz:SMSN,6.2165e-05,0.0012946403
1783594800063,2026-07-09T11:00:00.063+00:00,xyz:SMSN,8.83859e-05,0.001714175
1783598400002,2026-07-09T12:00:00.002+00:00,xyz:SMSN,0.0003905385,0.0065486155
1783602000000,2026-07-09T13:00:00.000+00:00,xyz:SMSN,0.0003659989,0.0061559829
1783605600059,2026-07-09T14:00:00.059+00:00,xyz:SMSN,0.0006163582,0.0101617319
1783609200019,2026-07-09T15:00:00.019+00:00,xyz:SMSN,6.25e-06,-1.69884e-05
1783612800068,2026-07-09T16:00:00.068+00:00,xyz:SMSN,5.30943e-05,0.0011495089
1783616400028,2026-07-09T17:00:00.028+00:00,xyz:SMSN,-0.0001105143,-0.002068229
1783620000034,2026-07-09T18:00:00.034+00:00,xyz:SMSN,0.0001598359,0.0028573746
1783623600065,2026-07-09T19:00:00.065+00:00,xyz:SMSN,6.25e-06,-0.0001610415
1783627200026,2026-07-09T20:00:00.026+00:00,xyz:SMSN,-0.0002789543,-0.0047632694
1783630800018,2026-07-09T21:00:00.018+00:00,xyz:SMSN,-1.37303e-05,-0.0005196853
1783634400018,2026-07-09T22:00:00.018+00:00,xyz:SMSN,6.25e-06,0.0003025768
1783638000113,2026-07-09T23:00:00.113+00:00,xyz:SMSN,0.0002303243,0.0039851889
1783641600078,2026-07-10T00:00:00.078+00:00,xyz:SMSN,0.0003514044,0.0059224697
1783645200006,2026-07-10T01:00:00.006+00:00,xyz:SMSN,0.0002852803,0.0048644846
1783648800014,2026-07-10T02:00:00.014+00:00,xyz:SMSN,0.0003089918,0.0052438694
1783652400026,2026-07-10T03:00:00.026+00:00,xyz:SMSN,0.0002439658,0.0042034523
1783656000004,2026-07-10T04:00:00.004+00:00,xyz:SMSN,0.0001683242,0.0029931865
1783659600103,2026-07-10T05:00:00.103+00:00,xyz:SMSN,6.25e-06,0.0003131658
1783663200056,2026-07-10T06:00:00.056+00:00,xyz:SMSN,6.25e-06,-2.43029e-05
1783666800075,2026-07-10T07:00:00.075+00:00,xyz:SMSN,-5.18603e-05,-0.0011297654
1783670400011,2026-07-10T08:00:00.011+00:00,xyz:SMSN,-8.97233e-05,-0.0017355728
1783674000001,2026-07-10T09:00:00.001+00:00,xyz:SMSN,-0.0001259449,-0.0023151186
1783677600010,2026-07-10T10:00:00.010+00:00,xyz:SMSN,-0.0001190536,-0.0022048572
1783681200063,2026-07-10T11:00:00.063+00:00,xyz:SMSN,-5.1557e-05,-0.0011249112
1783684800048,2026-07-10T12:00:00.048+00:00,xyz:SMSN,-5.39612e-05,-0.0011633787
1783688400040,2026-07-10T13:00:00.040+00:00,xyz:SMSN,-0.0001175458,-0.0021807325
1783692000038,2026-07-10T14:00:00.038+00:00,xyz:SMSN,-0.0003706965,-0.0062311435
1783695600058,2026-07-10T15:00:00.058+00:00,xyz:SMSN,0.0002397678,0.0041362846
1783699200002,2026-07-10T16:00:00.002+00:00,xyz:SMSN,1.39351e-05,0.0005229621
1783702800023,2026-07-10T17:00:00.023+00:00,xyz:SMSN,0.0003756974,0.0063111586
1783706400023,2026-07-10T18:00:00.023+00:00,xyz:SMSN,6.25e-06,0.0003460598
1783710000029,2026-07-10T19:00:00.029+00:00,xyz:SMSN,-1.30264e-05,-0.0005084224
1783713600039,2026-07-10T20:00:00.039+00:00,xyz:SMSN,-3.15077e-05,-0.0008041226
1783717200032,2026-07-10T21:00:00.032+00:00,xyz:SMSN,2.4665e-05,0.0006946401
1783720800008,2026-07-10T22:00:00.008+00:00,xyz:SMSN,6.25e-06,-0.0001900611
1783724400054,2026-07-10T23:00:00.054+00:00,xyz:SMSN,-2.84869e-05,-0.0007557905
1783728000046,2026-07-11T00:00:00.046+00:00,xyz:SMSN,6.25e-06,5.9445e-06
1783731600003,2026-07-11T01:00:00.003+00:00,xyz:SMSN,-1.87977e-05,-0.0006007639
1783735200086,2026-07-11T02:00:00.086+00:00,xyz:SMSN,-2.40769e-05,-0.0006852299
1783738800061,2026-07-11T03:00:00.061+00:00,xyz:SMSN,6.30132e-05,0.0013082114
1783742400000,2026-07-11T04:00:00.000+00:00,xyz:SMSN,6.25e-06,0.0003094699
1783746000014,2026-07-11T05:00:00.014+00:00,xyz:SMSN,-2.66734e-05,-0.0007267749
1783749600004,2026-07-11T06:00:00.004+00:00,xyz:SMSN,6.25e-06,1.48103e-05
1783753200002,2026-07-11T07:00:00.002+00:00,xyz:SMSN,4.85916e-05,0.0010774649
1783756800047,2026-07-11T08:00:00.047+00:00,xyz:SMSN,6.25e-06,0.0001904265
1783760400015,2026-07-11T09:00:00.015+00:00,xyz:SMSN,6.25e-06,-0.0001425391
1783764000064,2026-07-11T10:00:00.064+00:00,xyz:SMSN,6.25e-06,0.0002834317
1783767600007,2026-07-11T11:00:00.007+00:00,xyz:SMSN,6.25e-06,0.0003132523
1783771200045,2026-07-11T12:00:00.045+00:00,xyz:SMSN,6.25e-06,0.0003523484
1783774800057,2026-07-11T13:00:00.057+00:00,xyz:SMSN,1.56668e-05,0.0005506695
1783778400068,2026-07-11T14:00:00.068+00:00,xyz:SMSN,-3.4956e-06,-0.0003559301
1783782000046,2026-07-11T15:00:00.046+00:00,xyz:SMSN,-5.4424e-05,-0.0011707844
1783785600012,2026-07-11T16:00:00.012+00:00,xyz:SMSN,-1.37915e-05,-0.0005206641
1783789200042,2026-07-11T17:00:00.042+00:00,xyz:SMSN,6.503e-06,0.0004040485
1783792800014,2026-07-11T18:00:00.014+00:00,xyz:SMSN,6.66249e-05,0.0013659991
1783796400040,2026-07-11T19:00:00.040+00:00,xyz:SMSN,6.25e-06,-1.97477e-05
1783800000027,2026-07-11T20:00:00.027+00:00,xyz:SMSN,2.90943e-05,0.0007655085
1783803600018,2026-07-11T21:00:00.018+00:00,xyz:SMSN,1.24995e-05,0.0004999922
1783807200055,2026-07-11T22:00:00.055+00:00,xyz:SMSN,-1.8745e-06,-0.0003299913
1783810800000,2026-07-11T23:00:00.000+00:00,xyz:SMSN,-6.17786e-05,-0.0012884583
1783814400016,2026-07-12T00:00:00.016+00:00,xyz:SMSN,-0.0001519348,-0.0027309567
1783818000039,2026-07-12T01:00:00.039+00:00,xyz:SMSN,6.0656e-06,-0.0002029497
1783821600006,2026-07-12T02:00:00.006+00:00,xyz:SMSN,-4.87271e-05,-0.0010796336
1783825200028,2026-07-12T03:00:00.028+00:00,xyz:SMSN,-2.8066e-05,-0.000749056
1783828800023,2026-07-12T04:00:00.023+00:00,xyz:SMSN,8.92306e-05,0.0017276889
1783832400029,2026-07-12T05:00:00.029+00:00,xyz:SMSN,6.25e-06,0.0002948691
1783836000033,2026-07-12T06:00:00.033+00:00,xyz:SMSN,-1.59809e-05,-0.0005556943
1783839600036,2026-07-12T07:00:00.036+00:00,xyz:SMSN,-4.3767e-05,-0.0010002719
1783843200016,2026-07-12T08:00:00.016+00:00,xyz:SMSN,6.25e-06,0.00021428
1783846800011,2026-07-12T09:00:00.011+00:00,xyz:SMSN,2.66015e-05,0.0007256239
1783850400018,2026-07-12T10:00:00.018+00:00,xyz:SMSN,6.86914e-05,0.0013990626
1783854000026,2026-07-12T11:00:00.026+00:00,xyz:SMSN,1.24081e-05,0.0004985295
1783857600051,2026-07-12T12:00:00.051+00:00,xyz:SMSN,6.58854e-05,0.0013541665
1783861200002,2026-07-12T13:00:00.002+00:00,xyz:SMSN,-1.74209e-05,-0.0005787343
1783864800005,2026-07-12T14:00:00.005+00:00,xyz:SMSN,-4.342e-06,-0.000369472
1783868400049,2026-07-12T15:00:00.049+00:00,xyz:SMSN,6.25e-06,-7.73393e-05
1783872000038,2026-07-12T16:00:00.038+00:00,xyz:SMSN,3.7085e-06,-0.0002406645
1783875600033,2026-07-12T17:00:00.033+00:00,xyz:SMSN,2.89515e-05,0.0007632238
1783879200074,2026-07-12T18:00:00.074+00:00,xyz:SMSN,6.25e-06,-7.4021e-05
1783882800028,2026-07-12T19:00:00.028+00:00,xyz:SMSN,1.54937e-05,0.0005478992
1783886400131,2026-07-12T20:00:00.131+00:00,xyz:SMSN,8.28687e-05,0.0016258991
1783890000020,2026-07-12T21:00:00.020+00:00,xyz:SMSN,6.25e-06,0.0002952698
1783893600022,2026-07-12T22:00:00.022+00:00,xyz:SMSN,-6.72691e-05,-0.0013763051
1783897200070,2026-07-12T23:00:00.070+00:00,xyz:SMSN,-0.0002210531,-0.0038368504
1783900800059,2026-07-13T00:00:00.059+00:00,xyz:SMSN,-0.000256072,-0.0043971527
1783904400019,2026-07-13T01:00:00.019+00:00,xyz:SMSN,-2.51481e-05,-0.0007023696
1783908000075,2026-07-13T02:00:00.075+00:00,xyz:SMSN,0.0001890705,0.003325128
1783911600046,2026-07-13T03:00:00.046+00:00,xyz:SMSN,0.000300936,0.0051149766
1783915200053,2026-07-13T04:00:00.053+00:00,xyz:SMSN,0.000377554,0.0063408644
1783918800041,2026-07-13T05:00:00.041+00:00,xyz:SMSN,0.0003997456,0.00669593
1783922400026,2026-07-13T06:00:00.026+00:00,xyz:SMSN,0.0003214223,0.0054427574
1783926000058,2026-07-13T07:00:00.058+00:00,xyz:SMSN,0.0003085517,0.0052368276
1783929600019,2026-07-13T08:00:00.019+00:00,xyz:SMSN,0.0002814576,0.0048033222
1783933200001,2026-07-13T09:00:00.001+00:00,xyz:SMSN,0.0003694903,0.0062118452
1783936800032,2026-07-13T10:00:00.032+00:00,xyz:SMSN,9.3047e-05,0.0017887512
1783940400001,2026-07-13T11:00:00.001+00:00,xyz:SMSN,0.0001474408,0.0026590536
1783944000048,2026-07-13T12:00:00.048+00:00,xyz:SMSN,0.0001136279,0.002118046
1783947600014,2026-07-13T13:00:00.014+00:00,xyz:SMSN,-5.75986e-05,-0.0012215773
1783951200010,2026-07-13T14:00:00.010+00:00,xyz:SMSN,0.0001097563,0.002056101
1783954800082,2026-07-13T15:00:00.082+00:00,xyz:SMSN,0.0003330361,0.0056285768
1783958400032,2026-07-13T16:00:00.032+00:00,xyz:SMSN,5.53564e-05,0.0011857024
1783962000052,2026-07-13T17:00:00.052+00:00,xyz:SMSN,-0.0003786673,-0.0063586762
1783965600052,2026-07-13T18:00:00.052+00:00,xyz:SMSN,-0.0002097416,-0.0036558662
1783969200116,2026-07-13T19:00:00.116+00:00,xyz:SMSN,-0.00016658,-0.0029652806
1783972800071,2026-07-13T20:00:00.071+00:00,xyz:SMSN,-3.583e-07,-0.0003057323
1783976400041,2026-07-13T21:00:00.041+00:00,xyz:SMSN,-5.78545e-05,-0.0012256715
1783980000060,2026-07-13T22:00:00.060+00:00,xyz:SMSN,-5.30572e-05,-0.0011489157
1783983600021,2026-07-13T23:00:00.021+00:00,xyz:SMSN,-0.0001471543,-0.0026544682
1783987200011,2026-07-14T00:00:00.011+00:00,xyz:SMSN,0.0007240438,0.0118847008
1783990800018,2026-07-14T01:00:00.018+00:00,xyz:SMSN,0.0002703569,0.0046257107
1783994400032,2026-07-14T02:00:00.032+00:00,xyz:SMSN,0.0001644449,0.0029311188
1783998000017,2026-07-14T03:00:00.017+00:00,xyz:SMSN,0.0001368079,0.0024889256
1784001600061,2026-07-14T04:00:00.061+00:00,xyz:SMSN,8.83087e-05,0.0017129386
1784005200064,2026-07-14T05:00:00.064+00:00,xyz:SMSN,2.31761e-05,0.0006708177
1784008800074,2026-07-14T06:00:00.074+00:00,xyz:SMSN,9.29627e-05,0.0017874038
1784012400044,2026-07-14T07:00:00.044+00:00,xyz:SMSN,5.855e-06,-0.0002063195
1784016000009,2026-07-14T08:00:00.009+00:00,xyz:SMSN,4.18178e-05,0.0009690849
1784019600061,2026-07-14T09:00:00.061+00:00,xyz:SMSN,-5.41392e-05,-0.0011662269
1784023200113,2026-07-14T10:00:00.113+00:00,xyz:SMSN,-0.0001330126,-0.0024282014
1784026800030,2026-07-14T11:00:00.030+00:00,xyz:SMSN,-0.0002445135,-0.0042122165
1784030400008,2026-07-14T12:00:00.008+00:00,xyz:SMSN,5.67287e-05,0.0012076589
1784034000028,2026-07-14T13:00:00.028+00:00,xyz:SMSN,0.0003336689,0.0056387019
1784037600012,2026-07-14T14:00:00.012+00:00,xyz:SMSN,0.0003471158,0.0058538529
1784041200038,2026-07-14T15:00:00.038+00:00,xyz:SMSN,7.1512e-06,0.0004144191
1784044800005,2026-07-14T16:00:00.005+00:00,xyz:SMSN,0.0003220277,0.0054524424
1784048400042,2026-07-14T17:00:00.042+00:00,xyz:SMSN,0.0001889454,0.0033231271
1784052000013,2026-07-14T18:00:00.013+00:00,xyz:SMSN,-2.38953e-05,-0.0006823256
1784055600021,2026-07-14T19:00:00.021+00:00,xyz:SMSN,-6.34967e-05,-0.0013159465
1784059200027,2026-07-14T20:00:00.027+00:00,xyz:SMSN,-7.36601e-05,-0.0014785611
1784062800003,2026-07-14T21:00:00.003+00:00,xyz:SMSN,0.0002269816,0.003931706
1784066400007,2026-07-14T22:00:00.007+00:00,xyz:SMSN,7.72913e-05,0.0015366611
1784070000049,2026-07-14T23:00:00.049+00:00,xyz:SMSN,-7.31412e-05,-0.0014702596
1784073600046,2026-07-15T00:00:00.046+00:00,xyz:SMSN,0.0001421392,0.0025742273
1784077200032,2026-07-15T01:00:00.032+00:00,xyz:SMSN,6.25e-06,0.0002800883
1784080800028,2026-07-15T02:00:00.028+00:00,xyz:SMSN,1.22892e-05,0.0004966274
1784084400041,2026-07-15T03:00:00.041+00:00,xyz:SMSN,1.33149e-05,0.000513038
1784088000005,2026-07-15T04:00:00.005+00:00,xyz:SMSN,2.10868e-05,0.0006373894
1784091600066,2026-07-15T05:00:00.066+00:00,xyz:SMSN,6.25e-06,0.0001179849
1784095200025,2026-07-15T06:00:00.025+00:00,xyz:SMSN,6.25e-06,3.31431e-05
1784098800039,2026-07-15T07:00:00.039+00:00,xyz:SMSN,-4.83934e-05,-0.0010742941
1784102400024,2026-07-15T08:00:00.024+00:00,xyz:SMSN,-0.000172923,-0.003066768
1784106000018,2026-07-15T09:00:00.018+00:00,xyz:SMSN,-0.0001784321,-0.003154914
1784109600013,2026-07-15T10:00:00.013+00:00,xyz:SMSN,-0.000107445,-0.0020191208
1784113200002,2026-07-15T11:00:00.002+00:00,xyz:SMSN,-8.5571e-06,-0.0004369135
1784116800055,2026-07-15T12:00:00.055+00:00,xyz:SMSN,-1.90349e-05,-0.0006045585
1784120400042,2026-07-15T13:00:00.042+00:00,xyz:SMSN,4.33755e-05,0.0009940085
1784124000050,2026-07-15T14:00:00.050+00:00,xyz:SMSN,-0.0003509212,-0.005914739
1784127600004,2026-07-15T15:00:00.004+00:00,xyz:SMSN,-0.0010089907,-0.0164438519
1784131200009,2026-07-15T16:00:00.009+00:00,xyz:SMSN,-0.0003501067,-0.0059017074
1784134800031,2026-07-15T17:00:00.031+00:00,xyz:SMSN,-0.0005197576,-0.0086161224
1784138400023,2026-07-15T18:00:00.023+00:00,xyz:SMSN,0.0005355243,0.0088683891
1784142000063,2026-07-15T19:00:00.063+00:00,xyz:SMSN,0.0003774711,0.0063395374
1784145600068,2026-07-15T20:00:00.068+00:00,xyz:SMSN,5.87912e-05,0.0012406586
1784149200027,2026-07-15T21:00:00.027+00:00,xyz:SMSN,4.29372e-05,0.000986995
1784152800016,2026-07-15T22:00:00.016+00:00,xyz:SMSN,-0.0001241536,-0.002286457
1784156400034,2026-07-15T23:00:00.034+00:00,xyz:SMSN,-0.0001630046,-0.0029080733
1784160000034,2026-07-16T00:00:00.034+00:00,xyz:SMSN,-0.0003432428,-0.0057918843
1784163600054,2026-07-16T01:00:00.054+00:00,xyz:SMSN,6.25e-06,0.000244684
1784167200027,2026-07-16T02:00:00.027+00:00,xyz:SMSN,6.25e-06,0.0002491093
1784170800033,2026-07-16T03:00:00.033+00:00,xyz:SMSN,0.0001060518,0.0019968282
1784174400056,2026-07-16T04:00:00.056+00:00,xyz:SMSN,5.73986e-05,0.0012183776
1784178000122,2026-07-16T05:00:00.122+00:00,xyz:SMSN,7.88044e-05,0.0015608698
1784181600066,2026-07-16T06:00:00.066+00:00,xyz:SMSN,0.000128315,0.0023530394
1784185200042,2026-07-16T07:00:00.042+00:00,xyz:SMSN,0.0001328769,0.00242603
1784188800015,2026-07-16T08:00:00.015+00:00,xyz:SMSN,6.25e-06,-4.85535e-05
1784192400017,2026-07-16T09:00:00.017+00:00,xyz:SMSN,-7.36552e-05,-0.0014784832
1784196000008,2026-07-16T10:00:00.008+00:00,xyz:SMSN,-4.53589e-05,-0.0010257425
1784199600020,2026-07-16T11:00:00.020+00:00,xyz:SMSN,-9.01645e-05,-0.0017426318
1784203200028,2026-07-16T12:00:00.028+00:00,xyz:SMSN,-0.0002899386,-0.0049390175
1784206800050,2026-07-16T13:00:00.050+00:00,xyz:SMSN,-0.0002066809,-0.0036068943
1784210400054,2026-07-16T14:00:00.054+00:00,xyz:SMSN,-1.56543e-05,-0.0005504683
1784214000016,2026-07-16T15:00:00.016+00:00,xyz:SMSN,4.1339e-05,0.0009614241
1784217600041,2026-07-16T16:00:00.041+00:00,xyz:SMSN,-5.37539e-05,-0.001160063
1784221200000,2026-07-16T17:00:00.000+00:00,xyz:SMSN,-0.0001916639,-0.003366622
1784224800011,2026-07-16T18:00:00.011+00:00,xyz:SMSN,-0.0002890216,-0.0049243463
1784228400031,2026-07-16T19:00:00.031+00:00,xyz:SMSN,-1.06486e-05,-0.0004703769
1784232000030,2026-07-16T20:00:00.030+00:00,xyz:SMSN,-0.0001354092,-0.0024665469
1784235600011,2026-07-16T21:00:00.011+00:00,xyz:SMSN,5.74411e-05,0.001219058
1784239200008,2026-07-16T22:00:00.008+00:00,xyz:SMSN,4.15817e-05,0.0009653076
1784242800017,2026-07-16T23:00:00.017+00:00,xyz:SMSN,-0.0002648655,-0.0045378481
1784246400018,2026-07-17T00:00:00.018+00:00,xyz:SMSN,-4.43589e-05,-0.0010097432
1784250000021,2026-07-17T01:00:00.021+00:00,xyz:SMSN,2.57369e-05,0.0007117908
1784253600001,2026-07-17T02:00:00.001+00:00,xyz:SMSN,-0.0002387993,-0.0041207892
1784257200017,2026-07-17T03:00:00.017+00:00,xyz:SMSN,-0.0006735413,-0.0110766612
1784260800041,2026-07-17T04:00:00.041+00:00,xyz:SMSN,2.06296e-05,0.0006300742
1784264400052,2026-07-17T05:00:00.052+00:00,xyz:SMSN,-0.0001119825,-0.0020917205
1784268000032,2026-07-17T06:00:00.032+00:00,xyz:SMSN,-0.0004151116,-0.0069417853
1784271600072,2026-07-17T07:00:00.072+00:00,xyz:SMSN,-0.0001663644,-0.0029618302
1784275200065,2026-07-17T08:00:00.065+00:00,xyz:SMSN,0.0001995478,0.0034927648
1784278800031,2026-07-17T09:00:00.031+00:00,xyz:SMSN,-9.75712e-05,-0.0018611396
1784282400070,2026-07-17T10:00:00.070+00:00,xyz:SMSN,0.000268108,0.0045897287
1784286000020,2026-07-17T11:00:00.020+00:00,xyz:SMSN,0.0006165774,0.0101652384
1784289600011,2026-07-17T12:00:00.011+00:00,xyz:SMSN,3.35689e-05,0.0008371021
1784293200060,2026-07-17T13:00:00.060+00:00,xyz:SMSN,-0.0001922674,-0.0033762776
1784296800111,2026-07-17T14:00:00.111+00:00,xyz:SMSN,-0.0002725961,-0.0046615369
1784300400050,2026-07-17T15:00:00.050+00:00,xyz:SMSN,0.0014745119,0.0238921899
1784304000048,2026-07-17T16:00:00.048+00:00,xyz:SMSN,0.0006056542,0.0099904666
1784307600062,2026-07-17T17:00:00.062+00:00,xyz:SMSN,0.0006153672,0.0101458758
1784311200022,2026-07-17T18:00:00.022+00:00,xyz:SMSN,0.0003074039,0.0052184627
1784314800025,2026-07-17T19:00:00.025+00:00,xyz:SMSN,-0.0003246583,-0.0054945323
1784318400039,2026-07-17T20:00:00.039+00:00,xyz:SMSN,-0.0002581457,-0.0044303308
1784322000065,2026-07-17T21:00:00.065+00:00,xyz:SMSN,-0.0005628333,-0.0093053333
1784325600069,2026-07-17T22:00:00.069+00:00,xyz:SMSN,-0.0001505594,-0.0027089502
1784329200041,2026-07-17T23:00:00.041+00:00,xyz:SMSN,6.25e-06,-0.0001313476
1784332800082,2026-07-18T00:00:00.082+00:00,xyz:SMSN,4.56955e-05,0.0010311287
1784336400081,2026-07-18T01:00:00.081+00:00,xyz:SMSN,0.0001529708,0.0027475331
1784340000013,2026-07-18T02:00:00.013+00:00,xyz:SMSN,0.000114019,0.0021243037
1784343600008,2026-07-18T03:00:00.008+00:00,xyz:SMSN,2.78445e-05,0.0007455115
1784347200021,2026-07-18T04:00:00.021+00:00,xyz:SMSN,1.49449e-05,0.0005391181
1784350800016,2026-07-18T05:00:00.016+00:00,xyz:SMSN,6.25e-06,-0.0001366615
1784354400028,2026-07-18T06:00:00.028+00:00,xyz:SMSN,-2.04732e-05,-0.0006275715
1784358000025,2026-07-18T07:00:00.025+00:00,xyz:SMSN,-8.62932e-05,-0.0016806915
1784361600019,2026-07-18T08:00:00.019+00:00,xyz:SMSN,8.15e-08,-0.0002986953
1784365200040,2026-07-18T09:00:00.040+00:00,xyz:SMSN,-1.15373e-05,-0.0004845965
1784368800020,2026-07-18T10:00:00.020+00:00,xyz:SMSN,-6.53912e-05,-0.0013462597
1784372400039,2026-07-18T11:00:00.039+00:00,xyz:SMSN,-6.643e-07,-0.0003106296
1784376000044,2026-07-18T12:00:00.044+00:00,xyz:SMSN,-0.000111953,-0.0020912476
1784379600006,2026-07-18T13:00:00.006+00:00,xyz:SMSN,-0.0002518531,-0.0043296499
1784383200061,2026-07-18T14:00:00.061+00:00,xyz:SMSN,4.7694e-05,0.0010631038
1784386800024,2026-07-18T15:00:00.024+00:00,xyz:SMSN,6.25e-06,-0.0001589376
1784390400043,2026-07-18T16:00:00.043+00:00,xyz:SMSN,-4.67723e-05,-0.001048356
1784394000035,2026-07-18T17:00:00.035+00:00,xyz:SMSN,-6.95353e-05,-0.0014125641
1784397600031,2026-07-18T18:00:00.031+00:00,xyz:SMSN,-6.6926e-05,-0.0013708154
1784401200033,2026-07-18T19:00:00.033+00:00,xyz:SMSN,-9.9575e-06,-0.0004593197
1784404800016,2026-07-18T20:00:00.016+00:00,xyz:SMSN,-9.1206e-06,-0.0004459303
1784408400006,2026-07-18T21:00:00.006+00:00,xyz:SMSN,6.25e-06,-3.3651e-05
1784412000011,2026-07-18T22:00:00.011+00:00,xyz:SMSN,1.49488e-05,0.0005391813
1784415600009,2026-07-18T23:00:00.009+00:00,xyz:SMSN,6.25e-06,-2.40735e-05
1784419200030,2026-07-19T00:00:00.030+00:00,xyz:SMSN,6.25e-06,8.90984e-05
1784422800044,2026-07-19T01:00:00.044+00:00,xyz:SMSN,4.90648e-05,0.0010850369
1784426400055,2026-07-19T02:00:00.055+00:00,xyz:SMSN,0.0001076482,0.0020223717
1784430000022,2026-07-19T03:00:00.022+00:00,xyz:SMSN,5.50085e-05,0.0011801355
1784433600031,2026-07-19T04:00:00.031+00:00,xyz:SMSN,6.25e-06,0.0001180092
1784437200043,2026-07-19T05:00:00.043+00:00,xyz:SMSN,0.0001262206,0.0023195294
1784440800032,2026-07-19T06:00:00.032+00:00,xyz:SMSN,2.25514e-05,0.0006608222
1784444400047,2026-07-19T07:00:00.047+00:00,xyz:SMSN,6.07508e-05,0.0012720121
1784448000093,2026-07-19T08:00:00.093+00:00,xyz:SMSN,6.36593e-05,0.0013185482
1784451600026,2026-07-19T09:00:00.026+00:00,xyz:SMSN,0.0001507785,0.0027124559
1784455200030,2026-07-19T10:00:00.030+00:00,xyz:SMSN,-4.80901e-05,-0.0010694424
1784458800033,2026-07-19T11:00:00.033+00:00,xyz:SMSN,-0.0001304288,-0.0023868613
1784462400037,2026-07-19T12:00:00.037+00:00,xyz:SMSN,-7.0708e-05,-0.0014313276
1784466000014,2026-07-19T13:00:00.014+00:00,xyz:SMSN,6.25e-06,-7.84373e-05
1784469600135,2026-07-19T14:00:00.135+00:00,xyz:SMSN,9.13535e-05,0.0017616556
1784473200019,2026-07-19T15:00:00.019+00:00,xyz:SMSN,6.2262e-06,-0.0002003813
1784476800007,2026-07-19T16:00:00.007+00:00,xyz:SMSN,-9.74447e-05,-0.0018591148
1784480400043,2026-07-19T17:00:00.043+00:00,xyz:SMSN,-0.0001438172,-0.0026010757
1784484000049,2026-07-19T18:00:00.049+00:00,xyz:SMSN,0.000106618,0.0020058876
1784487600049,2026-07-19T19:00:00.049+00:00,xyz:SMSN,5.9807e-06,-0.0002043094
1784491200010,2026-07-19T20:00:00.010+00:00,xyz:SMSN,7.64175e-05,0.0015226806
1784494800026,2026-07-19T21:00:00.026+00:00,xyz:SMSN,-1.01689e-05,-0.0004627027
1784498400049,2026-07-19T22:00:00.049+00:00,xyz:SMSN,6.25e-06,-5.63074e-05
1784502000014,2026-07-19T23:00:00.014+00:00,xyz:SMSN,6.25e-06,0.0002297665
1784505600034,2026-07-20T00:00:00.034+00:00,xyz:SMSN,0.0004035344,0.0067565496
1784509200063,2026-07-20T01:00:00.063+00:00,xyz:SMSN,0.000161827,0.002889232
1784512800052,2026-07-20T02:00:00.052+00:00,xyz:SMSN,9.01586e-05,0.0017425368
1784516400046,2026-07-20T03:00:00.046+00:00,xyz:SMSN,0.0001247745,0.0022963913
1784520000011,2026-07-20T04:00:00.011+00:00,xyz:SMSN,0.000142216,0.0025754562
1784523600027,2026-07-20T05:00:00.027+00:00,xyz:SMSN,8.85987e-05,0.0017175784
1784527200047,2026-07-20T06:00:00.047+00:00,xyz:SMSN,9.66656e-05,0.0018466502
1784530800008,2026-07-20T07:00:00.008+00:00,xyz:SMSN,-1.00125e-05,-0.0004602006
1784534400058,2026-07-20T08:00:00.058+00:00,xyz:SMSN,0.0001572675,0.00281628
1784538000029,2026-07-20T09:00:00.029+00:00,xyz:SMSN,0.0001061057,0.001997691
1784541600029,2026-07-20T10:00:00.029+00:00,xyz:SMSN,6.25e-06,9.97757e-05
1784545200000,2026-07-20T11:00:00.000+00:00,xyz:SMSN,6.25e-06,0.0002788414
1784548800000,2026-07-20T12:00:00.000+00:00,xyz:SMSN,0.0002128242,0.0037051868
1784552400047,2026-07-20T13:00:00.047+00:00,xyz:SMSN,-0.0001221258,-0.0022540129
1784556000049,2026-07-20T14:00:00.049+00:00,xyz:SMSN,7.745e-05,0.0015392002
1784559600053,2026-07-20T15:00:00.053+00:00,xyz:SMSN,-0.0002247858,-0.0038965732
1784563200104,2026-07-20T16:00:00.104+00:00,xyz:SMSN,0.0001264823,0.0023237165
1784566800046,2026-07-20T17:00:00.046+00:00,xyz:SMSN,3.89939e-05,0.000923903
1784570400027,2026-07-20T18:00:00.027+00:00,xyz:SMSN,-2.5358e-05,-0.0007057287
1784574000035,2026-07-20T19:00:00.035+00:00,xyz:SMSN,-0.0001305941,-0.0023895051
1784577600008,2026-07-20T20:00:00.008+00:00,xyz:SMSN,-0.0001174273,-0.002178837
1784581200006,2026-07-20T21:00:00.006+00:00,xyz:SMSN,-8.29565e-05,-0.0016273037
1784584800003,2026-07-20T22:00:00.003+00:00,xyz:SMSN,6.25e-06,0.0003473789
1784588400048,2026-07-20T23:00:00.048+00:00,xyz:SMSN,-0.0001349284,-0.0024588551
1784592000040,2026-07-21T00:00:00.040+00:00,xyz:SMSN,0.0001964192,0.0034427075
1784595600005,2026-07-21T01:00:00.005+00:00,xyz:SMSN,9.55841e-05,0.0018293455
1784599200036,2026-07-21T02:00:00.036+00:00,xyz:SMSN,8.88752e-05,0.0017220035
1784602800030,2026-07-21T03:00:00.030+00:00,xyz:SMSN,0.0001489691,0.0026835051
1784606400001,2026-07-21T04:00:00.001+00:00,xyz:SMSN,9.83261e-05,0.001873218
1784610000004,2026-07-21T05:00:00.004+00:00,xyz:SMSN,0.0001072034,0.0020152542
1784613600043,2026-07-21T06:00:00.043+00:00,xyz:SMSN,5.89585e-05,0.0012433366
1784617200034,2026-07-21T07:00:00.034+00:00,xyz:SMSN,4.91765e-05,0.0010868233
1784620800035,2026-07-21T08:00:00.035+00:00,xyz:SMSN,0.0001634144,0.0029146299
1784624400044,2026-07-21T09:00:00.044+00:00,xyz:SMSN,0.0001615553,0.0028848843
1784628000032,2026-07-21T10:00:00.032+00:00,xyz:SMSN,0.0001438905,0.0026022488
1784631600043,2026-07-21T11:00:00.043+00:00,xyz:SMSN,0.0001047841,0.0019765452
1784635200029,2026-07-21T12:00:00.029+00:00,xyz:SMSN,0.0001017456,0.0019279296
1784638800025,2026-07-21T13:00:00.025+00:00,xyz:SMSN,-2.7573e-06,-0.0003441168
1784642400062,2026-07-21T14:00:00.062+00:00,xyz:SMSN,5.65468e-05,0.001204749
1784646000021,2026-07-21T15:00:00.021+00:00,xyz:SMSN,0.0001414128,0.0025626042
1784649600022,2026-07-21T16:00:00.022+00:00,xyz:SMSN,0.0003609607,0.0060753706
1784653200028,2026-07-21T17:00:00.028+00:00,xyz:SMSN,0.0003866266,0.0064860259
1784656800028,2026-07-21T18:00:00.028+00:00,xyz:SMSN,1.5807e-05,0.0005529122
1784660400068,2026-07-21T19:00:00.068+00:00,xyz:SMSN,-8.83914e-05,-0.0017142617
1784664000059,2026-07-21T20:00:00.059+00:00,xyz:SMSN,-8.3901e-05,-0.0016424164
1784667600047,2026-07-21T21:00:00.047+00:00,xyz:SMSN,9.99505e-05,0.0018992075
1784671200051,2026-07-21T22:00:00.051+00:00,xyz:SMSN,0.0001856339,0.0032701424
1784674800023,2026-07-21T23:00:00.023+00:00,xyz:SMSN,-2.72864e-05,-0.000736583
1784678400025,2026-07-22T00:00:00.025+00:00,xyz:SMSN,0.0001830552,0.0032288833
1784682000013,2026-07-22T01:00:00.013+00:00,xyz:SMSN,2.27722e-05,0.0006643547
1784685600091,2026-07-22T02:00:00.091+00:00,xyz:SMSN,2.56527e-05,0.0007104436
1784689200043,2026-07-22T03:00:00.043+00:00,xyz:SMSN,4.23573e-05,0.0009777168
1784692800052,2026-07-22T04:00:00.052+00:00,xyz:SMSN,2.85427e-05,0.0007566836
1784696400087,2026-07-22T05:00:00.087+00:00,xyz:SMSN,5.31279e-05,0.001150046
1784700000048,2026-07-22T06:00:00.048+00:00,xyz:SMSN,6.38047e-05,0.0013208747
1784703600019,2026-07-22T07:00:00.019+00:00,xyz:SMSN,0.0001423287,0.0025772591
1784707200039,2026-07-22T08:00:00.039+00:00,xyz:SMSN,0.0001236679,0.002278687
1784710800028,2026-07-22T09:00:00.028+00:00,xyz:SMSN,0.0001408564,0.0025537017
1784714400025,2026-07-22T10:00:00.025+00:00,xyz:SMSN,-2.39989e-05,-0.0006839819
1784718000047,2026-07-22T11:00:00.047+00:00,xyz:SMSN,9.42933e-05,0.0018086933
1784721600037,2026-07-22T12:00:00.037+00:00,xyz:SMSN,-7.7025e-06,-0.0004232406
1784725200052,2026-07-22T13:00:00.052+00:00,xyz:SMSN,6.25e-06,0.0002304987
1784728800038,2026-07-22T14:00:00.038+00:00,xyz:SMSN,0.0003764453,0.0063231255
1784732400018,2026-07-22T15:00:00.018+00:00,xyz:SMSN,0.0002894632,0.0049314113
1784736000004,2026-07-22T16:00:00.004+00:00,xyz:SMSN,0.0001286692,0.0023587067
1784739600047,2026-07-22T17:00:00.047+00:00,xyz:SMSN,1.33091e-05,0.0005129457
1784743200015,2026-07-22T18:00:00.015+00:00,xyz:SMSN,-6.5729e-06,-0.0004051672
1784746800007,2026-07-22T19:00:00.007+00:00,xyz:SMSN,-0.0001286699,-0.0023587179
1784750400054,2026-07-22T20:00:00.054+00:00,xyz:SMSN,6.25e-06,0.000172687
1784754000034,2026-07-22T21:00:00.034+00:00,xyz:SMSN,0.0001063057,0.0020008911
1784757600043,2026-07-22T22:00:00.043+00:00,xyz:SMSN,0.0004340926,0.0072454816
1784761200077,2026-07-22T23:00:00.077+00:00,xyz:SMSN,-0.0001801269,-0.0031820303
1784764800046,2026-07-23T00:00:00.046+00:00,xyz:SMSN,0.0001059315,0.0019949047
1784768400058,2026-07-23T01:00:00.058+00:00,xyz:SMSN,8.0315e-05,0.0015850405
1784772000049,2026-07-23T02:00:00.049+00:00,xyz:SMSN,6.69606e-05,0.0013713694
1784775600067,2026-07-23T03:00:00.067+00:00,xyz:SMSN,3.16226e-05,0.0008059615
1784779200046,2026-07-23T04:00:00.046+00:00,xyz:SMSN,9.4822e-06,0.0004517148
1784782800067,2026-07-23T05:00:00.067+00:00,xyz:SMSN,2.05773e-05,0.0006292362
1784786400001,2026-07-23T06:00:00.001+00:00,xyz:SMSN,6.25e-06,0.0002730193
1784790000055,2026-07-23T07:00:00.055+00:00,xyz:SMSN,6.6238e-06,0.0004059814
1784793600021,2026-07-23T08:00:00.021+00:00,xyz:SMSN,-2.8937e-05,-0.0007629914
1784797200020,2026-07-23T09:00:00.020+00:00,xyz:SMSN,-7.34726e-05,-0.0014755619
1784800800014,2026-07-23T10:00:00.014+00:00,xyz:SMSN,9.18129e-05,0.0017690056
1784804400040,2026-07-23T11:00:00.040+00:00,xyz:SMSN,4.06499e-05,0.0009503982
1784808000099,2026-07-23T12:00:00.099+00:00,xyz:SMSN,-0.0003021706,-0.0051347298
1784811600032,2026-07-23T13:00:00.032+00:00,xyz:SMSN,-0.0005104304,-0.0084668868
1784815200121,2026-07-23T14:00:00.121+00:00,xyz:SMSN,6.25e-06,-0.0001030537
1784818800032,2026-07-23T15:00:00.032+00:00,xyz:SMSN,8.17533e-05,0.0016080531
1784822400001,2026-07-23T16:00:00.001+00:00,xyz:SMSN,-0.0002422431,-0.0041758901
1784826000006,2026-07-23T17:00:00.006+00:00,xyz:SMSN,0.0001693484,0.0030095742
1784829600046,2026-07-23T18:00:00.046+00:00,xyz:SMSN,-2.7452e-06,-0.0003439226
1784833200048,2026-07-23T19:00:00.048+00:00,xyz:SMSN,6.25e-06,0.0001087561
1784836800072,2026-07-23T20:00:00.072+00:00,xyz:SMSN,-4.53166e-05,-0.0010250662
1784840400028,2026-07-23T21:00:00.028+00:00,xyz:SMSN,0.00032915,0.0055664007
1784844000038,2026-07-23T22:00:00.038+00:00,xyz:SMSN,-8.4226e-05,-0.0016476158
1784847600033,2026-07-23T23:00:00.033+00:00,xyz:SMSN,-0.0001919909,-0.003371855
1784851200021,2026-07-24T00:00:00.021+00:00,xyz:SMSN,0.0001043859,0.001970175
1784854800060,2026-07-24T01:00:00.060+00:00,xyz:SMSN,7.59462e-05,0.0015151387
1784858400004,2026-07-24T02:00:00.004+00:00,xyz:SMSN,9.17053e-05,0.0017672846
1784862000054,2026-07-24T03:00:00.054+00:00,xyz:SMSN,0.000124,0.0022840005
1784865600047,2026-07-24T04:00:00.047+00:00,xyz:SMSN,0.0001164051,0.0021624815
1784869200044,2026-07-24T05:00:00.044+00:00,xyz:SMSN,0.0001089425,0.0020430803
1784872800049,2026-07-24T06:00:00.049+00:00,xyz:SMSN,4.96852e-05,0.0010949635
1784876400012,2026-07-24T07:00:00.012+00:00,xyz:SMSN,2.61536e-05,0.000718458
1784880000029,2026-07-24T08:00:00.029+00:00,xyz:SMSN,3.32893e-05,0.0008326294
1784883600044,2026-07-24T09:00:00.044+00:00,xyz:SMSN,2.43476e-05,0.0006895609
1784887200051,2026-07-24T10:00:00.051+00:00,xyz:SMSN,-3.43328e-05,-0.0008493241
1784890800034,2026-07-24T11:00:00.034+00:00,xyz:SMSN,-9.44455e-05,-0.0018111281
1784894400033,2026-07-24T12:00:00.033+00:00,xyz:SMSN,6.30856e-05,0.0013093702
1784898000024,2026-07-24T13:00:00.024+00:00,xyz:SMSN,0.0001045454,0.0019727272
1784901600060,2026-07-24T14:00:00.060+00:00,xyz:SMSN,-0.0006161317,-0.010158107
1784905200053,2026-07-24T15:00:00.053+00:00,xyz:SMSN,-0.000581936,-0.0096109762
1784908800051,2026-07-24T16:00:00.051+00:00,xyz:SMSN,0.0003599874,0.0060597985
1784912400029,2026-07-24T17:00:00.029+00:00,xyz:SMSN,-0.0001211234,-0.0022379745
1784916000063,2026-07-24T18:00:00.063+00:00,xyz:SMSN,-0.00011621,-0.0021593592
1784919600035,2026-07-24T19:00:00.035+00:00,xyz:SMSN,-0.0003167255,-0.0053676085
1784923200052,2026-07-24T20:00:00.052+00:00,xyz:SMSN,-6.59016e-05,-0.0013544263
1784926800060,2026-07-24T21:00:00.060+00:00,xyz:SMSN,4.29216e-05,0.0009867457
1784930400008,2026-07-24T22:00:00.008+00:00,xyz:SMSN,-0.0002193409,-0.0038094545
1784934000024,2026-07-24T23:00:00.024+00:00,xyz:SMSN,-1.4308e-06,-0.0003228921
1784937600066,2026-07-25T00:00:00.066+00:00,xyz:SMSN,-6.6639e-05,-0.0013662247
1784941200036,2026-07-25T01:00:00.036+00:00,xyz:SMSN,0.0001629417,0.0029070669
1784944800050,2026-07-25T02:00:00.050+00:00,xyz:SMSN,4.91222e-05,0.0010859548
1784948400016,2026-07-25T03:00:00.016+00:00,xyz:SMSN,0.0001318685,0.0024098959
1784952000036,2026-07-25T04:00:00.036+00:00,xyz:SMSN,0.0002578505,0.0044256079
1784955600032,2026-07-25T05:00:00.032+00:00,xyz:SMSN,0.0001597635,0.0028562156
1784959200063,2026-07-25T06:00:00.063+00:00,xyz:SMSN,1.56338e-05,0.00055014
1784962800028,2026-07-25T07:00:00.028+00:00,xyz:SMSN,4.05765e-05,0.0009492236
1784966400047,2026-07-25T08:00:00.047+00:00,xyz:SMSN,-3.76096e-05,-0.0009017537
1784970000030,2026-07-25T09:00:00.030+00:00,xyz:SMSN,1.36004e-05,0.0005176063
1784973600040,2026-07-25T10:00:00.040+00:00,xyz:SMSN,4.0887e-05,0.0009541924
1784977200051,2026-07-25T11:00:00.051+00:00,xyz:SMSN,8.13298e-05,0.0016012774
1784980800058,2026-07-25T12:00:00.058+00:00,xyz:SMSN,6.25e-06,-0.0001272291
1784984400037,2026-07-25T13:00:00.037+00:00,xyz:SMSN,3.23445e-05,0.0008175119
1784988000001,2026-07-25T14:00:00.001+00:00,xyz:SMSN,6.25e-06,8.881e-07
1784991600012,2026-07-25T15:00:00.012+00:00,xyz:SMSN,-1.51062e-05,-0.0005416993
1784995200062,2026-07-25T16:00:00.062+00:00,xyz:SMSN,6.5255e-06,0.0004044079
1784998800039,2026-07-25T17:00:00.039+00:00,xyz:SMSN,4.70986e-05,0.0010535771
1785002400031,2026-07-25T18:00:00.031+00:00,xyz:SMSN,7.49659e-05,0.0014994548
1785006000056,2026-07-25T19:00:00.056+00:00,xyz:SMSN,6.29553e-05,0.0013072844
1785009600057,2026-07-25T20:00:00.057+00:00,xyz:SMSN,9.26089e-05,0.0017817423
1785013200005,2026-07-25T21:00:00.005+00:00,xyz:SMSN,7.04883e-05,0.0014278132
1785016800002,2026-07-25T22:00:00.002+00:00,xyz:SMSN,-3.4801e-06,-0.0003556823
1785020400011,2026-07-25T23:00:00.011+00:00,xyz:SMSN,-9.2384e-06,-0.000447814
1785024000055,2026-07-26T00:00:00.055+00:00,xyz:SMSN,6.25e-06,4.53315e-05
1785027600055,2026-07-26T01:00:00.055+00:00,xyz:SMSN,-4.4614e-05,-0.0010138242
1785031200111,2026-07-26T02:00:00.111+00:00,xyz:SMSN,9.00257e-05,0.0017404119
1785034800030,2026-07-26T03:00:00.030+00:00,xyz:SMSN,2.26494e-05,0.0006623909
1785038400021,2026-07-26T04:00:00.021+00:00,xyz:SMSN,3.50713e-05,0.0008611412
1785042000034,2026-07-26T05:00:00.034+00:00,xyz:SMSN,8.5766e-06,0.000437226
1785045600052,2026-07-26T06:00:00.052+00:00,xyz:SMSN,-6.66914e-05,-0.0013670628
1785049200060,2026-07-26T07:00:00.060+00:00,xyz:SMSN,5.5643e-06,-0.0002109712
1785052800022,2026-07-26T08:00:00.022+00:00,xyz:SMSN,-3.16664e-05,-0.000806662
1785056400063,2026-07-26T09:00:00.063+00:00,xyz:SMSN,-7.58631e-05,-0.0015138104
1785060000012,2026-07-26T10:00:00.012+00:00,xyz:SMSN,-3.16054e-05,-0.000805687
1785063600047,2026-07-26T11:00:00.047+00:00,xyz:SMSN,5.65853e-05,0.0012053643
1785067200121,2026-07-26T12:00:00.121+00:00,xyz:SMSN,6.25e-06,0.0002988669
1785070800046,2026-07-26T13:00:00.046+00:00,xyz:SMSN,-6.26901e-05,-0.0013030422
1785074400019,2026-07-26T14:00:00.019+00:00,xyz:SMSN,6.25e-06,0.000163093
1785078000018,2026-07-26T15:00:00.018+00:00,xyz:SMSN,2.18416e-05,0.0006494659
1785081600062,2026-07-26T16:00:00.062+00:00,xyz:SMSN,3.1723e-06,-0.0002492435
1785085200066,2026-07-26T17:00:00.066+00:00,xyz:SMSN,6.25e-06,0.0001914455
1785088800070,2026-07-26T18:00:00.070+00:00,xyz:SMSN,6.25e-06,-1.55819e-05
1785092400031,2026-07-26T19:00:00.031+00:00,xyz:SMSN,6.25e-06,0.0002737696
1785096000057,2026-07-26T20:00:00.057+00:00,xyz:SMSN,-2.53512e-05,-0.000705619
1785099600001,2026-07-26T21:00:00.001+00:00,xyz:SMSN,-1.9102e-05,-0.0006056316
1785103200023,2026-07-26T22:00:00.023+00:00,xyz:SMSN,6.05134e-05,0.0012682136
1785106800005,2026-07-26T23:00:00.005+00:00,xyz:SMSN,0.0002728697,0.0046659146
1785110400074,2026-07-27T00:00:00.074+00:00,xyz:SMSN,-5.71699e-05,-0.0012147185
1785114000022,2026-07-27T01:00:00.022+00:00,xyz:SMSN,7.08979e-05,0.0014343659
1785117600111,2026-07-27T02:00:00.111+00:00,xyz:SMSN,5.55304e-05,0.0011884866
1785121200017,2026-07-27T03:00:00.017+00:00,xyz:SMSN,8.62617e-05,0.0016801875
1785124800014,2026-07-27T04:00:00.014+00:00,xyz:SMSN,6.60923e-05,0.0013574773
1785128400040,2026-07-27T05:00:00.040+00:00,xyz:SMSN,0.0001094422,0.0020510755
1785132000021,2026-07-27T06:00:00.021+00:00,xyz:SMSN,0.0001010299,0.0019164777
1785135600052,2026-07-27T07:00:00.052+00:00,xyz:SMSN,4.68229e-05,0.0010491662
1785139200015,2026-07-27T08:00:00.015+00:00,xyz:SMSN,8.23561e-05,0.0016176968
1785142800005,2026-07-27T09:00:00.005+00:00,xyz:SMSN,8.168e-07,-0.000286931
1785146400038,2026-07-27T10:00:00.038+00:00,xyz:SMSN,5.362e-06,-0.0002142077
1785150000013,2026-07-27T11:00:00.013+00:00,xyz:SMSN,-2.99713e-05,-0.0007795405
1785153600054,2026-07-27T12:00:00.054+00:00,xyz:SMSN,-0.0001876838,-0.0033029414
1785157200017,2026-07-27T13:00:00.017+00:00,xyz:SMSN,-8.55618e-05,-0.0016689895
1785160800021,2026-07-27T14:00:00.021+00:00,xyz:SMSN,-0.0002941632,-0.0050066106
1785164400018,2026-07-27T15:00:00.018+00:00,xyz:SMSN,-0.001011275,-0.0164804006
1785168000017,2026-07-27T16:00:00.017+00:00,xyz:SMSN,-0.0002405171,-0.0041482737
1785171600018,2026-07-27T17:00:00.018+00:00,xyz:SMSN,-4.11117e-05,-0.0009577873
1785175200035,2026-07-27T18:00:00.035+00:00,xyz:SMSN,-8.70599e-05,-0.0016929577
1785178800040,2026-07-27T19:00:00.040+00:00,xyz:SMSN,8.14394e-05,0.0016030305
1785182400016,2026-07-27T20:00:00.016+00:00,xyz:SMSN,0.0003642819,0.0061285102
1785186000117,2026-07-27T21:00:00.117+00:00,xyz:SMSN,0.0001717086,0.0030473376
1785189600062,2026-07-27T22:00:00.062+00:00,xyz:SMSN,6.25e-06,-0.0001491894
1785193200059,2026-07-27T23:00:00.059+00:00,xyz:SMSN,-0.000202748,-0.0035439677
1785196800026,2026-07-28T00:00:00.026+00:00,xyz:SMSN,0.0001375249,0.0025003984
1785200400044,2026-07-28T01:00:00.044+00:00,xyz:SMSN,0.0001553532,0.002785651
1785204000059,2026-07-28T02:00:00.059+00:00,xyz:SMSN,0.0001975903,0.0034614442
1785207600015,2026-07-28T03:00:00.015+00:00,xyz:SMSN,0.0001873369,0.003297391
1785211200006,2026-07-28T04:00:00.006+00:00,xyz:SMSN,0.0002044951,0.0035719218
1785214800046,2026-07-28T05:00:00.046+00:00,xyz:SMSN,0.0001971404,0.0034542469
1785218400038,2026-07-28T06:00:00.038+00:00,xyz:SMSN,0.0001557308,0.002791693
1785222000018,2026-07-28T07:00:00.018+00:00,xyz:SMSN,7.11305e-05,0.0014380888
1785225600004,2026-07-28T08:00:00.004+00:00,xyz:SMSN,0.000260265,0.0044642405
1785229200012,2026-07-28T09:00:00.012+00:00,xyz:SMSN,0.0003637611,0.0061201778
1785232800065,2026-07-28T10:00:00.065+00:00,xyz:SMSN,0.0001678079,0.0029849258
1785236400046,2026-07-28T11:00:00.046+00:00,xyz:SMSN,0.0002651187,0.0045418986
1785240000028,2026-07-28T12:00:00.028+00:00,xyz:SMSN,0.0001002941,0.0019047059
1785243600014,2026-07-28T13:00:00.014+00:00,xyz:SMSN,0.0001982112,0.0034713786
1785247200032,2026-07-28T14:00:00.032+00:00,xyz:SMSN,-0.0002346271,-0.0040540344
1785250800056,2026-07-28T15:00:00.056+00:00,xyz:SMSN,0.0002138189,0.0037211018
1785254400052,2026-07-28T16:00:00.052+00:00,xyz:SMSN,0.0004585964,0.0076375426
1785258000100,2026-07-28T17:00:00.100+00:00,xyz:SMSN,0.0001425155,0.0025802484
1785261600050,2026-07-28T18:00:00.050+00:00,xyz:SMSN,-0.0002960292,-0.0050364674
1785265200029,2026-07-28T19:00:00.029+00:00,xyz:SMSN,-4.92106e-05,-0.0010873697
1785268800046,2026-07-28T20:00:00.046+00:00,xyz:SMSN,5.93241e-05,0.001249185
1785272400006,2026-07-28T21:00:00.006+00:00,xyz:SMSN,-0.0001395072,-0.0025321159
1785276000009,2026-07-28T22:00:00.009+00:00,xyz:SMSN,-6.6638e-06,-0.00040662
1785279600117,2026-07-28T23:00:00.117+00:00,xyz:SMSN,-0.0004374021,-0.0072984332
1785283200066,2026-07-29T00:00:00.066+00:00,xyz:SMSN,-7.97538e-05,-0.0015760605
1785286800023,2026-07-29T01:00:00.023+00:00,xyz:SMSN,0.0001102158,0.0020634527
1785290400013,2026-07-29T02:00:00.013+00:00,xyz:SMSN,0.0001062805,0.0020004877
1785294000002,2026-07-29T03:00:00.002+00:00,xyz:SMSN,0.0001462843,0.0026405483
1785297600027,2026-07-29T04:00:00.027+00:00,xyz:SMSN,0.000293331,0.0049932956
1785301200043,2026-07-29T05:00:00.043+00:00,xyz:SMSN,0.0004594571,0.0076513138
1785304800033,2026-07-29T06:00:00.033+00:00,xyz:SMSN,0.0003226009,0.005461615
1785308400047,2026-07-29T07:00:00.047+00:00,xyz:SMSN,0.0002318074,0.0040089188
1785312000009,2026-07-29T08:00:00.009+00:00,xyz:SMSN,0.0002601672,0.0044626753
1785315600043,2026-07-29T09:00:00.043+00:00,xyz:SMSN,0.0003090701,0.005245122
1785319200051,2026-07-29T10:00:00.051+00:00,xyz:SMSN,0.0003034048,0.0051544773
1785322800011,2026-07-29T11:00:00.011+00:00,xyz:SMSN,0.000483444,0.0080351041
1785326400040,2026-07-29T12:00:00.040+00:00,xyz:SMSN,0.0006160379,0.0101566071
1785330000030,2026-07-29T13:00:00.030+00:00,xyz:SMSN,2.97177e-05,0.0007754838
1785333600028,2026-07-29T14:00:00.028+00:00,xyz:SMSN,0.000204031,0.0035644966
1785337200042,2026-07-29T15:00:00.042+00:00,xyz:SMSN,-0.0005133603,-0.0085137646
1785340800011,2026-07-29T16:00:00.011+00:00,xyz:SMSN,-0.0004708291,-0.0078332663
1785344400057,2026-07-29T17:00:00.057+00:00,xyz:SMSN,-0.0002825853,-0.0048213653
1785348000021,2026-07-29T18:00:00.021+00:00,xyz:SMSN,0.0003754471,0.0063071529
1785351600020,2026-07-29T19:00:00.020+00:00,xyz:SMSN,0.0011769475,0.0191311605
1785355200045,2026-07-29T20:00:00.045+00:00,xyz:SMSN,-0.000632684,-0.0104229446
1785358800032,2026-07-29T21:00:00.032+00:00,xyz:SMSN,-0.0009098346,-0.0148573534
1785362400030,2026-07-29T22:00:00.030+00:00,xyz:SMSN,-0.0003495951,-0.0058935218
1785366000078,2026-07-29T23:00:00.078+00:00,xyz:SMSN,0.0003356583,0.0056705324
1785369600016,2026-07-30T00:00:00.016+00:00,xyz:SMSN,7.44076e-05,0.0014905216
1785373200067,2026-07-30T01:00:00.067+00:00,xyz:SMSN,0.000263409,0.0045145445
1785376800024,2026-07-30T02:00:00.024+00:00,xyz:SMSN,0.0002740137,0.0046842186
1785380400064,2026-07-30T03:00:00.064+00:00,xyz:SMSN,0.0001170732,0.0021731714
1785384000061,2026-07-30T04:00:00.061+00:00,xyz:SMSN,0.0001619653,0.0028914449
1785387600025,2026-07-30T05:00:00.025+00:00,xyz:SMSN,0.0003769519,0.0063312311
1785391200057,2026-07-30T06:00:00.057+00:00,xyz:SMSN,0.0003280642,0.0055490268
1785394800041,2026-07-30T07:00:00.041+00:00,xyz:SMSN,0.0004080094,0.0068281498
1785398400046,2026-07-30T08:00:00.046+00:00,xyz:SMSN,0.000259862,0.0044577926
1785402000054,2026-07-30T09:00:00.054+00:00,xyz:SMSN,0.000281693,0.0048070875
1785405600067,2026-07-30T10:00:00.067+00:00,xyz:SMSN,0.0002419831,0.004171729
1785409200013,2026-07-30T11:00:00.013+00:00,xyz:SMSN,0.000371944,0.0062511041
1785412800051,2026-07-30T12:00:00.051+00:00,xyz:SMSN,0.0004302724,0.0071843577
1785416400020,2026-07-30T13:00:00.020+00:00,xyz:SMSN,0.0006711174,0.011037879
1785420000019,2026-07-30T14:00:00.019+00:00,xyz:SMSN,0.0009962234,0.0162395738
1785423600013,2026-07-30T15:00:00.013+00:00,xyz:SMSN,0.0005545832,0.0091733311
1785427200040,2026-07-30T16:00:00.040+00:00,xyz:SMSN,0.0002822784,0.0048164537
1785430800060,2026-07-30T17:00:00.060+00:00,xyz:SMSN,0.0003925056,0.0065800892
1785434400010,2026-07-30T18:00:00.010+00:00,xyz:SMSN,0.0001997891,0.003496625
1785438000002,2026-07-30T19:00:00.002+00:00,xyz:SMSN,-2.70427e-05,-0.0007326837
1785441600025,2026-07-30T20:00:00.025+00:00,xyz:SMSN,0.0001386711,0.0025187369
1785445200008,2026-07-30T21:00:00.008+00:00,xyz:SMSN,0.0002579397,0.0044270356
1785448800003,2026-07-30T22:00:00.003+00:00,xyz:SMSN,0.0002368445,0.0040895121
1785452400025,2026-07-30T23:00:00.025+00:00,xyz:SMSN,3.41083e-05,0.0008457329
1785456000072,2026-07-31T00:00:00.072+00:00,xyz:SMSN,0.0003463588,0.0058417413
1785459600063,2026-07-31T01:00:00.063+00:00,xyz:SMSN,0.0001814352,0.0032029629
1785463200040,2026-07-31T02:00:00.040+00:00,xyz:SMSN,0.0001003006,0.0019048101
1785466800044,2026-07-31T03:00:00.044+00:00,xyz:SMSN,-9.88404e-05,-0.0018814469
1785470400030,2026-07-31T04:00:00.030+00:00,xyz:SMSN,-8.01738e-05,-0.001582781
1785474000038,2026-07-31T05:00:00.038+00:00,xyz:SMSN,-7.09101e-05,-0.0014345609
1785477600055,2026-07-31T06:00:00.055+00:00,xyz:SMSN,-4.0844e-06,-0.0003653499
1785481200009,2026-07-31T07:00:00.009+00:00,xyz:SMSN,-0.0003078686,-0.0052258977
1785484800011,2026-07-31T08:00:00.011+00:00,xyz:SMSN,-0.0001151596,-0.0021425528
1785488400061,2026-07-31T09:00:00.061+00:00,xyz:SMSN,-0.0004661172,-0.007757876
1785492000003,2026-07-31T10:00:00.003+00:00,xyz:SMSN,-0.0001829173,-0.0032266773
1785495600048,2026-07-31T11:00:00.048+00:00,xyz:SMSN,-9.30924e-05,-0.0017894789
1785499200019,2026-07-31T12:00:00.019+00:00,xyz:SMSN,-5.26263e-05,-0.0011420209
1785502800019,2026-07-31T13:00:00.019+00:00,xyz:SMSN,-0.0003835009,-0.0064360146
1785506400016,2026-07-31T14:00:00.016+00:00,xyz:SMSN,-0.0004807394,-0.0079918304
1785510000020,2026-07-31T15:00:00.020+00:00,xyz:SMSN,-0.0008051077,-0.0131817227
1785513600020,2026-07-31T16:00:00.020+00:00,xyz:SMSN,-0.0002953273,-0.0050252364
1785517200020,2026-07-31T17:00:00.020+00:00,xyz:SMSN,2.67909e-05,0.0007286544
1785520800073,2026-07-31T18:00:00.073+00:00,xyz:SMSN,0.0002736693,0.0046787093
1785524400025,2026-07-31T19:00:00.025+00:00,xyz:SMSN,-9.02492e-05,-0.001743988
1785528000032,2026-07-31T20:00:00.032+00:00,xyz:SMSN,-0.0003248959,-0.0054983344
1785531600015,2026-07-31T21:00:00.015+00:00,xyz:SMSN,-0.0004556231,-0.0075899688
1785535200004,2026-07-31T22:00:00.004+00:00,xyz:SMSN,-8.3151e-06,-0.0004330417
1785538800013,2026-07-31T23:00:00.013+00:00,xyz:SMSN,6.25e-06,-0.0001344839
1785542400080,2026-08-01T00:00:00.080+00:00,xyz:SMSN,-0.0002587014,-0.0044392226
1785546000003,2026-08-01T01:00:00.003+00:00,xyz:SMSN,5.8143e-06,-0.0002069715
1785549600017,2026-08-01T02:00:00.017+00:00,xyz:SMSN,-5.8867e-06,-0.0003941871
1785553200054,2026-08-01T03:00:00.054+00:00,xyz:SMSN,-1.4112e-06,-0.0003225789
1785556800008,2026-08-01T04:00:00.008+00:00,xyz:SMSN,-6.95918e-05,-0.0014134688
1785560400065,2026-08-01T05:00:00.065+00:00,xyz:SMSN,-8.51803e-05,-0.0016628853
1785564000017,2026-08-01T06:00:00.017+00:00,xyz:SMSN,-6.8925e-05,-0.0014028002
1785567600061,2026-08-01T07:00:00.061+00:00,xyz:SMSN,6.50952e-05,0.0013415237
1785571200000,2026-08-01T08:00:00.000+00:00,xyz:SMSN,8.30828e-05,0.0016293249
1785574800035,2026-08-01T09:00:00.035+00:00,xyz:SMSN,4.5454e-05,0.0010272647
1785578400056,2026-08-01T10:00:00.056+00:00,xyz:SMSN,7.704e-07,-0.000287674
1785582000029,2026-08-01T11:00:00.029+00:00,xyz:SMSN,1.02101e-05,0.000463361
1785585600034,2026-08-01T12:00:00.034+00:00,xyz:SMSN,8.72799e-05,0.0016964789
1785589200036,2026-08-01T13:00:00.036+00:00,xyz:SMSN,6.25e-06,-1.31888e-05
1785592800045,2026-08-01T14:00:00.045+00:00,xyz:SMSN,3.93879e-05,0.0009302067
1785596400003,2026-08-01T15:00:00.003+00:00,xyz:SMSN,6.25e-06,0.0002896744
1785600000043,2026-08-01T16:00:00.043+00:00,xyz:SMSN,6.25e-06,-0.0001172053
1785603600022,2026-08-01T17:00:00.022+00:00,xyz:SMSN,-9.23975e-05,-0.0017783603
1785607200001,2026-08-01T18:00:00.001+00:00,xyz:SMSN,-1.85042e-05,-0.0005960672
1785610800030,2026-08-01T19:00:00.030+00:00,xyz:SMSN,-0.0001263653,-0.0023218452
1785614400033,2026-08-01T20:00:00.033+00:00,xyz:SMSN,-9.62627e-05,-0.0018402038
1785618000006,2026-08-01T21:00:00.006+00:00,xyz:SMSN,-8.65393e-05,-0.0016846282
1785621600018,2026-08-01T22:00:00.018+00:00,xyz:SMSN,0.0001711592,0.0030385468
1785625200048,2026-08-01T23:00:00.048+00:00,xyz:SMSN,0.0001109822,0.0020757158
1785628800059,2026-08-02T00:00:00.059+00:00,xyz:SMSN,3.57814e-05,0.0008725023
1785632400056,2026-08-02T01:00:00.056+00:00,xyz:SMSN,0.0001498556,0.0026976891
1785636000002,2026-08-02T02:00:00.002+00:00,xyz:SMSN,-1.72114e-05,-0.0005753823
1785639600019,2026-08-02T03:00:00.019+00:00,xyz:SMSN,0.0006447204,0.0106155271
1785643200017,2026-08-02T04:00:00.017+00:00,xyz:SMSN,3.3504e-05,0.0008360646
1785646800026,2026-08-02T05:00:00.026+00:00,xyz:SMSN,0.0001019618,0.0019313893
1785650400014,2026-08-02T06:00:00.014+00:00,xyz:SMSN,1.10133e-05,0.0004762122
1785654000053,2026-08-02T07:00:00.053+00:00,xyz:SMSN,6.25e-06,0.0002029938
1785657600020,2026-08-02T08:00:00.020+00:00,xyz:SMSN,6.25e-06,0.0002519619
1785661200124,2026-08-02T09:00:00.124+00:00,xyz:SMSN,0.0001185947,0.0021975149
1785664800023,2026-08-02T10:00:00.023+00:00,xyz:SMSN,-2.11527e-05,-0.0006384426
1785668400055,2026-08-02T11:00:00.055+00:00,xyz:SMSN,-4.8138e-06,-0.0003770206
1785672000048,2026-08-02T12:00:00.048+00:00,xyz:SMSN,-0.0003400164,-0.0057402624
1785675600004,2026-08-02T13:00:00.004+00:00,xyz:SMSN,-0.0002573801,-0.0044180809
1785679200034,2026-08-02T14:00:00.034+00:00,xyz:SMSN,-2.14046e-05,-0.000642474
1785682800048,2026-08-02T15:00:00.048+00:00,xyz:SMSN,6.25e-06,3.24438e-05
1785686400028,2026-08-02T16:00:00.028+00:00,xyz:SMSN,2.67173e-05,0.000727476
1785690000029,2026-08-02T17:00:00.029+00:00,xyz:SMSN,9.25875e-05,0.0017814
1785693600002,2026-08-02T18:00:00.002+00:00,xyz:SMSN,0.000201756,0.003528096
1785697200002,2026-08-02T19:00:00.002+00:00,xyz:SMSN,5.11428e-05,0.0011182855
1785700800033,2026-08-02T20:00:00.033+00:00,xyz:SMSN,0.0001958594,0.0034337501
1785704400037,2026-08-02T21:00:00.037+00:00,xyz:SMSN,6.25e-06,0.0001318897
1785708000043,2026-08-02T22:00:00.043+00:00,xyz:SMSN,0.0001657908,0.0029526527
1785711600033,2026-08-02T23:00:00.033+00:00,xyz:SMSN,6.25e-06,-0.000167921
1785715200028,2026-08-03T00:00:00.028+00:00,xyz:SMSN,0.0001925639,0.003381023
1785718800062,2026-08-03T01:00:00.062+00:00,xyz:SMSN,2.99416e-05,0.0007790662
1785722400043,2026-08-03T02:00:00.043+00:00,xyz:SMSN,-2.88877e-05,-0.000762203
1785726000042,2026-08-03T03:00:00.042+00:00,xyz:SMSN,-1.96963e-05,-0.0006151409
1785729600051,2026-08-03T04:00:00.051+00:00,xyz:SMSN,6.25e-06,-0.0001758403
1785733200017,2026-08-03T05:00:00.017+00:00,xyz:SMSN,6.25e-06,-0.0001378081
1785736800062,2026-08-03T06:00:00.062+00:00,xyz:SMSN,2.6671e-06,-0.000257326
1785740400026,2026-08-03T07:00:00.026+00:00,xyz:SMSN,2.63792e-05,0.0007220677
1785744000042,2026-08-03T08:00:00.042+00:00,xyz:SMSN,4.25516e-05,0.0009808256
1785747600041,2026-08-03T09:00:00.041+00:00,xyz:SMSN,-0.0001640848,-0.0029253562
1785751200030,2026-08-03T10:00:00.030+00:00,xyz:SMSN,-0.0002902252,-0.0049436038
1785754800110,2026-08-03T11:00:00.110+00:00,xyz:SMSN,-0.0002268084,-0.0039289342
1785758400055,2026-08-03T12:00:00.055+00:00,xyz:SMSN,-0.0002893131,-0.0049290088
1785762000036,2026-08-03T13:00:00.036+00:00,xyz:SMSN,-5.3862e-05,-0.0011617925
1785765600010,2026-08-03T14:00:00.010+00:00,xyz:SMSN,-0.0002100402,-0.0036606438
1785769200047,2026-08-03T15:00:00.047+00:00,xyz:SMSN,0.0005620813,0.0092933015
1785772800039,2026-08-03T16:00:00.039+00:00,xyz:SMSN,0.0001205282,0.0022284512
1785776400017,2026-08-03T17:00:00.017+00:00,xyz:SMSN,0.0002732396,0.004671833
1785780000004,2026-08-03T18:00:00.004+00:00,xyz:SMSN,0.0004033167,0.0067530675
1785783600127,2026-08-03T19:00:00.127+00:00,xyz:SMSN,8.76239e-05,0.0017019816
1785787200020,2026-08-03T20:00:00.020+00:00,xyz:SMSN,4.91818e-05,0.0010869081
1785790800021,2026-08-03T21:00:00.021+00:00,xyz:SMSN,-4.0101e-06,-0.000364161
1785794400018,2026-08-03T22:00:00.018+00:00,xyz:SMSN,-3.34313e-05,-0.0008349012
1785798000067,2026-08-03T23:00:00.067+00:00,xyz:SMSN,6.25e-06,0.000171828
1785801600008,2026-08-04T00:00:00.008+00:00,xyz:SMSN,-0.0001548679,-0.0027778857
1785805200042,2026-08-04T01:00:00.042+00:00,xyz:SMSN,5.72605e-05,0.0012161674
1785808800059,2026-08-04T02:00:00.059+00:00,xyz:SMSN,-4.4978e-06,-0.0003719651
1785812400036,2026-08-04T03:00:00.036+00:00,xyz:SMSN,6.77868e-05,0.0013845896
1785816000044,2026-08-04T04:00:00.044+00:00,xyz:SMSN,8.64145e-05,0.0016826319
1785819600001,2026-08-04T05:00:00.001+00:00,xyz:SMSN,9.34234e-05,0.0017947748
1785823200063,2026-08-04T06:00:00.063+00:00,xyz:SMSN,2.76121e-05,0.0007417931
1785826800016,2026-08-04T07:00:00.016+00:00,xyz:SMSN,0.0001044089,0.0019705428
1785830400083,2026-08-04T08:00:00.083+00:00,xyz:SMSN,6.82931e-05,0.0013926896
1785834000027,2026-08-04T09:00:00.027+00:00,xyz:SMSN,4.14932e-05,0.000963891
1785837600067,2026-08-04T10:00:00.067+00:00,xyz:SMSN,0.0001174103,0.0021785652
1785841200006,2026-08-04T11:00:00.006+00:00,xyz:SMSN,0.0001410478,0.0025567651
1785844800003,2026-08-04T12:00:00.003+00:00,xyz:SMSN,0.0005333132,0.008833012
1785848400003,2026-08-04T13:00:00.003+00:00,xyz:SMSN,3.64505e-05,0.0008832086
1785852000001,2026-08-04T14:00:00.001+00:00,xyz:SMSN,0.0005183305,0.0085932882
1785855600069,2026-08-04T15:00:00.069+00:00,xyz:SMSN,6.90844e-05,0.0014053498
1785859200006,2026-08-04T16:00:00.006+00:00,xyz:SMSN,0.0003186493,0.0053983881
1785862800035,2026-08-04T17:00:00.035+00:00,xyz:SMSN,0.0002244859,0.0038917737
1785866400001,2026-08-04T18:00:00.001+00:00,xyz:SMSN,0.0002011655,0.0035186485
1785870000033,2026-08-04T19:00:00.033+00:00,xyz:SMSN,9.5492e-05,0.0018278716
1785873600036,2026-08-04T20:00:00.036+00:00,xyz:SMSN,-6.95255e-05,-0.0014124073
1785877200011,2026-08-04T21:00:00.011+00:00,xyz:SMSN,-0.0002905153,-0.0049482454
1785880800082,2026-08-04T22:00:00.082+00:00,xyz:SMSN,6.25e-06,0.0003319846
1785884400045,2026-08-04T23:00:00.045+00:00,xyz:SMSN,6.25e-06,0.0002631688
1785888000040,2026-08-05T00:00:00.040+00:00,xyz:SMSN,6.4478e-05,0.0013316482
1785891600007,2026-08-05T01:00:00.007+00:00,xyz:SMSN,7.9328e-05,0.0015692474
1785895200060,2026-08-05T02:00:00.060+00:00,xyz:SMSN,1.33209e-05,0.000513134
1785898800032,2026-08-05T03:00:00.032+00:00,xyz:SMSN,8.96747e-05,0.0017347952
1785902400019,2026-08-05T04:00:00.019+00:00,xyz:SMSN,6.87562e-05,0.0014000996
1785906000043,2026-08-05T05:00:00.043+00:00,xyz:SMSN,6.73742e-05,0.0013779867
1785909600010,2026-08-05T06:00:00.010+00:00,xyz:SMSN,3.20303e-05,0.0008124843
1785913200013,2026-08-05T07:00:00.013+00:00,xyz:SMSN,1.95889e-05,0.0006134221
1785916800065,2026-08-05T08:00:00.065+00:00,xyz:SMSN,9.01126e-05,0.001741802
1785920400021,2026-08-05T09:00:00.021+00:00,xyz:SMSN,6.25e-06,-4.33966e-05
1785924000029,2026-08-05T10:00:00.029+00:00,xyz:SMSN,6.45651e-05,0.0013330418
1785927600049,2026-08-05T11:00:00.049+00:00,xyz:SMSN,6.25e-06,0.000371446
1785931200016,2026-08-05T12:00:00.016+00:00,xyz:SMSN,0.0001036356,0.0019581688
1785934800061,2026-08-05T13:00:00.061+00:00,xyz:SMSN,2.51683e-05,0.0007026932
1785938400038,2026-08-05T14:00:00.038+00:00,xyz:SMSN,0.0003549809,0.005979695
1785942000063,2026-08-05T15:00:00.063+00:00,xyz:SMSN,8.86664e-05,0.0017186624
1785945600007,2026-08-05T16:00:00.007+00:00,xyz:SMSN,0.0001329044,0.0024264706
1785949200068,2026-08-05T17:00:00.068+00:00,xyz:SMSN,8.26817e-05,0.001622907
1785952800014,2026-08-05T18:00:00.014+00:00,xyz:SMSN,-6.31005e-05,-0.0013096085
1785956400133,2026-08-05T19:00:00.133+00:00,xyz:SMSN,6.25e-06,0.0003488605
1785960000038,2026-08-05T20:00:00.038+00:00,xyz:SMSN,-1.7301e-06,-0.0003276823
1785963600016,2026-08-05T21:00:00.016+00:00,xyz:SMSN,-0.0003609136,-0.0060746169
1785967200017,2026-08-05T22:00:00.017+00:00,xyz:SMSN,-0.000262991,-0.0045078566
1785970800053,2026-08-05T23:00:00.053+00:00,xyz:SMSN,1.52036e-05,0.0005432571
1785974400034,2026-08-06T00:00:00.034+00:00,xyz:SMSN,6.25e-06,-0.0001236778
1785978000017,2026-08-06T01:00:00.017+00:00,xyz:SMSN,2.17171e-05,0.0006474734
1785981600016,2026-08-06T02:00:00.016+00:00,xyz:SMSN,7.76653e-05,0.001542645
1785985200000,2026-08-06T03:00:00.000+00:00,xyz:SMSN,3.41207e-05,0.0008459312
1785988800043,2026-08-06T04:00:00.043+00:00,xyz:SMSN,5.11627e-05,0.0011186037
1785992400018,2026-08-06T05:00:00.018+00:00,xyz:SMSN,8.59855e-05,0.0016757679
1785996000018,2026-08-06T06:00:00.018+00:00,xyz:SMSN,7.56441e-05,0.0015103056
1785999600054,2026-08-06T07:00:00.054+00:00,xyz:SMSN,0.000114901,0.0021384153
1786003200053,2026-08-06T08:00:00.053+00:00,xyz:SMSN,6.5428e-05,0.0013468479
1786006800043,2026-08-06T09:00:00.043+00:00,xyz:SMSN,1.36883e-05,0.0005190129
1786010400057,2026-08-06T10:00:00.057+00:00,xyz:SMSN,4.7759e-06,-0.000223585
1786014000016,2026-08-06T11:00:00.016+00:00,xyz:SMSN,6.25e-06,-6.63056e-05
1786017600044,2026-08-06T12:00:00.044+00:00,xyz:SMSN,6.25e-06,0.0003474294
1786021200075,2026-08-06T13:00:00.075+00:00,xyz:SMSN,-3.64597e-05,-0.0008833559
1786024800005,2026-08-06T14:00:00.005+00:00,xyz:SMSN,0.0001174038,0.0021784613
1786028400061,2026-08-06T15:00:00.061+00:00,xyz:SMSN,0.0006746392,0.0110942275
1786032000013,2026-08-06T16:00:00.013+00:00,xyz:SMSN,0.0002944428,0.0050110855
1786035600090,2026-08-06T17:00:00.090+00:00,xyz:SMSN,-0.0003479413,-0.0058670613
1786039200024,2026-08-06T18:00:00.024+00:00,xyz:SMSN,-8.58789e-05,-0.0016740618
1786042800007,2026-08-06T19:00:00.007+00:00,xyz:SMSN,-4.71701e-05,-0.0010547222
1786046400058,2026-08-06T20:00:00.058+00:00,xyz:SMSN,-1.58214e-05,-0.000553143
1786050000092,2026-08-06T21:00:00.092+00:00,xyz:SMSN,-3.27696e-05,-0.0008243141
1786053600021,2026-08-06T22:00:00.021+00:00,xyz:SMSN,0.0001584726,0.0028355623
1786057200017,2026-08-06T23:00:00.017+00:00,xyz:SMSN,0.0001134918,0.0021158695
1786060800071,2026-08-07T00:00:00.071+00:00,xyz:SMSN,6.25e-06,-7.4332e-05
1786064400023,2026-08-07T01:00:00.023+00:00,xyz:SMSN,1.73312e-05,0.000577299
1786068000044,2026-08-07T02:00:00.044+00:00,xyz:SMSN,-3.63863e-05,-0.00088218
1786071600048,2026-08-07T03:00:00.048+00:00,xyz:SMSN,-1.4502e-06,-0.0003232025
1786075200000,2026-08-07T04:00:00.000+00:00,xyz:SMSN,4.9179e-06,-0.0002213139
1786078800013,2026-08-07T05:00:00.013+00:00,xyz:SMSN,3.02537e-05,0.0007840593
1786082400046,2026-08-07T06:00:00.046+00:00,xyz:SMSN,6.38542e-05,0.0013216677
1786086000038,2026-08-07T07:00:00.038+00:00,xyz:SMSN,9.70184e-05,0.0018522951
1786089600012,2026-08-07T08:00:00.012+00:00,xyz:SMSN,0.000174,0.0030840005
1786093200017,2026-08-07T09:00:00.017+00:00,xyz:SMSN,7.38282e-05,0.0014812512
1786096800000,2026-08-07T10:00:00.000+00:00,xyz:SMSN,3.51279e-05,0.000862047
1786100400051,2026-08-07T11:00:00.051+00:00,xyz:SMSN,-2.82377e-05,-0.0007518039
1786104000050,2026-08-07T12:00:00.050+00:00,xyz:SMSN,5.9212e-06,-0.0002052614
1786107600003,2026-08-07T13:00:00.003+00:00,xyz:SMSN,0.0003424339,0.0057789425
1786111200035,2026-08-07T14:00:00.035+00:00,xyz:SMSN,-0.0001239815,-0.0022837042
1786114800012,2026-08-07T15:00:00.012+00:00,xyz:SMSN,-0.0008998014,-0.0146968228
1786118400008,2026-08-07T16:00:00.008+00:00,xyz:SMSN,0.0001736596,0.0030785543
1786122000017,2026-08-07T17:00:00.017+00:00,xyz:SMSN,-2.44251e-05,-0.0006908019
1786125600061,2026-08-07T18:00:00.061+00:00,xyz:SMSN,6.6487e-06,0.0004063798
1786129200031,2026-08-07T19:00:00.031+00:00,xyz:SMSN,-4.26578e-05,-0.0009825249
1786132800028,2026-08-07T20:00:00.028+00:00,xyz:SMSN,0.0002718622,0.0046497957
1786136400024,2026-08-07T21:00:00.024+00:00,xyz:SMSN,9.73382e-05,0.0018574106
1786140000013,2026-08-07T22:00:00.013+00:00,xyz:SMSN,3.10128e-05,0.0007962055
1786143600070,2026-08-07T23:00:00.070+00:00,xyz:SMSN,3.28499e-05,0.0008255989
1786147200060,2026-08-08T00:00:00.060+00:00,xyz:SMSN,4.99127e-05,0.0010986027
1786150800011,2026-08-08T01:00:00.011+00:00,xyz:SMSN,6.30481e-05,0.0013087703
1786154400046,2026-08-08T02:00:00.046+00:00,xyz:SMSN,6.25e-06,0.0003385824
1786158000038,2026-08-08T03:00:00.038+00:00,xyz:SMSN,2.94127e-05,0.000770604
1786161600048,2026-08-08T04:00:00.048+00:00,xyz:SMSN,6.431e-07,-0.0002897104
1786165200025,2026-08-08T05:00:00.025+00:00,xyz:SMSN,-1.27583e-05,-0.0005041321
1786168800010,2026-08-08T06:00:00.010+00:00,xyz:SMSN,6.2255e-06,-0.0002003918
1786172400028,2026-08-08T07:00:00.028+00:00,xyz:SMSN,6.25e-06,4.19003e-05
1786176000037,2026-08-08T08:00:00.037+00:00,xyz:SMSN,6.25e-06,0.0003545268
1786179600020,2026-08-08T09:00:00.020+00:00,xyz:SMSN,6.25e-06,0.0002954479
1786183200032,2026-08-08T10:00:00.032+00:00,xyz:SMSN,6.25e-06,0.0003706304
1786186800028,2026-08-08T11:00:00.028+00:00,xyz:SMSN,4.85937e-05,0.0010774991
1786190400039,2026-08-08T12:00:00.039+00:00,xyz:SMSN,3.45719e-05,0.0008531503
1786194000048,2026-08-08T13:00:00.048+00:00,xyz:SMSN,8.3922e-06,0.0004342758
1786197600061,2026-08-08T14:00:00.061+00:00,xyz:SMSN,0.0001816979,0.0032071662
1786201200039,2026-08-08T15:00:00.039+00:00,xyz:SMSN,4.00398e-05,0.0009406368
1786204800048,2026-08-08T16:00:00.048+00:00,xyz:SMSN,3.73992e-05,0.0008983876
1786208400045,2026-08-08T17:00:00.045+00:00,xyz:SMSN,8.4058e-06,0.0004344922
1786212000001,2026-08-08T18:00:00.001+00:00,xyz:SMSN,6.25e-06,0.0003386986
1786215600054,2026-08-08T19:00:00.054+00:00,xyz:SMSN,-8.4706e-06,-0.0004355288
1786219200029,2026-08-08T20:00:00.029+00:00,xyz:SMSN,6.25e-06,4.2509e-06
1786222800040,2026-08-08T21:00:00.040+00:00,xyz:SMSN,-1.24594e-05,-0.0004993505
1786226400055,2026-08-08T22:00:00.055+00:00,xyz:SMSN,-7.897e-07,-0.0003126356
1786230000029,2026-08-08T23:00:00.029+00:00,xyz:SMSN,5.2424e-06,-0.0002161221
1786233600006,2026-08-09T00:00:00.006+00:00,xyz:SMSN,1.5247e-06,-0.0002756047
1786237200048,2026-08-09T01:00:00.048+00:00,xyz:SMSN,6.25e-06,0.0002395468
1786240800010,2026-08-09T02:00:00.010+00:00,xyz:SMSN,-6.51407e-05,-0.001342252
1786244400022,2026-08-09T03:00:00.022+00:00,xyz:SMSN,-1.13598e-05,-0.0004817561
1786248000019,2026-08-09T04:00:00.019+00:00,xyz:SMSN,6.25e-06,0.0002429022
1786251600037,2026-08-09T05:00:00.037+00:00,xyz:SMSN,2.04961e-05,0.0006279374
1786255200035,2026-08-09T06:00:00.035+00:00,xyz:SMSN,6.25e-06,0.0001637745
1786258800066,2026-08-09T07:00:00.066+00:00,xyz:SMSN,3.88159e-05,0.0009210547
1786262400003,2026-08-09T08:00:00.003+00:00,xyz:SMSN,-2.6491e-05,-0.0007238554
1786266000034,2026-08-09T09:00:00.034+00:00,xyz:SMSN,-2.87735e-05,-0.0007603754
1786269600046,2026-08-09T10:00:00.046+00:00,xyz:SMSN,-1.15502e-05,-0.0004848039
1786273200046,2026-08-09T11:00:00.046+00:00,xyz:SMSN,6.25e-06,0.000102918
1786276800041,2026-08-09T12:00:00.041+00:00,xyz:SMSN,7.5357e-06,0.0004205714
1786280400020,2026-08-09T13:00:00.020+00:00,xyz:SMSN,6.25e-06,9.5097e-05
1786284000018,2026-08-09T14:00:00.018+00:00,xyz:SMSN,6.25e-06,1.24782e-05
1786287600054,2026-08-09T15:00:00.054+00:00,xyz:SMSN,6.25e-06,0.0001290943
1786291200032,2026-08-09T16:00:00.032+00:00,xyz:SMSN,2.00435e-05,0.0006206953
1786294800013,2026-08-09T17:00:00.013+00:00,xyz:SMSN,1.60689e-05,0.000557102
1786298400017,2026-08-09T18:00:00.017+00:00,xyz:SMSN,3.1513e-05,0.0008042074
1786302000035,2026-08-09T19:00:00.035+00:00,xyz:SMSN,2.358e-05,0.0006772793
1786305600032,2026-08-09T20:00:00.032+00:00,xyz:SMSN,6.25e-06,0.0002233951
1786309200021,2026-08-09T21:00:00.021+00:00,xyz:SMSN,6.25e-06,-0.000124489
1786312800020,2026-08-09T22:00:00.020+00:00,xyz:SMSN,-4.70471e-05,-0.0010527544
1786316400017,2026-08-09T23:00:00.017+00:00,xyz:SMSN,-8.46411e-05,-0.0016542574
1786320000029,2026-08-10T00:00:00.029+00:00,xyz:SMSN,6.25e-06,0.0001638964
1786323600030,2026-08-10T01:00:00.030+00:00,xyz:SMSN,5.92539e-05,0.001248063
1786327200015,2026-08-10T02:00:00.015+00:00,xyz:SMSN,6.92656e-05,0.0014082497
1786330800079,2026-08-10T03:00:00.079+00:00,xyz:SMSN,7.67635e-05,0.0015282156
1786334400005,2026-08-10T04:00:00.005+00:00,xyz:SMSN,7.98005e-05,0.0015768085
1786338000028,2026-08-10T05:00:00.028+00:00,xyz:SMSN,9.18486e-05,0.0017695778
1786341600066,2026-08-10T06:00:00.066+00:00,xyz:SMSN,0.000112088,0.0020934082
1786345200068,2026-08-10T07:00:00.068+00:00,xyz:SMSN,6.45813e-05,0.0013333016
1786348800043,2026-08-10T08:00:00.043+00:00,xyz:SMSN,6.25e-06,0.000174255
1786352400010,2026-08-10T09:00:00.010+00:00,xyz:SMSN,4.8605e-05,0.00107768
1786356000067,2026-08-10T10:00:00.067+00:00,xyz:SMSN,-1.30022e-05,-0.0005080348
1786359600043,2026-08-10T11:00:00.043+00:00,xyz:SMSN,-2.52221e-05,-0.0007035537
1786363200013,2026-08-10T12:00:00.013+00:00,xyz:SMSN,-0.0002571285,-0.0044140562
1786366800029,2026-08-10T13:00:00.029+00:00,xyz:SMSN,-0.0001743111,-0.0030889775
1786370400065,2026-08-10T14:00:00.065+00:00,xyz:SMSN,6.25e-06,-2.01753e-05
1786374000001,2026-08-10T15:00:00.001+00:00,xyz:SMSN,4.94178e-05,0.0010906853
1786377600020,2026-08-10T16:00:00.020+00:00,xyz:SMSN,4.36129e-05,0.0009978065
1786381200047,2026-08-10T17:00:00.047+00:00,xyz:SMSN,6.19835e-05,0.0012917363
1786384800012,2026-08-10T18:00:00.012+00:00,xyz:SMSN,6.25e-06,0.000247554
1786388400045,2026-08-10T19:00:00.045+00:00,xyz:SMSN,-4.78078e-05,-0.0010649244
1786392000074,2026-08-10T20:00:00.074+00:00,xyz:SMSN,-3.18506e-05,-0.0008096094
1786395600052,2026-08-10T21:00:00.052+00:00,xyz:SMSN,-0.0001145324,-0.0021325187
1786399200028,2026-08-10T22:00:00.028+00:00,xyz:SMSN,6.25e-06,-5.7e-07
1786402800066,2026-08-10T23:00:00.066+00:00,xyz:SMSN,3.2153e-06,-0.0002485554
1786406400019,2026-08-11T00:00:00.019+00:00,xyz:SMSN,1.72063e-05,0.0005753003
1786410000033,2026-08-11T01:00:00.033+00:00,xyz:SMSN,1.0098e-05,0.0004615679
1786413600013,2026-08-11T02:00:00.013+00:00,xyz:SMSN,-7.5063e-06,-0.0004201003
1786417200120,2026-08-11T03:00:00.120+00:00,xyz:SMSN,6.25e-06,-1.86782e-05
1786420800086,2026-08-11T04:00:00.086+00:00,xyz:SMSN,6.25e-06,0.0001974275
1786424400010,2026-08-11T05:00:00.010+00:00,xyz:SMSN,-9.1274e-06,-0.0004460383
1786428000024,2026-08-11T06:00:00.024+00:00,xyz:SMSN,6.25e-06,-3.38149e-05
1786431600002,2026-08-11T07:00:00.002+00:00,xyz:SMSN,-2.17245e-05,-0.0006475924
1786435200091,2026-08-11T08:00:00.091+00:00,xyz:SMSN,-5.18488e-05,-0.0011295806
1786438800123,2026-08-11T09:00:00.123+00:00,xyz:SMSN,-4.0253e-05,-0.0009440487
1786442400054,2026-08-11T10:00:00.054+00:00,xyz:SMSN,-6.55385e-05,-0.0013486159
1786446000035,2026-08-11T11:00:00.035+00:00,xyz:SMSN,-0.000103429,-0.0019548638
1786449600025,2026-08-11T12:00:00.025+00:00,xyz:SMSN,-5.21793e-05,-0.001134868
1786453200053,2026-08-11T13:00:00.053+00:00,xyz:SMSN,6.16092e-05,0.0012857464
1786456800065,2026-08-11T14:00:00.065+00:00,xyz:SMSN,7.28569e-05,0.0014657104
1786460400033,2026-08-11T15:00:00.033+00:00,xyz:SMSN,0.0001490086,0.0026841371
1786464000039,2026-08-11T16:00:00.039+00:00,xyz:SMSN,6.25e-06,-0.0001727171
1786467600008,2026-08-11T17:00:00.008+00:00,xyz:SMSN,6.25e-06,-0.0001273611
1786471200017,2026-08-11T18:00:00.017+00:00,xyz:SMSN,-7.40897e-05,-0.0014854348
1786474800065,2026-08-11T19:00:00.065+00:00,xyz:SMSN,1.9146e-06,-0.000269366
1786478400007,2026-08-11T20:00:00.007+00:00,xyz:SMSN,0.0001224756,0.0022596102
1786482000039,2026-08-11T21:00:00.039+00:00,xyz:SMSN,9.56887e-05,0.0018310185
1786485600006,2026-08-11T22:00:00.006+00:00,xyz:SMSN,-4.48951e-05,-0.0010183214
1786489200043,2026-08-11T23:00:00.043+00:00,xyz:SMSN,2.9773e-05,0.0007763676
1786492800012,2026-08-12T00:00:00.012+00:00,xyz:SMSN,2.6768e-05,0.0007282886
1786496400060,2026-08-12T01:00:00.060+00:00,xyz:SMSN,-5.10302e-05,-0.0011164831
1786500000027,2026-08-12T02:00:00.027+00:00,xyz:SMSN,-6.36377e-05,-0.0013182028
1786503600031,2026-08-12T03:00:00.031+00:00,xyz:SMSN,-7.4393e-05,-0.001490288
1786507200057,2026-08-12T04:00:00.057+00:00,xyz:SMSN,-2.99315e-05,-0.0007789039
1786510800031,2026-08-12T05:00:00.031+00:00,xyz:SMSN,-3.5999e-06,-0.0003575977
1786514400069,2026-08-12T06:00:00.069+00:00,xyz:SMSN,1.84499e-05,0.000595199
1786518000076,2026-08-12T07:00:00.076+00:00,xyz:SMSN,2.47181e-05,0.0006954891
1786521600044,2026-08-12T08:00:00.044+00:00,xyz:SMSN,-6.9658e-05,-0.0014145277
1786525200033,2026-08-12T09:00:00.033+00:00,xyz:SMSN,-7.5086e-06,-0.0004201373
1786528800035,2026-08-12T10:00:00.035+00:00,xyz:SMSN,-7.37848e-05,-0.0014805569
1786532400013,2026-08-12T11:00:00.013+00:00,xyz:SMSN,-9.63922e-05,-0.0018422758
1786536000003,2026-08-12T12:00:00.003+00:00,xyz:SMSN,6.25e-06,0.0002463716
1786539600045,2026-08-12T13:00:00.045+00:00,xyz:SMSN,0.0002720893,0.004653429
1786543200026,2026-08-12T14:00:00.026+00:00,xyz:SMSN,0.0003968385,0.0066494156
1786546800037,2026-08-12T15:00:00.037+00:00,xyz:SMSN,1.8631e-06,-0.00027019
1786550400020,2026-08-12T16:00:00.020+00:00,xyz:SMSN,-7.61752e-05,-0.0015188024
1786554000021,2026-08-12T17:00:00.021+00:00,xyz:SMSN,-8.20397e-05,-0.0016126359
1786557600049,2026-08-12T18:00:00.049+00:00,xyz:SMSN,0.000104628,0.0019740482
1786561200060,2026-08-12T19:00:00.060+00:00,xyz:SMSN,2.00256e-05,0.0006204099
1786564800062,2026-08-12T20:00:00.062+00:00,xyz:SMSN,-4.05691e-05,-0.0009491055
1786568400071,2026-08-12T21:00:00.071+00:00,xyz:SMSN,5.49867e-05,0.0011797877
1786572000056,2026-08-12T22:00:00.056+00:00,xyz:SMSN,5.62016e-05,0.0011992256
1786575600064,2026-08-12T23:00:00.064+00:00,xyz:SMSN,-7.02852e-05,-0.0014245631
1786579200046,2026-08-13T00:00:00.046+00:00,xyz:SMSN,-2.79255e-05,-0.0007468082
1786582800018,2026-08-13T01:00:00.018+00:00,xyz:SMSN,-2.60702e-05,-0.0007171236
1786586400072,2026-08-13T02:00:00.072+00:00,xyz:SMSN,-9.59566e-05,-0.0018353062
1786590000097,2026-08-13T03:00:00.097+00:00,xyz:SMSN,-8.3309e-05,-0.001632944
1786593600123,2026-08-13T04:00:00.123+00:00,xyz:SMSN,-4.1181e-05,-0.0009588959
1786597200043,2026-08-13T05:00:00.043+00:00,xyz:SMSN,-5.31713e-05,-0.0011507401
1786600800032,2026-08-13T06:00:00.032+00:00,xyz:SMSN,-5.82164e-05,-0.001231462
1786604400024,2026-08-13T07:00:00.024+00:00,xyz:SMSN,-1.88119e-05,-0.0006009909
1786608000011,2026-08-13T08:00:00.011+00:00,xyz:SMSN,-9.96844e-05,-0.0018949511
1786611600047,2026-08-13T09:00:00.047+00:00,xyz:SMSN,2.3189e-05,0.0006710236
1786615200040,2026-08-13T10:00:00.040+00:00,xyz:SMSN,3.98931e-05,0.0009382893
1786618800125,2026-08-13T11:00:00.125+00:00,xyz:SMSN,4.27456e-05,0.0009839296
1786622400048,2026-08-13T12:00:00.048+00:00,xyz:SMSN,1.83793e-05,0.0005940691
1786626000026,2026-08-13T13:00:00.026+00:00,xyz:SMSN,-1.6395e-05,-0.0005623195
1786629600026,2026-08-13T14:00:00.026+00:00,xyz:SMSN,0.0003048226,0.005177161
1786633200005,2026-08-13T15:00:00.005+00:00,xyz:SMSN,0.0004663099,0.0077609585
1786636800072,2026-08-13T16:00:00.072+00:00,xyz:SMSN,0.0004371201,0.0072939216
1786640400027,2026-08-13T17:00:00.027+00:00,xyz:SMSN,-3.28612e-05,-0.0008257789
1786644000032,2026-08-13T18:00:00.032+00:00,xyz:SMSN,2.67748e-05,0.0007283961
1786647600022,2026-08-13T19:00:00.022+00:00,xyz:SMSN,-6.52963e-05,-0.0013447405
1786651200056,2026-08-13T20:00:00.056+00:00,xyz:SMSN,-0.0001105179,-0.0020682867
1786654800006,2026-08-13T21:00:00.006+00:00,xyz:SMSN,0.0001001348,0.0019021576
1786658400055,2026-08-13T22:00:00.055+00:00,xyz:SMSN,6.15736e-05,0.0012851776
1786662000040,2026-08-13T23:00:00.040+00:00,xyz:SMSN,0.0002399715,0.0041395433
1786665600060,2026-08-14T00:00:00.060+00:00,xyz:SMSN,-0.0001003579,-0.0019057264
1786669200013,2026-08-14T01:00:00.013+00:00,xyz:SMSN,-2.05606e-05,-0.0006289701
1786672800047,2026-08-14T02:00:00.047+00:00,xyz:SMSN,-1.8042e-05,-0.000588672
1786676400046,2026-08-14T03:00:00.046+00:00,xyz:SMSN,-1.70647e-05,-0.0005730354
1786680000050,2026-08-14T04:00:00.050+00:00,xyz:SMSN,6.25e-06,-1.9631e-06
1786683600014,2026-08-14T05:00:00.014+00:00,xyz:SMSN,6.25e-06,-0.0001105012
1786687200046,2026-08-14T06:00:00.046+00:00,xyz:SMSN,-2.1014e-05,-0.0006362239
1786690800020,2026-08-14T07:00:00.020+00:00,xyz:SMSN,-1.61339e-05,-0.000558142
1786694400030,2026-08-14T08:00:00.030+00:00,xyz:SMSN,6.25e-06,-0.000166064
1786698000057,2026-08-14T09:00:00.057+00:00,xyz:SMSN,-2.59221e-05,-0.000714753
1786701600038,2026-08-14T10:00:00.038+00:00,xyz:SMSN,3.42495e-05,0.000847992
1786705200029,2026-08-14T11:00:00.029+00:00,xyz:SMSN,5.62953e-05,0.0012007244
1786708800062,2026-08-14T12:00:00.062+00:00,xyz:SMSN,0.0002076488,0.0036223808
1786712400063,2026-08-14T13:00:00.063+00:00,xyz:SMSN,-6.09145e-05,-0.0012746323
1786716000048,2026-08-14T14:00:00.048+00:00,xyz:SMSN,-0.0002173714,-0.0037779428
1786719600028,2026-08-14T15:00:00.028+00:00,xyz:SMSN,-3.73926e-05,-0.000898282
1786723200013,2026-08-14T16:00:00.013+00:00,xyz:SMSN,-0.0004126656,-0.0069026499
1786726800010,2026-08-14T17:00:00.010+00:00,xyz:SMSN,-0.0001487897,-0.0026806358
1786730400038,2026-08-14T18:00:00.038+00:00,xyz:SMSN,-0.0001050473,-0.0019807567
1786734000057,2026-08-14T19:00:00.057+00:00,xyz:SMSN,3.07906e-05,0.0007926499
1786737600048,2026-08-14T20:00:00.048+00:00,xyz:SMSN,6.25e-06,-1.73107e-05
1786741200016,2026-08-14T21:00:00.016+00:00,xyz:SMSN,1.68092e-05,0.0005689478
1786744800052,2026-08-14T22:00:00.052+00:00,xyz:SMSN,-6.5358e-06,-0.000404573
1786748400048,2026-08-14T23:00:00.048+00:00,xyz:SMSN,6.25e-06,-4.15529e-05
1786752000032,2026-08-15T00:00:00.032+00:00,xyz:SMSN,3.1756e-06,-0.00024919
1786755600063,2026-08-15T01:00:00.063+00:00,xyz:SMSN,-1.16715e-05,-0.0004867448
1786759200031,2026-08-15T02:00:00.031+00:00,xyz:SMSN,-1.20074e-05,-0.0004921188
1786762800040,2026-08-15T03:00:00.040+00:00,xyz:SMSN,-3.16253e-05,-0.0008060046
1786766400026,2026-08-15T04:00:00.026+00:00,xyz:SMSN,4.41053e-05,0.0010056849
1786770000075,2026-08-15T05:00:00.075+00:00,xyz:SMSN,3.4285e-05,0.0008485607
1786773600058,2026-08-15T06:00:00.058+00:00,xyz:SMSN,1.25805e-05,0.0005012875
1786777200046,2026-08-15T07:00:00.046+00:00,xyz:SMSN,6.25e-06,-6.14766e-05
1786780800048,2026-08-15T08:00:00.048+00:00,xyz:SMSN,8.88447e-05,0.0017215144
1786784400009,2026-08-15T09:00:00.009+00:00,xyz:SMSN,1.95743e-05,0.0006131896
1786788000038,2026-08-15T10:00:00.038+00:00,xyz:SMSN,-9.5908e-06,-0.0004534522
1786791600009,2026-08-15T11:00:00.009+00:00,xyz:SMSN,6.25e-06,-6.76995e-05
1786795200003,2026-08-15T12:00:00.003+00:00,xyz:SMSN,1.71667e-05,0.0005746664
1786798800064,2026-08-15T13:00:00.064+00:00,xyz:SMSN,6.25e-06,0.000241971
1786802400035,2026-08-15T14:00:00.035+00:00,xyz:SMSN,6.25e-06,0.0001475415
1786806000026,2026-08-15T15:00:00.026+00:00,xyz:SMSN,6.25e-06,0.0003268925
1786809600025,2026-08-15T16:00:00.025+00:00,xyz:SMSN,4.23433e-05,0.0009774933
1786813200049,2026-08-15T17:00:00.049+00:00,xyz:SMSN,6.25e-06,-0.0001364277
1786816800053,2026-08-15T18:00:00.053+00:00,xyz:SMSN,6.25e-06,0.0002176708
1786820400035,2026-08-15T19:00:00.035+00:00,xyz:SMSN,6.25e-06,0.0001136994
1786824000048,2026-08-15T20:00:00.048+00:00,xyz:SMSN,3.58042e-05,0.0008728678
1786827600042,2026-08-15T21:00:00.042+00:00,xyz:SMSN,6.25e-06,0.0002149687
1786831200030,2026-08-15T22:00:00.030+00:00,xyz:SMSN,6.25e-06,-0.000125128
1786834800020,2026-08-15T23:00:00.020+00:00,xyz:SMSN,-3.08302e-05,-0.0007932832
1786838400059,2026-08-16T00:00:00.059+00:00,xyz:SMSN,6.25e-06,3.1258e-06
1786842000030,2026-08-16T01:00:00.030+00:00,xyz:SMSN,6.25e-06,4.53537e-05
1786845600028,2026-08-16T02:00:00.028+00:00,xyz:SMSN,7.6623e-06,0.0004225963
1786849200043,2026-08-16T03:00:00.043+00:00,xyz:SMSN,6.01988e-05,0.0012631809
1786852800072,2026-08-16T04:00:00.072+00:00,xyz:SMSN,7.64747e-05,0.0015235945
1786856400022,2026-08-16T05:00:00.022+00:00,xyz:SMSN,1.41514e-05,0.0005264217
1786860000092,2026-08-16T06:00:00.092+00:00,xyz:SMSN,1.5199e-05,0.0005431838
1786863600086,2026-08-16T07:00:00.086+00:00,xyz:SMSN,1.08181e-05,0.0004730899
1786867200034,2026-08-16T08:00:00.034+00:00,xyz:SMSN,-2.90436e-05,-0.0007646974
1786870800012,2026-08-16T09:00:00.012+00:00,xyz:SMSN,6.047e-06,-0.0002032477
1786874400004,2026-08-16T10:00:00.004+00:00,xyz:SMSN,-4.88828e-05,-0.0010821254
1786878000134,2026-08-16T11:00:00.134+00:00,xyz:SMSN,-4.0712e-06,-0.0003651393
1786881600014,2026-08-16T12:00:00.014+00:00,xyz:SMSN,6.25e-06,-0.00015944
1786885200034,2026-08-16T13:00:00.034+00:00,xyz:SMSN,-5.52715e-05,-0.0011843438
1786888800046,2026-08-16T14:00:00.046+00:00,xyz:SMSN,-4.92013e-05,-0.0010872213
1786892400056,2026-08-16T15:00:00.056+00:00,xyz:SMSN,6.25e-06,0.0001814219
1786896000003,2026-08-16T16:00:00.003+00:00,xyz:SMSN,4.34922e-05,0.0009958746
1786899600005,2026-08-16T17:00:00.005+00:00,xyz:SMSN,4.16214e-05,0.000965942
1786903200030,2026-08-16T18:00:00.030+00:00,xyz:SMSN,6.4461e-06,0.0004031371
1786906800057,2026-08-16T19:00:00.057+00:00,xyz:SMSN,6.25e-06,2.2629e-05
1786910400038,2026-08-16T20:00:00.038+00:00,xyz:SMSN,-3.83564e-05,-0.0009137017
1786914000030,2026-08-16T21:00:00.030+00:00,xyz:SMSN,-2.81544e-05,-0.0007504705
1786917600053,2026-08-16T22:00:00.053+00:00,xyz:SMSN,-3.7886e-06,-0.0003606183
1786921200029,2026-08-16T23:00:00.029+00:00,xyz:SMSN,-3.12611e-05,-0.0008001774
1786924800025,2026-08-17T00:00:00.025+00:00,xyz:SMSN,-3.01376e-05,-0.0007822009
1786928400034,2026-08-17T01:00:00.034+00:00,xyz:SMSN,9.62033e-05,0.0018392521
1786932000055,2026-08-17T02:00:00.055+00:00,xyz:SMSN,0.0001642246,0.0029275941
1786935600039,2026-08-17T03:00:00.039+00:00,xyz:SMSN,0.0001657935,0.0029526954
1786939200011,2026-08-17T04:00:00.011+00:00,xyz:SMSN,0.0001816196,0.0032059137
1786942800046,2026-08-17T05:00:00.046+00:00,xyz:SMSN,0.0001466501,0.0026464023
1786946400026,2026-08-17T06:00:00.026+00:00,xyz:SMSN,0.0001189794,0.0022036703
1786950000030,2026-08-17T07:00:00.030+00:00,xyz:SMSN,5.48688e-05,0.0011779013
1786953600026,2026-08-17T08:00:00.026+00:00,xyz:SMSN,6.00191e-05,0.0012603051
1786957200049,2026-08-17T09:00:00.049+00:00,xyz:SMSN,0.0001122694,0.0020963108
1786960800068,2026-08-17T10:00:00.068+00:00,xyz:SMSN,-2.54394e-05,-0.0007070299
1786964400045,2026-08-17T11:00:00.045+00:00,xyz:SMSN,8.9787e-05,0.0017365916
1786968000013,2026-08-17T12:00:00.013+00:00,xyz:SMSN,-6.67968e-05,-0.0013687494
1786971600064,2026-08-17T13:00:00.064+00:00,xyz:SMSN,-7.59495e-05,-0.0015151921
1786975200067,2026-08-17T14:00:00.067+00:00,xyz:SMSN,0.000203443,0.0035550885
1786978800001,2026-08-17T15:00:00.001+00:00,xyz:SMSN,0.0004715042,0.0078440673
1786982400046,2026-08-17T16:00:00.046+00:00,xyz:SMSN,0.0001599723,0.002859556
1786986000061,2026-08-17T17:00:00.061+00:00,xyz:SMSN,2.0347e-06,-0.0002674455
1786989600005,2026-08-17T18:00:00.005+00:00,xyz:SMSN,-0.0001829015,-0.0032264242
1786993200018,2026-08-17T19:00:00.018+00:00,xyz:SMSN,-0.0001647302,-0.0029356829
1786996800034,2026-08-17T20:00:00.034+00:00,xyz:SMSN,-0.0001281083,-0.0023497327
1787000400020,2026-08-17T21:00:00.020+00:00,xyz:SMSN,-2.79669e-05,-0.0007474702
1787004000010,2026-08-17T22:00:00.010+00:00,xyz:SMSN,3.48035e-05,0.0008568563
1787007600046,2026-08-17T23:00:00.046+00:00,xyz:SMSN,0.0001839334,0.0032429351
1787011200058,2026-08-18T00:00:00.058+00:00,xyz:SMSN,2.99249e-05,0.0007787991
1787014800012,2026-08-18T01:00:00.012+00:00,xyz:SMSN,-0.0001344523,-0.0024512364
1787018400015,2026-08-18T02:00:00.015+00:00,xyz:SMSN,-0.0001569417,-0.002811067
1787022000001,2026-08-18T03:00:00.001+00:00,xyz:SMSN,-0.0001278127,-0.0023450039
1787025600049,2026-08-18T04:00:00.049+00:00,xyz:SMSN,-7.47107e-05,-0.0014953709
1787029200016,2026-08-18T05:00:00.016+00:00,xyz:SMSN,-6.10592e-05,-0.0012769465
1787032800017,2026-08-18T06:00:00.017+00:00,xyz:SMSN,-3.64972e-05,-0.0008839547
1787036400068,2026-08-18T07:00:00.068+00:00,xyz:SMSN,-8.7272e-05,-0.0016963515
1787040000049,2026-08-18T08:00:00.049+00:00,xyz:SMSN,-5.37271e-05,-0.0011596336
1787043600052,2026-08-18T09:00:00.052+00:00,xyz:SMSN,-1.70505e-05,-0.0005728087
1787047200049,2026-08-18T10:00:00.049+00:00,xyz:SMSN,-7.78605e-05,-0.0015457677
1787050800026,2026-08-18T11:00:00.026+00:00,xyz:SMSN,-9.28249e-05,-0.0017851982
1787054400045,2026-08-18T12:00:00.045+00:00,xyz:SMSN,3.37599e-05,0.0008401586
1787058000003,2026-08-18T13:00:00.003+00:00,xyz:SMSN,-7.45391e-05,-0.0014926257
1787061600021,2026-08-18T14:00:00.021+00:00,xyz:SMSN,-7.39073e-05,-0.0014825173
