{
  "id": 39293263,
  "ask_contract_id": 39293263,
  "machine_id": 107251,
  "host_id": 531902,
  "gpu_name": "H100 NVL",
  "gpu_ram": 95830,
  "num_gpus": 1,
  "driver_version": "580.126.20",
  "cuda_max_good": 13.0,
  "reliability2": 0.9918545,
  "dph_total": 2.6680555555555556,
  "verification": "verified",
  "direct_port_count": 998,
  "static_ip": true,
  "inet_down": 34958.4,
  "inet_up": 4762.0,
  "generated_at": "2026-06-03T13:31:05Z"
}
