{
  "id": 36371403,
  "ask_contract_id": 36371403,
  "machine_id": 67296,
  "host_id": 404057,
  "gpu_name": "H100 SXM",
  "gpu_ram": 81559,
  "num_gpus": 1,
  "driver_version": "580.159.03",
  "cuda_max_good": 13.0,
  "reliability2": 0.9963413,
  "dph_total": 2.6680555555555556,
  "verification": "verified",
  "direct_port_count": 1249,
  "static_ip": true,
  "inet_down": 4663.8,
  "inet_up": 500.5,
  "generated_at": "2026-06-03T13:31:05Z"
}
